donorID,predicted_proba,contact_flag
D134242,0.8545162,DO_NOT_MAIL
D126503,0.003539917,DO_NOT_MAIL
D104392,0.009710132,DO_NOT_MAIL
D105905,0.17860168,DO_NOT_MAIL
D120506,0.90379035,DO_NOT_MAIL
D128540,0.018927881,DO_NOT_MAIL
D126159,0.97037226,MAIL
D141462,0.0030401903,DO_NOT_MAIL
D140682,0.27389178,DO_NOT_MAIL
D133551,0.98307866,MAIL
D102019,0.93474895,DO_NOT_MAIL
D105175,0.92532676,DO_NOT_MAIL
D111013,0.64520997,DO_NOT_MAIL
D144019,0.0056703086,DO_NOT_MAIL
D131199,0.0062510795,DO_NOT_MAIL
D142468,0.07668002,DO_NOT_MAIL
D121937,0.99329513,MAIL
D107681,0.8852851,DO_NOT_MAIL
D113805,0.9859474,MAIL
D112360,0.96184963,MAIL
D114420,0.9452456,DO_NOT_MAIL
D135378,0.17345065,DO_NOT_MAIL
D138381,0.24384122,DO_NOT_MAIL
D133011,0.9257085,DO_NOT_MAIL
D136120,0.94288254,DO_NOT_MAIL
D105054,0.001848932,DO_NOT_MAIL
D110537,0.84869266,DO_NOT_MAIL
D143137,0.030678445,DO_NOT_MAIL
D133273,0.39383292,DO_NOT_MAIL
D124016,0.71282405,DO_NOT_MAIL
D109613,0.9854085,MAIL
D125090,0.9720347,MAIL
D134162,0.8619678,DO_NOT_MAIL
D102042,0.9779025,MAIL
D136934,0.9788103,MAIL
D126262,0.9781587,MAIL
D113933,0.0539042,DO_NOT_MAIL
D119380,0.022965014,DO_NOT_MAIL
D100249,0.02941452,DO_NOT_MAIL
D117440,0.97373116,MAIL
D131283,0.07731607,DO_NOT_MAIL
D139543,0.017138178,DO_NOT_MAIL
D111228,0.09452224,DO_NOT_MAIL
D135548,0.83729506,DO_NOT_MAIL
D104585,0.8983231,DO_NOT_MAIL
D102087,0.14476453,DO_NOT_MAIL
D126860,0.9358564,DO_NOT_MAIL
D120710,0.98834795,MAIL
D142371,0.05154694,DO_NOT_MAIL
D125901,0.87192446,DO_NOT_MAIL
D132052,0.3428064,DO_NOT_MAIL
D110640,0.73969823,DO_NOT_MAIL
D121011,0.8943701,DO_NOT_MAIL
D110607,0.8764,DO_NOT_MAIL
D112443,0.0024943182,DO_NOT_MAIL
D110218,0.9401205,DO_NOT_MAIL
D110015,0.79660517,DO_NOT_MAIL
D127700,0.9858009,MAIL
D114247,0.78250086,DO_NOT_MAIL
D122641,0.82004774,DO_NOT_MAIL
D123227,0.97171783,MAIL
D103057,0.8576082,DO_NOT_MAIL
D138110,0.00077540026,DO_NOT_MAIL
D103992,0.79660517,DO_NOT_MAIL
D139274,0.97272146,MAIL
D133143,0.8764,DO_NOT_MAIL
D140608,0.009778482,DO_NOT_MAIL
D137320,0.00037365864,DO_NOT_MAIL
D120195,0.96121466,MAIL
D144652,0.9278522,DO_NOT_MAIL
D135074,0.2897877,DO_NOT_MAIL
D120797,0.9834034,MAIL
D137241,0.95111847,DO_NOT_MAIL
D123448,0.007894169,DO_NOT_MAIL
D127181,0.8332882,DO_NOT_MAIL
D143400,0.0461707,DO_NOT_MAIL
D133585,0.02310205,DO_NOT_MAIL
D129281,0.81474036,DO_NOT_MAIL
D106420,0.83729506,DO_NOT_MAIL
D120310,0.969633,MAIL
D100875,0.9640741,MAIL
D129379,0.81131417,DO_NOT_MAIL
D129171,0.02914476,DO_NOT_MAIL
D135592,0.06613534,DO_NOT_MAIL
D134625,0.70131403,DO_NOT_MAIL
D101112,0.7332227,DO_NOT_MAIL
D115541,0.9718807,MAIL
D117581,0.9685836,MAIL
D105378,0.43124834,DO_NOT_MAIL
D102661,0.9347862,DO_NOT_MAIL
D107960,0.92924166,DO_NOT_MAIL
D122968,0.8165528,DO_NOT_MAIL
D120026,0.93300116,DO_NOT_MAIL
D122244,0.9602031,MAIL
D128645,0.014836652,DO_NOT_MAIL
D133355,0.00037538793,DO_NOT_MAIL
D115905,0.6648818,DO_NOT_MAIL
D117502,0.94440866,DO_NOT_MAIL
D116338,0.9463768,DO_NOT_MAIL
D127497,0.9940221,MAIL
D125673,0.018551592,DO_NOT_MAIL
D114453,0.04585702,DO_NOT_MAIL
D123338,0.9708299,MAIL
D143900,0.020988649,DO_NOT_MAIL
D132439,0.9802091,MAIL
D109393,0.9807499,MAIL
D128763,0.9118403,DO_NOT_MAIL
D133177,0.8415551,DO_NOT_MAIL
D124227,0.11921409,DO_NOT_MAIL
D110430,0.824826,DO_NOT_MAIL
D126070,0.320609,DO_NOT_MAIL
D103038,0.2394468,DO_NOT_MAIL
D140029,0.2694482,DO_NOT_MAIL
D125784,0.96996504,MAIL
D123829,0.87599576,DO_NOT_MAIL
D100711,0.9675739,MAIL
D104178,0.8054332,DO_NOT_MAIL
D127045,0.8892806,DO_NOT_MAIL
D109694,0.99292165,MAIL
D122069,0.9347862,DO_NOT_MAIL
D106310,0.031975597,DO_NOT_MAIL
D122041,0.010957959,DO_NOT_MAIL
D115706,0.066626355,DO_NOT_MAIL
D113290,0.90447336,DO_NOT_MAIL
D100556,0.9642926,MAIL
D133029,0.9225519,DO_NOT_MAIL
D139558,0.12273738,DO_NOT_MAIL
D130931,0.97374177,MAIL
D142127,0.039313983,DO_NOT_MAIL
D116669,0.96707946,MAIL
D119194,0.62353516,DO_NOT_MAIL
D130875,0.991771,MAIL
D135370,0.8881598,DO_NOT_MAIL
D116520,0.03750677,DO_NOT_MAIL
D139370,0.15496312,DO_NOT_MAIL
D127695,0.9412208,DO_NOT_MAIL
D117497,0.9802091,MAIL
D109328,0.76219136,DO_NOT_MAIL
D122865,0.005538494,DO_NOT_MAIL
D113674,0.98479754,MAIL
D139537,0.981837,MAIL
D138496,0.16243538,DO_NOT_MAIL
D136521,0.6690531,DO_NOT_MAIL
D130420,0.000213838,DO_NOT_MAIL
D106548,0.8576082,DO_NOT_MAIL
D115251,0.039313983,DO_NOT_MAIL
D135629,0.012944937,DO_NOT_MAIL
D115788,0.98014534,MAIL
D135068,0.92095155,DO_NOT_MAIL
D124642,0.9349788,DO_NOT_MAIL
D134467,0.824826,DO_NOT_MAIL
D122703,0.47156852,DO_NOT_MAIL
D131575,0.97696793,MAIL
D129204,0.1018852,DO_NOT_MAIL
D102874,0.9347862,DO_NOT_MAIL
D109978,0.6545905,DO_NOT_MAIL
D111174,0.881872,DO_NOT_MAIL
D133071,0.2918457,DO_NOT_MAIL
D100789,0.9822939,MAIL
D108569,0.98628366,MAIL
D101757,0.81474036,DO_NOT_MAIL
D143951,0.29898152,DO_NOT_MAIL
D107102,0.9892512,MAIL
D111014,0.9654538,MAIL
D137752,0.00027573013,DO_NOT_MAIL
D144358,0.8960219,DO_NOT_MAIL
D124514,0.7037504,DO_NOT_MAIL
D103311,0.9305908,DO_NOT_MAIL
D144060,0.01942555,DO_NOT_MAIL
D128133,0.0027032206,DO_NOT_MAIL
D101994,0.8399911,DO_NOT_MAIL
D136426,0.88421595,DO_NOT_MAIL
D128219,0.65463436,DO_NOT_MAIL
D104928,0.9349788,DO_NOT_MAIL
D138999,0.08693355,DO_NOT_MAIL
D118484,0.7646645,DO_NOT_MAIL
D118000,0.9720426,MAIL
D113192,0.85204154,DO_NOT_MAIL
D143537,0.0018214501,DO_NOT_MAIL
D113080,0.85991716,DO_NOT_MAIL
D112140,0.8054332,DO_NOT_MAIL
D135345,0.89230096,DO_NOT_MAIL
D137972,0.0017813898,DO_NOT_MAIL
D114553,0.26938996,DO_NOT_MAIL
D136775,0.14903131,DO_NOT_MAIL
D144146,0.50435233,DO_NOT_MAIL
D142829,0.01766272,DO_NOT_MAIL
D130339,0.8341275,DO_NOT_MAIL
D142848,0.06506621,DO_NOT_MAIL
D131863,0.8846277,DO_NOT_MAIL
D104526,0.9009107,DO_NOT_MAIL
D105255,0.99396163,MAIL
D115762,0.9724357,MAIL
D112460,0.97524184,MAIL
D119099,0.9736867,MAIL
D119667,0.85608035,DO_NOT_MAIL
D100511,0.21440679,DO_NOT_MAIL
D127449,0.80330753,DO_NOT_MAIL
D139447,0.3678985,DO_NOT_MAIL
D139738,0.019927153,DO_NOT_MAIL
D101287,0.9685309,MAIL
D116260,0.93471134,DO_NOT_MAIL
D137623,0.90379035,DO_NOT_MAIL
D133160,0.99169123,MAIL
D135925,0.9244456,DO_NOT_MAIL
D116988,0.9452905,DO_NOT_MAIL
D117021,0.9792474,MAIL
D122096,0.8638606,DO_NOT_MAIL
D116670,0.8225216,DO_NOT_MAIL
D101433,0.96483654,MAIL
D118574,0.9637091,MAIL
D120340,0.026873497,DO_NOT_MAIL
D137092,0.29277852,DO_NOT_MAIL
D134262,0.88971186,DO_NOT_MAIL
D121195,0.93909353,DO_NOT_MAIL
D101716,0.5399626,DO_NOT_MAIL
D108156,0.9212338,DO_NOT_MAIL
D137366,0.002638962,DO_NOT_MAIL
D133589,0.68963706,DO_NOT_MAIL
D105570,0.88971186,DO_NOT_MAIL
D132894,0.8054332,DO_NOT_MAIL
D125068,0.99320257,MAIL
D105218,0.22893168,DO_NOT_MAIL
D105087,0.04682216,DO_NOT_MAIL
D107054,0.15094782,DO_NOT_MAIL
D100637,0.56299716,DO_NOT_MAIL
D137591,0.9329747,DO_NOT_MAIL
D143280,0.02012339,DO_NOT_MAIL
D119869,0.9349788,DO_NOT_MAIL
D131105,0.017601306,DO_NOT_MAIL
D126850,0.8399356,DO_NOT_MAIL
D125507,0.9768689,MAIL
D121197,0.9584709,MAIL
D102947,0.9914443,MAIL
D140832,0.018570539,DO_NOT_MAIL
D114359,0.8545162,DO_NOT_MAIL
D120529,0.97373116,MAIL
D131698,0.98307866,MAIL
D123433,0.9689106,MAIL
D123831,0.93013823,DO_NOT_MAIL
D102523,0.86137545,DO_NOT_MAIL
D130942,0.36774158,DO_NOT_MAIL
D127266,0.9656056,MAIL
D139997,0.83460116,DO_NOT_MAIL
D117958,0.6469854,DO_NOT_MAIL
D105075,0.0061833304,DO_NOT_MAIL
D109244,0.96184963,MAIL
D121524,0.93471134,DO_NOT_MAIL
D127012,0.8167604,DO_NOT_MAIL
D105939,0.98631525,MAIL
D107578,0.07327921,DO_NOT_MAIL
D129093,0.0016364278,DO_NOT_MAIL
D127255,0.96596277,MAIL
D144403,0.0763121,DO_NOT_MAIL
D131984,0.9358564,DO_NOT_MAIL
D128234,0.96184963,MAIL
D111159,0.9006484,DO_NOT_MAIL
D120483,0.9711856,MAIL
D106581,0.967649,MAIL
D135957,0.54785824,DO_NOT_MAIL
D129182,0.11719406,DO_NOT_MAIL
D136383,0.96707946,MAIL
D106099,0.09312213,DO_NOT_MAIL
D114644,0.05526799,DO_NOT_MAIL
D110412,0.29273427,DO_NOT_MAIL
D129155,0.8546097,DO_NOT_MAIL
D134032,0.93013823,DO_NOT_MAIL
D126839,0.9770189,MAIL
D129283,0.9909848,MAIL
D125637,0.94440866,DO_NOT_MAIL
D121702,0.9675739,MAIL
D111087,0.7332227,DO_NOT_MAIL
D117715,0.8892487,DO_NOT_MAIL
D127350,0.98943824,MAIL
D133653,0.5925024,DO_NOT_MAIL
D130857,0.8276394,DO_NOT_MAIL
D140863,0.016068928,DO_NOT_MAIL
D118295,0.9714092,MAIL
D105208,0.9698342,MAIL
D106671,0.93728566,DO_NOT_MAIL
D108257,0.50989306,DO_NOT_MAIL
D142403,0.0667966,DO_NOT_MAIL
D138882,0.0070334584,DO_NOT_MAIL
D101752,0.9735162,MAIL
D125243,0.95690113,MAIL
D124500,0.85934186,DO_NOT_MAIL
D130294,0.9903143,MAIL
D126889,0.0029499203,DO_NOT_MAIL
D130306,0.81131417,DO_NOT_MAIL
D120379,0.40978232,DO_NOT_MAIL
D131295,0.027019208,DO_NOT_MAIL
D109494,0.0038702018,DO_NOT_MAIL
D124470,0.04718064,DO_NOT_MAIL
D121706,0.76219136,DO_NOT_MAIL
D108032,0.082332864,DO_NOT_MAIL
D107151,0.80390793,DO_NOT_MAIL
D101841,0.9747672,MAIL
D116097,0.79660517,DO_NOT_MAIL
D143797,0.02635755,DO_NOT_MAIL
D118450,0.8973301,DO_NOT_MAIL
D117054,0.01981113,DO_NOT_MAIL
D135153,0.90380585,DO_NOT_MAIL
D103528,0.9799463,MAIL
D128949,0.8665668,DO_NOT_MAIL
D139471,0.9669453,MAIL
D118088,0.9917236,MAIL
D126046,0.9302993,DO_NOT_MAIL
D109717,0.8732268,DO_NOT_MAIL
D104615,0.31933388,DO_NOT_MAIL
D141200,0.02789217,DO_NOT_MAIL
D123467,0.005889935,DO_NOT_MAIL
D143904,0.22865471,DO_NOT_MAIL
D140718,0.07274847,DO_NOT_MAIL
D111594,0.7646645,DO_NOT_MAIL
D115678,0.93300116,DO_NOT_MAIL
D120058,0.9306288,DO_NOT_MAIL
D123599,0.88336307,DO_NOT_MAIL
D137543,0.047571298,DO_NOT_MAIL
D135923,0.8597004,DO_NOT_MAIL
D125351,0.9418153,DO_NOT_MAIL
D142734,0.045178037,DO_NOT_MAIL
D105827,0.62193674,DO_NOT_MAIL
D134964,0.21629032,DO_NOT_MAIL
D120855,0.99405515,MAIL
D133660,0.022561882,DO_NOT_MAIL
D142264,0.11311527,DO_NOT_MAIL
D106649,0.91175425,DO_NOT_MAIL
D143944,0.020988649,DO_NOT_MAIL
D130721,0.93806165,DO_NOT_MAIL
D139182,0.14271604,DO_NOT_MAIL
D111148,0.022200448,DO_NOT_MAIL
D108517,0.89608073,DO_NOT_MAIL
D123569,0.95294404,MAIL
D132938,0.7304995,DO_NOT_MAIL
D140351,0.8313015,DO_NOT_MAIL
D141619,0.16040921,DO_NOT_MAIL
D137667,0.072244935,DO_NOT_MAIL
D124985,0.79660517,DO_NOT_MAIL
D102864,0.99181,MAIL
D142220,0.012010367,DO_NOT_MAIL
D131277,0.96632427,MAIL
D109209,0.004875487,DO_NOT_MAIL
D135630,0.8595816,DO_NOT_MAIL
D131571,0.982343,MAIL
D103106,0.9274354,DO_NOT_MAIL
D126814,0.73969823,DO_NOT_MAIL
D136445,0.068294875,DO_NOT_MAIL
D125603,0.9333508,DO_NOT_MAIL
D118167,0.76219136,DO_NOT_MAIL
D120912,0.9859474,MAIL
D109782,0.18751429,DO_NOT_MAIL
D134425,0.9788905,MAIL
D118727,0.7969786,DO_NOT_MAIL
D116533,0.97720313,MAIL
D134830,0.24886306,DO_NOT_MAIL
D133772,0.5925024,DO_NOT_MAIL
D132363,0.5905936,DO_NOT_MAIL
D110765,0.0956952,DO_NOT_MAIL
D128897,0.011490165,DO_NOT_MAIL
D106838,0.039210804,DO_NOT_MAIL
D107502,0.86922854,DO_NOT_MAIL
D135935,0.48083556,DO_NOT_MAIL
D117088,0.5753784,DO_NOT_MAIL
D122179,0.94612527,DO_NOT_MAIL
D113190,0.89545536,DO_NOT_MAIL
D135711,0.0014742096,DO_NOT_MAIL
D122690,0.9548616,MAIL
D122876,0.9738531,MAIL
D131543,0.98287404,MAIL
D130938,0.37157932,DO_NOT_MAIL
D112576,0.98471385,MAIL
D103348,0.8427521,DO_NOT_MAIL
D142806,0.14062761,DO_NOT_MAIL
D113129,0.25236526,DO_NOT_MAIL
D111104,0.6547513,DO_NOT_MAIL
D122233,0.9788836,MAIL
D140234,0.09869256,DO_NOT_MAIL
D144350,0.74183184,DO_NOT_MAIL
D119773,0.6118895,DO_NOT_MAIL
D106231,0.1885642,DO_NOT_MAIL
D125961,0.044117782,DO_NOT_MAIL
D107145,0.992475,MAIL
D129895,0.8852851,DO_NOT_MAIL
D119750,0.90379035,DO_NOT_MAIL
D113196,0.00022997042,DO_NOT_MAIL
D104294,0.20361225,DO_NOT_MAIL
D142508,0.9947714,MAIL
D110194,0.8916998,DO_NOT_MAIL
D118979,0.6747217,DO_NOT_MAIL
D108992,0.13877055,DO_NOT_MAIL
D141740,0.43311498,DO_NOT_MAIL
D131071,0.017438645,DO_NOT_MAIL
D140389,0.043471377,DO_NOT_MAIL
D109720,0.8165528,DO_NOT_MAIL
D124858,0.8545162,DO_NOT_MAIL
D124588,0.32895365,DO_NOT_MAIL
D129512,0.9174485,DO_NOT_MAIL
D127145,0.81474036,DO_NOT_MAIL
D124531,0.028195858,DO_NOT_MAIL
D106464,0.039407298,DO_NOT_MAIL
D107515,0.8555772,DO_NOT_MAIL
D114394,0.92848164,DO_NOT_MAIL
D103464,0.96617204,MAIL
D137215,0.11740955,DO_NOT_MAIL
D102078,0.9062348,DO_NOT_MAIL
D110982,0.004736063,DO_NOT_MAIL
D132577,0.012505677,DO_NOT_MAIL
D115944,0.8545162,DO_NOT_MAIL
D132228,0.9779025,MAIL
D114362,0.95741403,MAIL
D105341,0.6547513,DO_NOT_MAIL
D103090,0.046822257,DO_NOT_MAIL
D102456,0.1444582,DO_NOT_MAIL
D136106,0.18715186,DO_NOT_MAIL
D125101,0.9062348,DO_NOT_MAIL
D103626,0.9003407,DO_NOT_MAIL
D135341,0.07253056,DO_NOT_MAIL
D140634,0.23507641,DO_NOT_MAIL
D141451,0.025960974,DO_NOT_MAIL
D128076,0.64596087,DO_NOT_MAIL
D137358,0.005656828,DO_NOT_MAIL
D136225,0.6469854,DO_NOT_MAIL
D118357,0.9926387,MAIL
D127811,0.15371509,DO_NOT_MAIL
D138136,0.9781473,MAIL
D129713,0.7819923,DO_NOT_MAIL
D133427,0.010027823,DO_NOT_MAIL
D142684,0.9594293,MAIL
D139974,0.015530498,DO_NOT_MAIL
D128114,0.0011666641,DO_NOT_MAIL
D126479,0.94245774,DO_NOT_MAIL
D133414,0.7889207,DO_NOT_MAIL
D141936,0.007371074,DO_NOT_MAIL
D102160,0.8434482,DO_NOT_MAIL
D105935,0.92095155,DO_NOT_MAIL
D119747,0.18414882,DO_NOT_MAIL
D107050,0.01772777,DO_NOT_MAIL
D103843,0.26300365,DO_NOT_MAIL
D123751,0.9642926,MAIL
D128504,0.85608035,DO_NOT_MAIL
D106696,0.091522515,DO_NOT_MAIL
D111443,0.6640927,DO_NOT_MAIL
D114519,0.6640927,DO_NOT_MAIL
D141827,0.019052139,DO_NOT_MAIL
D102599,0.08154787,DO_NOT_MAIL
D108696,0.84686965,DO_NOT_MAIL
D113442,0.83709186,DO_NOT_MAIL
D141363,0.007890223,DO_NOT_MAIL
D143104,0.0054203537,DO_NOT_MAIL
D101949,0.6506156,DO_NOT_MAIL
D138106,0.30936873,DO_NOT_MAIL
D140920,0.97945124,MAIL
D129380,0.96551836,MAIL
D112855,0.02861527,DO_NOT_MAIL
D138682,0.045536634,DO_NOT_MAIL
D114636,0.014161272,DO_NOT_MAIL
D118116,0.88971186,DO_NOT_MAIL
D131535,0.89230096,DO_NOT_MAIL
D114191,0.334851,DO_NOT_MAIL
D113553,0.0020548492,DO_NOT_MAIL
D123505,0.973722,MAIL
D133919,0.064916186,DO_NOT_MAIL
D112296,0.67464757,DO_NOT_MAIL
D132175,0.6226235,DO_NOT_MAIL
D115955,0.96551836,MAIL
D113954,0.96828955,MAIL
D114447,0.9356742,DO_NOT_MAIL
D136886,0.00014061198,DO_NOT_MAIL
D131492,0.49427056,DO_NOT_MAIL
D138486,0.48109448,DO_NOT_MAIL
D102306,0.8780275,DO_NOT_MAIL
D127334,0.8881598,DO_NOT_MAIL
D144605,0.037036207,DO_NOT_MAIL
D115578,0.12157471,DO_NOT_MAIL
D126826,0.21988787,DO_NOT_MAIL
D112723,0.6106876,DO_NOT_MAIL
D105706,0.6240543,DO_NOT_MAIL
D107367,0.98014534,MAIL
D123201,0.19623986,DO_NOT_MAIL
D131781,0.010896647,DO_NOT_MAIL
D101437,0.9583937,MAIL
D107005,0.015563412,DO_NOT_MAIL
D101898,0.9908025,MAIL
D100085,0.010628692,DO_NOT_MAIL
D143755,0.00033112644,DO_NOT_MAIL
D112065,0.92532676,DO_NOT_MAIL
D133415,0.7480704,DO_NOT_MAIL
D117595,0.9748004,MAIL
D105436,0.00022522493,DO_NOT_MAIL
D117484,0.9549817,MAIL
D115013,0.5391542,DO_NOT_MAIL
D123153,0.015752591,DO_NOT_MAIL
D143270,0.98750824,MAIL
D131787,0.9788103,MAIL
D123511,0.93161374,DO_NOT_MAIL
D126234,0.718007,DO_NOT_MAIL
D134297,0.0036256178,DO_NOT_MAIL
D109960,0.6469854,DO_NOT_MAIL
D102621,0.9349788,DO_NOT_MAIL
D143663,0.002657229,DO_NOT_MAIL
D139924,0.016240152,DO_NOT_MAIL
D108791,0.9347862,DO_NOT_MAIL
D110086,0.96626717,MAIL
D113575,0.011385541,DO_NOT_MAIL
D139969,0.18075837,DO_NOT_MAIL
D136000,0.47545454,DO_NOT_MAIL
D110648,0.9916916,MAIL
D107865,0.0700658,DO_NOT_MAIL
D129542,0.1567649,DO_NOT_MAIL
D116609,0.017933201,DO_NOT_MAIL
D132585,0.058783364,DO_NOT_MAIL
D106319,0.117654,DO_NOT_MAIL
D106031,0.46400115,DO_NOT_MAIL
D105499,0.041897025,DO_NOT_MAIL
D111337,0.007226644,DO_NOT_MAIL
D120197,0.9658242,MAIL
D128139,0.0030416155,DO_NOT_MAIL
D111364,0.0010212599,DO_NOT_MAIL
D101877,0.9913448,MAIL
D101995,0.020404384,DO_NOT_MAIL
D107425,0.82066286,DO_NOT_MAIL
D138505,0.0016380278,DO_NOT_MAIL
D103289,0.86137646,DO_NOT_MAIL
D115232,0.013370526,DO_NOT_MAIL
D120729,0.76365095,DO_NOT_MAIL
D103366,0.9662585,MAIL
D140159,0.19370803,DO_NOT_MAIL
D116056,0.9748004,MAIL
D134113,0.43265626,DO_NOT_MAIL
D137192,0.08082516,DO_NOT_MAIL
D124192,0.07839398,DO_NOT_MAIL
D128545,0.0043813046,DO_NOT_MAIL
D102683,0.052549895,DO_NOT_MAIL
D144141,0.2919886,DO_NOT_MAIL
D125813,0.98946196,MAIL
D115205,0.00459705,DO_NOT_MAIL
D105818,0.657778,DO_NOT_MAIL
D132977,0.14032179,DO_NOT_MAIL
D100131,0.23432696,DO_NOT_MAIL
D132462,0.001526492,DO_NOT_MAIL
D136324,0.83528817,DO_NOT_MAIL
D104608,0.3127211,DO_NOT_MAIL
D141779,0.06911489,DO_NOT_MAIL
D114008,0.75467706,DO_NOT_MAIL
D128934,0.009900919,DO_NOT_MAIL
D119054,0.9762113,MAIL
D143822,0.009224026,DO_NOT_MAIL
D120271,0.040530965,DO_NOT_MAIL
D113636,0.89608073,DO_NOT_MAIL
D100584,0.7304995,DO_NOT_MAIL
D115732,0.96176934,MAIL
D113201,0.33857346,DO_NOT_MAIL
D138698,0.9617312,MAIL
D101360,0.9258597,DO_NOT_MAIL
D108039,0.9306288,DO_NOT_MAIL
D123837,0.24697387,DO_NOT_MAIL
D111404,0.92709506,DO_NOT_MAIL
D137792,0.46340913,DO_NOT_MAIL
D104067,0.1504872,DO_NOT_MAIL
D114657,0.22687677,DO_NOT_MAIL
D128067,0.51592714,DO_NOT_MAIL
D117995,0.114873365,DO_NOT_MAIL
D104026,0.19649795,DO_NOT_MAIL
D119231,0.5000924,DO_NOT_MAIL
D119687,0.7177682,DO_NOT_MAIL
D130618,0.29273427,DO_NOT_MAIL
D115480,0.6106876,DO_NOT_MAIL
D122807,0.967649,MAIL
D144139,0.0003072002,DO_NOT_MAIL
D143372,0.9111417,DO_NOT_MAIL
D111806,0.3856706,DO_NOT_MAIL
D107353,0.104172714,DO_NOT_MAIL
D103285,0.93025255,DO_NOT_MAIL
D126676,0.002421098,DO_NOT_MAIL
D121993,0.8472271,DO_NOT_MAIL
D100004,0.9443709,DO_NOT_MAIL
D136887,0.69809425,DO_NOT_MAIL
D128703,0.96176934,MAIL
D102105,0.07192842,DO_NOT_MAIL
D108617,0.6469854,DO_NOT_MAIL
D126523,0.81474036,DO_NOT_MAIL
D105053,0.9337538,DO_NOT_MAIL
D143473,0.30720353,DO_NOT_MAIL
D135560,0.9793005,MAIL
D141542,0.027062736,DO_NOT_MAIL
D139889,0.39955312,DO_NOT_MAIL
D115852,0.99300885,MAIL
D122820,0.8211532,DO_NOT_MAIL
D123586,0.88891864,DO_NOT_MAIL
D115496,0.9462837,DO_NOT_MAIL
D138807,0.01762538,DO_NOT_MAIL
D103770,0.0034196621,DO_NOT_MAIL
D136538,2.8946888e-05,DO_NOT_MAIL
D125136,0.00020139744,DO_NOT_MAIL
D135888,0.5301392,DO_NOT_MAIL
D107437,0.14352274,DO_NOT_MAIL
D138383,0.06779951,DO_NOT_MAIL
D131777,0.17373522,DO_NOT_MAIL
D132496,0.93161374,DO_NOT_MAIL
D132848,0.24784227,DO_NOT_MAIL
D109943,0.8546097,DO_NOT_MAIL
D121967,0.82409686,DO_NOT_MAIL
D129751,0.9347862,DO_NOT_MAIL
D139875,0.9780553,MAIL
D141746,0.20923941,DO_NOT_MAIL
D100750,0.8234934,DO_NOT_MAIL
D121146,0.06361915,DO_NOT_MAIL
D126191,0.9266282,DO_NOT_MAIL
D110211,0.47663742,DO_NOT_MAIL
D114045,0.7819923,DO_NOT_MAIL
D142271,0.6570015,DO_NOT_MAIL
D109179,0.93806165,DO_NOT_MAIL
D126622,0.0009339053,DO_NOT_MAIL
D134987,0.0059276656,DO_NOT_MAIL
D134511,0.6690531,DO_NOT_MAIL
D141823,0.13759676,DO_NOT_MAIL
D130582,0.027885485,DO_NOT_MAIL
D127917,0.03244779,DO_NOT_MAIL
D120142,0.90447336,DO_NOT_MAIL
D105397,0.98286635,MAIL
D122229,0.9782883,MAIL
D142941,0.13115877,DO_NOT_MAIL
D105203,0.98307866,MAIL
D113646,0.6765861,DO_NOT_MAIL
D111058,0.22093585,DO_NOT_MAIL
D131911,0.958693,MAIL
D112493,0.48708087,DO_NOT_MAIL
D129833,0.9834034,MAIL
D122196,0.56299716,DO_NOT_MAIL
D109786,0.969633,MAIL
D144482,0.8492089,DO_NOT_MAIL
D104892,0.68927664,DO_NOT_MAIL
D140327,0.2981936,DO_NOT_MAIL
D135718,0.85991716,DO_NOT_MAIL
D115994,0.62353516,DO_NOT_MAIL
D116827,0.9669261,MAIL
D139158,0.18942314,DO_NOT_MAIL
D122245,0.95294404,MAIL
D140621,0.11051807,DO_NOT_MAIL
D123380,0.0020121213,DO_NOT_MAIL
D144410,0.019055458,DO_NOT_MAIL
D121964,0.00031305992,DO_NOT_MAIL
D123394,0.025677525,DO_NOT_MAIL
D141580,0.014935457,DO_NOT_MAIL
D119179,0.9332782,DO_NOT_MAIL
D135807,0.03900716,DO_NOT_MAIL
D100418,0.94245774,DO_NOT_MAIL
D113546,0.90179396,DO_NOT_MAIL
D134594,0.9747672,MAIL
D109892,0.992475,MAIL
D141265,0.08092121,DO_NOT_MAIL
D133845,0.7037504,DO_NOT_MAIL
D109964,0.1798748,DO_NOT_MAIL
D109592,0.9334319,DO_NOT_MAIL
D100489,0.9810497,MAIL
D128731,0.96996504,MAIL
D115656,0.9009107,DO_NOT_MAIL
D125871,0.3127211,DO_NOT_MAIL
D121381,0.9930816,MAIL
D124820,0.93806165,DO_NOT_MAIL
D108435,0.9554237,MAIL
D105168,0.9708299,MAIL
D118794,0.8291849,DO_NOT_MAIL
D132682,0.561406,DO_NOT_MAIL
D141306,0.013635828,DO_NOT_MAIL
D127768,0.6555909,DO_NOT_MAIL
D105235,0.7861124,DO_NOT_MAIL
D126146,0.9922355,MAIL
D109065,0.019763837,DO_NOT_MAIL
D113625,0.025172172,DO_NOT_MAIL
D128220,0.05946072,DO_NOT_MAIL
D117233,0.9317418,DO_NOT_MAIL
D124249,0.9274354,DO_NOT_MAIL
D141615,0.8986892,DO_NOT_MAIL
D137265,0.8961919,DO_NOT_MAIL
D111530,0.89545536,DO_NOT_MAIL
D123457,0.96245515,MAIL
D112299,0.97908825,MAIL
D142106,0.057054028,DO_NOT_MAIL
D114750,0.21613288,DO_NOT_MAIL
D130397,0.9768689,MAIL
D121269,0.002815621,DO_NOT_MAIL
D105531,0.16609254,DO_NOT_MAIL
D140691,0.92468995,DO_NOT_MAIL
D118831,0.971221,MAIL
D118392,0.009452585,DO_NOT_MAIL
D144393,0.97578216,MAIL
D115657,0.059790526,DO_NOT_MAIL
D106579,0.90992284,DO_NOT_MAIL
D143545,0.007930926,DO_NOT_MAIL
D105323,0.8881598,DO_NOT_MAIL
D117620,0.56008244,DO_NOT_MAIL
D137778,0.0032199414,DO_NOT_MAIL
D111382,0.97037226,MAIL
D102285,0.004581495,DO_NOT_MAIL
D139939,0.9394266,DO_NOT_MAIL
D143090,0.009418722,DO_NOT_MAIL
D116442,0.9748004,MAIL
D133268,0.96659976,MAIL
D124490,0.058544625,DO_NOT_MAIL
D130263,0.67464757,DO_NOT_MAIL
D129617,0.10029491,DO_NOT_MAIL
D135757,0.9302993,DO_NOT_MAIL
D127233,0.7392137,DO_NOT_MAIL
D102560,0.01158037,DO_NOT_MAIL
D130905,0.05607688,DO_NOT_MAIL
D115109,0.13245514,DO_NOT_MAIL
D100081,0.08494532,DO_NOT_MAIL
D111937,0.6240543,DO_NOT_MAIL
D128311,0.3983598,DO_NOT_MAIL
D117480,0.84229296,DO_NOT_MAIL
D118754,0.9491667,DO_NOT_MAIL
D118358,0.9921514,MAIL
D116095,0.83528817,DO_NOT_MAIL
D143626,0.052504864,DO_NOT_MAIL
D106522,0.8846277,DO_NOT_MAIL
D123776,0.9656056,MAIL
D115391,0.8838868,DO_NOT_MAIL
D120730,0.14864023,DO_NOT_MAIL
D100655,0.9257085,DO_NOT_MAIL
D107173,0.9934628,MAIL
D113576,0.8986892,DO_NOT_MAIL
D135310,0.969633,MAIL
D121513,0.97521484,MAIL
D141171,0.14428811,DO_NOT_MAIL
D122104,0.15160641,DO_NOT_MAIL
D139365,0.19478223,DO_NOT_MAIL
D129946,0.37099186,DO_NOT_MAIL
D116193,0.6106876,DO_NOT_MAIL
D142334,0.13731408,DO_NOT_MAIL
D125679,0.0061763106,DO_NOT_MAIL
D101933,0.08845167,DO_NOT_MAIL
D119798,0.9062348,DO_NOT_MAIL
D142495,0.012192203,DO_NOT_MAIL
D123502,0.93320036,DO_NOT_MAIL
D108227,0.63208497,DO_NOT_MAIL
D102791,0.6810641,DO_NOT_MAIL
D120787,0.5943451,DO_NOT_MAIL
D102323,0.043354318,DO_NOT_MAIL
D103724,0.32006264,DO_NOT_MAIL
D119077,0.96921176,MAIL
D112487,0.9225519,DO_NOT_MAIL
D111586,0.8846277,DO_NOT_MAIL
D104487,0.0038683012,DO_NOT_MAIL
D110608,0.13030578,DO_NOT_MAIL
D110397,0.91175425,DO_NOT_MAIL
D130302,0.88336307,DO_NOT_MAIL
D125717,0.8427521,DO_NOT_MAIL
D108426,0.96341926,MAIL
D122686,0.47305262,DO_NOT_MAIL
D134641,0.9756825,MAIL
D100437,0.99034715,MAIL
D103145,0.98510695,MAIL
D121731,0.01872833,DO_NOT_MAIL
D129378,0.80627024,DO_NOT_MAIL
D109419,0.01401068,DO_NOT_MAIL
D127726,0.79437804,DO_NOT_MAIL
D124738,0.122021966,DO_NOT_MAIL
D143274,0.067623466,DO_NOT_MAIL
D116211,0.76365095,DO_NOT_MAIL
D123883,0.9506359,DO_NOT_MAIL
D138567,0.022182826,DO_NOT_MAIL
D115972,0.94440866,DO_NOT_MAIL
D132068,0.83449954,DO_NOT_MAIL
D118726,0.92517847,DO_NOT_MAIL
D122218,0.86922854,DO_NOT_MAIL
D117106,0.98286635,MAIL
D106871,0.881872,DO_NOT_MAIL
D103418,0.82409686,DO_NOT_MAIL
D137336100,0.9981806,MAIL
D119071,0.9412208,DO_NOT_MAIL
D139416,0.035457127,DO_NOT_MAIL
D114973,0.8638606,DO_NOT_MAIL
D138131,0.0861857,DO_NOT_MAIL
D113271,0.9821608,MAIL
D128235,0.9913448,MAIL
D122054,0.101083145,DO_NOT_MAIL
D113538,0.037867296,DO_NOT_MAIL
D101168,0.6816522,DO_NOT_MAIL
D100975,0.8629213,DO_NOT_MAIL
D116416,0.9278522,DO_NOT_MAIL
D138742,0.37335363,DO_NOT_MAIL
D134360,0.699739,DO_NOT_MAIL
D120130,0.67464757,DO_NOT_MAIL
D111354,0.80441886,DO_NOT_MAIL
D139732,0.016115595,DO_NOT_MAIL
D107361,0.009446988,DO_NOT_MAIL
D136313,0.0026030887,DO_NOT_MAIL
D123294,0.98471385,MAIL
D140509,0.026245723,DO_NOT_MAIL
D110310,0.02524352,DO_NOT_MAIL
D133404,0.90302545,DO_NOT_MAIL
D124879,0.9584709,MAIL
D139918,0.9769488,MAIL
D129123,0.92517847,DO_NOT_MAIL
D108398,0.97275996,MAIL
D106004,0.003622527,DO_NOT_MAIL
D142361,0.56905544,DO_NOT_MAIL
D122111,0.6469854,DO_NOT_MAIL
D144010,0.0071272,DO_NOT_MAIL
D102727,0.94440866,DO_NOT_MAIL
D124167,0.94602615,DO_NOT_MAIL
D138591,0.000767691,DO_NOT_MAIL
D111057,0.718007,DO_NOT_MAIL
D116009,0.8447092,DO_NOT_MAIL
D112920,0.81131417,DO_NOT_MAIL
D120888,0.63461775,DO_NOT_MAIL
D128945,0.016297607,DO_NOT_MAIL
D115076,0.49332187,DO_NOT_MAIL
D100069,0.9004054,DO_NOT_MAIL
D130668,0.977445,MAIL
D144363,0.0016513381,DO_NOT_MAIL
D127214,0.140971,DO_NOT_MAIL
D118817,0.27985165,DO_NOT_MAIL
D105059,0.12870148,DO_NOT_MAIL
D113136,0.0009345867,DO_NOT_MAIL
D142877,0.9910874,MAIL
D116363,0.8165528,DO_NOT_MAIL
D111178,0.9412208,DO_NOT_MAIL
D128961,0.9943077,MAIL
D142000,0.058445722,DO_NOT_MAIL
D134508,0.95568097,MAIL
D116816,0.87721014,DO_NOT_MAIL
D120011,0.5243425,DO_NOT_MAIL
D131074,0.9092488,DO_NOT_MAIL
D108471,0.8167604,DO_NOT_MAIL
D103097,0.40978232,DO_NOT_MAIL
D134091,0.079748906,DO_NOT_MAIL
D102254,0.75335276,DO_NOT_MAIL
D119958,0.029300626,DO_NOT_MAIL
D106607,0.009301506,DO_NOT_MAIL
D123060,0.71599865,DO_NOT_MAIL
D124954,0.9733706,MAIL
D109587,0.04984437,DO_NOT_MAIL
D106075,0.9793005,MAIL
D131601,0.89608073,DO_NOT_MAIL
D132366,0.9859474,MAIL
D111525,0.8165528,DO_NOT_MAIL
D106652,0.7952344,DO_NOT_MAIL
D136405,0.83505756,DO_NOT_MAIL
D116583,0.9176977,DO_NOT_MAIL
D119550,0.8167604,DO_NOT_MAIL
D108751,0.00083260407,DO_NOT_MAIL
D139508,0.09875234,DO_NOT_MAIL
D142689,0.18900804,DO_NOT_MAIL
D137982,0.8421116,DO_NOT_MAIL
D129297,0.08950052,DO_NOT_MAIL
D105269,0.9415254,DO_NOT_MAIL
D140747,0.12046248,DO_NOT_MAIL
D103442,0.113578424,DO_NOT_MAIL
D110465,0.91393715,DO_NOT_MAIL
D137064,0.049212497,DO_NOT_MAIL
D136757,0.013254422,DO_NOT_MAIL
D125805,0.018995872,DO_NOT_MAIL
D117812,0.90179396,DO_NOT_MAIL
D138687,0.12712722,DO_NOT_MAIL
D110943,0.031485338,DO_NOT_MAIL
D100725,0.7392137,DO_NOT_MAIL
D126888,0.43296874,DO_NOT_MAIL
D111663,0.96176934,MAIL
D135574,0.98946196,MAIL
D118315,0.05017374,DO_NOT_MAIL
D125921,0.9637091,MAIL
D116784,0.061509524,DO_NOT_MAIL
D122956,0.71599865,DO_NOT_MAIL
D113638,0.84229296,DO_NOT_MAIL
D103833,0.89230096,DO_NOT_MAIL
D126722,0.98862153,MAIL
D120934,0.14413537,DO_NOT_MAIL
D126297,0.5705723,DO_NOT_MAIL
D135035,0.9718807,MAIL
D110563,0.240612,DO_NOT_MAIL
D127064,0.9880015,MAIL
D104652,0.99101263,MAIL
D108808,0.9900693,MAIL
D126384,0.961119,MAIL
D136968,0.16407633,DO_NOT_MAIL
D124764,0.992894,MAIL
D127518,0.84848046,DO_NOT_MAIL
D116348,0.98479754,MAIL
D101320,0.0030684145,DO_NOT_MAIL
D115553,0.96558905,MAIL
D129799,0.9961118,MAIL
D105172,0.979267,MAIL
D113238,2.5614003e-05,DO_NOT_MAIL
D107004,0.9152594,DO_NOT_MAIL
D136200,0.018442415,DO_NOT_MAIL
D112881,0.8211532,DO_NOT_MAIL
D135304,0.16757017,DO_NOT_MAIL
D102089,0.609096,DO_NOT_MAIL
D111782,0.8732268,DO_NOT_MAIL
D117326,0.88879144,DO_NOT_MAIL
D128585,0.00037792372,DO_NOT_MAIL
D144325,0.72603625,DO_NOT_MAIL
D100824,0.8881598,DO_NOT_MAIL
D108850,0.35628545,DO_NOT_MAIL
D104183,0.5052022,DO_NOT_MAIL
D119193,0.70989704,DO_NOT_MAIL
D119089,0.086523086,DO_NOT_MAIL
D132772,0.06035787,DO_NOT_MAIL
D137454,0.13732664,DO_NOT_MAIL
D141003,0.30238843,DO_NOT_MAIL
D100006,0.001267868,DO_NOT_MAIL
D118609,0.44953856,DO_NOT_MAIL
D123818,0.9720347,MAIL
D121065,0.96245515,MAIL
D108689,0.56299716,DO_NOT_MAIL
D138330,0.99450797,MAIL
D101330,0.5925024,DO_NOT_MAIL
D136972,0.47641826,DO_NOT_MAIL
D113328,0.88891864,DO_NOT_MAIL
D102699,0.9025419,DO_NOT_MAIL
D143277,0.07014993,DO_NOT_MAIL
D124179,0.0022997262,DO_NOT_MAIL
D140617,0.007126525,DO_NOT_MAIL
D112686,0.97271967,MAIL
D128236,0.9259016,DO_NOT_MAIL
D116769,0.92150646,DO_NOT_MAIL
D121427,0.98980147,MAIL
D112270,0.15018421,DO_NOT_MAIL
D119966,0.76599276,DO_NOT_MAIL
D111893,0.9922355,MAIL
D130172,0.9290283,DO_NOT_MAIL
D132356,0.831485,DO_NOT_MAIL
D119075,0.97982794,MAIL
D121775,0.83729506,DO_NOT_MAIL
D118971,0.8981577,DO_NOT_MAIL
D141391,0.011961273,DO_NOT_MAIL
D113343,0.56445444,DO_NOT_MAIL
D110687,0.9905811,MAIL
D109779,0.6469854,DO_NOT_MAIL
D111833,0.992894,MAIL
D129415,0.85204154,DO_NOT_MAIL
D103142,0.009265111,DO_NOT_MAIL
D107907,0.80627024,DO_NOT_MAIL
D104323,0.6106876,DO_NOT_MAIL
D108530,0.97970814,MAIL
D119845,0.84848046,DO_NOT_MAIL
D110889,0.9358564,DO_NOT_MAIL
D143056,0.68551546,DO_NOT_MAIL
D130636,0.0031621484,DO_NOT_MAIL
D137959,0.005807081,DO_NOT_MAIL
D138678,0.883944,DO_NOT_MAIL
D107799,0.83709186,DO_NOT_MAIL
D124314,0.2672415,DO_NOT_MAIL
D138077,0.001811054,DO_NOT_MAIL
D142327,0.017990408,DO_NOT_MAIL
D140202,0.025816048,DO_NOT_MAIL
D144035,0.012473648,DO_NOT_MAIL
D113886,0.6469854,DO_NOT_MAIL
D144148,0.034928087,DO_NOT_MAIL
D104045,0.4620666,DO_NOT_MAIL
D116801,0.6913615,DO_NOT_MAIL
D123259,0.063618444,DO_NOT_MAIL
D109097,0.5410151,DO_NOT_MAIL
D127616,0.9581196,MAIL
D136401,0.9836553,MAIL
D112756,0.9811509,MAIL
D100811,0.98286635,MAIL
D144371,0.74852806,DO_NOT_MAIL
D101937,0.8399911,DO_NOT_MAIL
D136110,0.0047999937,DO_NOT_MAIL
D104513,0.015675291,DO_NOT_MAIL
D117778,0.5410151,DO_NOT_MAIL
D126121,0.7747389,DO_NOT_MAIL
D127899,0.80441886,DO_NOT_MAIL
D131203,0.002156606,DO_NOT_MAIL
D111864,0.8981577,DO_NOT_MAIL
D122509,0.95827425,MAIL
D121075,0.80330753,DO_NOT_MAIL
D133657,0.023241194,DO_NOT_MAIL
D114811,0.9917236,MAIL
D102799,0.97166663,MAIL
D124261,0.01609372,DO_NOT_MAIL
D108748,0.02895292,DO_NOT_MAIL
D111513,0.0059848786,DO_NOT_MAIL
D103613,0.93013823,DO_NOT_MAIL
D142732,0.16083519,DO_NOT_MAIL
D123172,0.92521757,DO_NOT_MAIL
D119737,0.0052584,DO_NOT_MAIL
D105050,0.97441304,MAIL
D115868,0.9799463,MAIL
D143996,0.007318842,DO_NOT_MAIL
D125336,0.97693527,MAIL
D125292,0.88971186,DO_NOT_MAIL
D117301,0.7684628,DO_NOT_MAIL
D130317,0.94473964,DO_NOT_MAIL
D117682,0.061619386,DO_NOT_MAIL
D104748,0.90179396,DO_NOT_MAIL
D140491,0.4120709,DO_NOT_MAIL
D128068,0.99243426,MAIL
D139018,0.08983705,DO_NOT_MAIL
D130232,0.37099186,DO_NOT_MAIL
D137397,0.37985092,DO_NOT_MAIL
D115604,0.9584709,MAIL
D102740,0.67464757,DO_NOT_MAIL
D130732,0.089777105,DO_NOT_MAIL
D120951,0.84869266,DO_NOT_MAIL
D142413,0.24389899,DO_NOT_MAIL
D127292,0.94260883,DO_NOT_MAIL
D136665,0.9656056,MAIL
D101087,0.36268032,DO_NOT_MAIL
D118973,0.026826624,DO_NOT_MAIL
D123437,0.25317216,DO_NOT_MAIL
D123576,0.88891864,DO_NOT_MAIL
D127694,0.7392137,DO_NOT_MAIL
D110214,0.7889207,DO_NOT_MAIL
D101011,0.27265978,DO_NOT_MAIL
D128693,6.7566216e-05,DO_NOT_MAIL
D137802,0.26021641,DO_NOT_MAIL
D115757,0.93471134,DO_NOT_MAIL
D110681,0.9676331,MAIL
D111386,0.27520987,DO_NOT_MAIL
D137166,0.10205571,DO_NOT_MAIL
D133051,0.07001033,DO_NOT_MAIL
D128958,0.99171,MAIL
D133625,0.969633,MAIL
D110707,0.93909353,DO_NOT_MAIL
D141430,0.092106484,DO_NOT_MAIL
D134747,0.9834034,MAIL
D113511,0.8838868,DO_NOT_MAIL
D116714,0.8638606,DO_NOT_MAIL
D143536,0.0042562378,DO_NOT_MAIL
D115279,0.35769343,DO_NOT_MAIL
D126827,0.96551836,MAIL
D117444,0.9869551,MAIL
D124090,0.003678537,DO_NOT_MAIL
D114083,0.8546097,DO_NOT_MAIL
D100325,0.9720426,MAIL
D129828,0.52650124,DO_NOT_MAIL
D107741,0.37881243,DO_NOT_MAIL
D143025,0.753722,DO_NOT_MAIL
D140399,0.013557876,DO_NOT_MAIL
D100596,0.96828955,MAIL
D105244,0.9642926,MAIL
D112148,0.3817256,DO_NOT_MAIL
D105241,0.5943451,DO_NOT_MAIL
D101938,0.0019028464,DO_NOT_MAIL
D104919,0.08732636,DO_NOT_MAIL
D138760,0.0828119,DO_NOT_MAIL
D115591,0.8968021,DO_NOT_MAIL
D131318,0.9658472,MAIL
D131167,0.9623464,MAIL
D129658,0.48812792,DO_NOT_MAIL
D133938,0.7819923,DO_NOT_MAIL
D114160,0.62193674,DO_NOT_MAIL
D112955,0.94440866,DO_NOT_MAIL
D112245,0.1331461,DO_NOT_MAIL
D115449,0.85608035,DO_NOT_MAIL
D132905,0.973722,MAIL
D111306,0.75699335,DO_NOT_MAIL
D140917,0.0061189723,DO_NOT_MAIL
D144345,6.768184e-05,DO_NOT_MAIL
D125651,0.955618,MAIL
D138821,0.0021718482,DO_NOT_MAIL
D129102,0.2394468,DO_NOT_MAIL
D134452,0.10359569,DO_NOT_MAIL
D115756,0.89811194,DO_NOT_MAIL
D144138,0.00057216524,DO_NOT_MAIL
D123872,0.9257085,DO_NOT_MAIL
D131054,0.9004665,DO_NOT_MAIL
D132481,0.9895745,MAIL
D136312,0.05786835,DO_NOT_MAIL
D112980,0.97261816,MAIL
D101000,0.90447336,DO_NOT_MAIL
D127740,0.98881197,MAIL
D115212,0.74183184,DO_NOT_MAIL
D103051,0.93806165,DO_NOT_MAIL
D129576,0.37099186,DO_NOT_MAIL
D123336,0.9788103,MAIL
D115947,0.9290283,DO_NOT_MAIL
D129071,0.2766548,DO_NOT_MAIL
D122975,0.15274657,DO_NOT_MAIL
D120451,0.06467245,DO_NOT_MAIL
D114425,0.83528817,DO_NOT_MAIL
D139972,0.0076143504,DO_NOT_MAIL
D102201,0.14171977,DO_NOT_MAIL
D135174,0.36944395,DO_NOT_MAIL
D137990,0.67333126,DO_NOT_MAIL
D112370,0.101205975,DO_NOT_MAIL
D133209,0.15283301,DO_NOT_MAIL
D114515,0.28385618,DO_NOT_MAIL
D128761,0.52650124,DO_NOT_MAIL
D105403,0.114186205,DO_NOT_MAIL
D137995,0.9906873,MAIL
D131605,0.96000904,MAIL
D110374,0.9506359,DO_NOT_MAIL
D132612,0.9859477,MAIL
D120976,0.8049483,DO_NOT_MAIL
D137167,0.97166663,MAIL
D120218,0.98510695,MAIL
D105495,0.04042474,DO_NOT_MAIL
D137094,0.030391619,DO_NOT_MAIL
D105527,0.0705272,DO_NOT_MAIL
D109485,0.0010340282,DO_NOT_MAIL
D127392,0.0047345352,DO_NOT_MAIL
D136412,0.44897214,DO_NOT_MAIL
D143624,0.020129982,DO_NOT_MAIL
D109640,0.92095155,DO_NOT_MAIL
D105963,0.8427521,DO_NOT_MAIL
D121481,0.9924231,MAIL
D103773,0.009986384,DO_NOT_MAIL
D119180,0.23651983,DO_NOT_MAIL
D112448,0.99405515,MAIL
D104289,0.6431161,DO_NOT_MAIL
D143202,0.062872306,DO_NOT_MAIL
D132401,0.80441886,DO_NOT_MAIL
D111739,0.23229213,DO_NOT_MAIL
D117135,0.98464113,MAIL
D136561,0.09283298,DO_NOT_MAIL
D109740,0.08736449,DO_NOT_MAIL
D138058,0.0031496093,DO_NOT_MAIL
D143564,0.9188076,DO_NOT_MAIL
D104242,0.96432096,MAIL
D133963,0.8087358,DO_NOT_MAIL
D107961,0.1890015,DO_NOT_MAIL
D114475,0.004677374,DO_NOT_MAIL
D142998,0.35307014,DO_NOT_MAIL
D127400,0.3817256,DO_NOT_MAIL
D140600,0.007371074,DO_NOT_MAIL
D139440,0.6553257,DO_NOT_MAIL
D118203,0.8546097,DO_NOT_MAIL
D122304,0.010409346,DO_NOT_MAIL
D117553,0.94440866,DO_NOT_MAIL
D113589,0.7037504,DO_NOT_MAIL
D140652,0.004183563,DO_NOT_MAIL
D124279,0.27553374,DO_NOT_MAIL
D143381,0.9936935,MAIL
D135265,0.8332882,DO_NOT_MAIL
D140563,0.3361139,DO_NOT_MAIL
D135587,0.025194794,DO_NOT_MAIL
D103600,0.98471385,MAIL
D107535,0.24355616,DO_NOT_MAIL
D122950,0.97441304,MAIL
D119889,0.8000964,DO_NOT_MAIL
D118120,0.90447336,DO_NOT_MAIL
D111390,0.9490709,DO_NOT_MAIL
D101836,0.7969786,DO_NOT_MAIL
D142263,0.1691033,DO_NOT_MAIL
D110651,0.9716717,MAIL
D115402,0.9748004,MAIL
D142864,0.64589584,DO_NOT_MAIL
D118581,0.9667681,MAIL
D135870,0.9583937,MAIL
D141073,0.034575894,DO_NOT_MAIL
D114336,0.973897,MAIL
D117129,0.1952057,DO_NOT_MAIL
D102003,0.8764,DO_NOT_MAIL
D113423,0.96223414,MAIL
D101128,0.9606411,MAIL
D113297,0.16757017,DO_NOT_MAIL
D120232,0.9654538,MAIL
D103214,0.064450696,DO_NOT_MAIL
D130903,0.43296874,DO_NOT_MAIL
D138998,0.027659822,DO_NOT_MAIL
D118779,0.0017540057,DO_NOT_MAIL
D138851,0.052294992,DO_NOT_MAIL
D143419,0.14103334,DO_NOT_MAIL
D130551,0.982675,MAIL
D115310,0.78250086,DO_NOT_MAIL
D101964,0.9232493,DO_NOT_MAIL
D112097,0.063063666,DO_NOT_MAIL
D144380,0.25449836,DO_NOT_MAIL
D127944,0.40695846,DO_NOT_MAIL
D129399,0.84229296,DO_NOT_MAIL
D132713,0.96000904,MAIL
D114369,0.4615115,DO_NOT_MAIL
D126057,0.2161822,DO_NOT_MAIL
D109098,0.7861124,DO_NOT_MAIL
D137593,0.007964145,DO_NOT_MAIL
D116996,0.9334319,DO_NOT_MAIL
D110777,0.62353516,DO_NOT_MAIL
D115447,0.008472115,DO_NOT_MAIL
D119050,0.0041612755,DO_NOT_MAIL
D121592,0.7646645,DO_NOT_MAIL
D112164,0.68927664,DO_NOT_MAIL
D131778,0.8961919,DO_NOT_MAIL
D120450,0.0026252025,DO_NOT_MAIL
D107760,0.80330753,DO_NOT_MAIL
D141878,0.30761358,DO_NOT_MAIL
D135067,0.08042284,DO_NOT_MAIL
D116828,0.87192446,DO_NOT_MAIL
D136270,0.970204,MAIL
D128704,0.9452905,DO_NOT_MAIL
D130833,0.056808677,DO_NOT_MAIL
D138485,0.0035056164,DO_NOT_MAIL
D114836,0.96617204,MAIL
D128472,0.961119,MAIL
D117214,0.7037504,DO_NOT_MAIL
D108071,0.92709506,DO_NOT_MAIL
D122930,0.038707558,DO_NOT_MAIL
D123923,0.98464113,MAIL
D133436,0.99169123,MAIL
D117167,0.39097005,DO_NOT_MAIL
D118033,0.8472271,DO_NOT_MAIL
D115644,0.84686965,DO_NOT_MAIL
D102297,0.03006534,DO_NOT_MAIL
D107801,0.95693064,MAIL
D116012,0.88336307,DO_NOT_MAIL
D118803,0.033949446,DO_NOT_MAIL
D119794,0.8572682,DO_NOT_MAIL
D141644,0.14152327,DO_NOT_MAIL
D112720,0.43881056,DO_NOT_MAIL
D105213,0.82965887,DO_NOT_MAIL
D131236,0.973722,MAIL
D138146,0.050664525,DO_NOT_MAIL
D110703,0.657778,DO_NOT_MAIL
D103112,0.33910382,DO_NOT_MAIL
D112411,0.37985092,DO_NOT_MAIL
D137507,0.98621076,MAIL
D131364,0.00046622436,DO_NOT_MAIL
D119360,0.6469854,DO_NOT_MAIL
D137371,0.35638794,DO_NOT_MAIL
D117165,0.3817256,DO_NOT_MAIL
D110530,0.7392137,DO_NOT_MAIL
D123604,0.6240543,DO_NOT_MAIL
D116671,0.97124714,MAIL
D118231,0.068294875,DO_NOT_MAIL
D124787,0.8555243,DO_NOT_MAIL
D115259,0.67464757,DO_NOT_MAIL
D129463,0.8595816,DO_NOT_MAIL
D116445,0.006593937,DO_NOT_MAIL
D124085,0.83081913,DO_NOT_MAIL
D132229,0.092163414,DO_NOT_MAIL
D113688,0.91026044,DO_NOT_MAIL
D137107,0.9629351,MAIL
D127370,0.9417162,DO_NOT_MAIL
D141593,0.17584935,DO_NOT_MAIL
D132828,0.9808333,MAIL
D128940,0.92343163,DO_NOT_MAIL
D134570,0.6699041,DO_NOT_MAIL
D131418,0.16887757,DO_NOT_MAIL
D135479,0.0014286565,DO_NOT_MAIL
D113872,0.97019583,MAIL
D136669,0.37985092,DO_NOT_MAIL
D132654,0.9225519,DO_NOT_MAIL
D131430,0.86922854,DO_NOT_MAIL
D136976,0.6773515,DO_NOT_MAIL
D110731,0.6106876,DO_NOT_MAIL
D140538,0.30628324,DO_NOT_MAIL
D114899,0.69809425,DO_NOT_MAIL
D119697,0.56445444,DO_NOT_MAIL
D105943,0.961119,MAIL
D142660,0.08221044,DO_NOT_MAIL
D135861,0.3255073,DO_NOT_MAIL
D107134,0.6431161,DO_NOT_MAIL
D130561,0.14364736,DO_NOT_MAIL
D125066,0.00049280154,DO_NOT_MAIL
D133387,0.7819923,DO_NOT_MAIL
D106502,0.84686965,DO_NOT_MAIL
D115204,0.09043575,DO_NOT_MAIL
D140766,0.031317536,DO_NOT_MAIL
D136524,0.43585023,DO_NOT_MAIL
D114867,0.9554237,MAIL
D134403,0.90379035,DO_NOT_MAIL
D121998,0.79660517,DO_NOT_MAIL
D142729,0.13505687,DO_NOT_MAIL
D104988,0.63297945,DO_NOT_MAIL
D100566,0.955618,MAIL
D123814,0.96707946,MAIL
D111310,0.013336192,DO_NOT_MAIL
D137562,0.54143864,DO_NOT_MAIL
D129587,0.0011181181,DO_NOT_MAIL
D143105,0.061091118,DO_NOT_MAIL
D121678,0.9711856,MAIL
D115801,0.96828955,MAIL
D124597,0.8399911,DO_NOT_MAIL
D107334,0.9942363,MAIL
D140294,0.076662876,DO_NOT_MAIL
D106230,0.6640927,DO_NOT_MAIL
D125264,0.9716717,MAIL
D119626,0.92679274,DO_NOT_MAIL
D132421,0.22261299,DO_NOT_MAIL
D108821,0.9508744,DO_NOT_MAIL
D123456,0.6816522,DO_NOT_MAIL
D103663,0.9690147,MAIL
D116974,0.85608035,DO_NOT_MAIL
D131256,0.8611976,DO_NOT_MAIL
D143770,0.1018162,DO_NOT_MAIL
D112575,0.7646645,DO_NOT_MAIL
D108927,0.44609773,DO_NOT_MAIL
D134294,0.005045728,DO_NOT_MAIL
D143530,0.0018202784,DO_NOT_MAIL
D112002,0.32813987,DO_NOT_MAIL
D133284,0.01308906,DO_NOT_MAIL
D134055,0.038154617,DO_NOT_MAIL
D137375,0.99292165,MAIL
D125002,0.96551836,MAIL
D143583,0.003571994,DO_NOT_MAIL
D103296,0.030602384,DO_NOT_MAIL
D116665,0.79660517,DO_NOT_MAIL
D125598,0.019172963,DO_NOT_MAIL
D119294,0.8602647,DO_NOT_MAIL
D143798,0.0077285906,DO_NOT_MAIL
D140486,0.90042454,DO_NOT_MAIL
D125665,0.8883942,DO_NOT_MAIL
D124900,0.9278522,DO_NOT_MAIL
D120490,0.68927664,DO_NOT_MAIL
D141689,0.016115595,DO_NOT_MAIL
D119551,0.5399626,DO_NOT_MAIL
D101867,0.9294427,DO_NOT_MAIL
D129316,0.83505756,DO_NOT_MAIL
D131793,0.9463768,DO_NOT_MAIL
D139871,0.041286517,DO_NOT_MAIL
D144645,0.9809021,MAIL
D111627,0.9259016,DO_NOT_MAIL
D118866,0.7287747,DO_NOT_MAIL
D115904,0.7819923,DO_NOT_MAIL
D115682,0.6690531,DO_NOT_MAIL
D107449,0.77132523,DO_NOT_MAIL
D122921,0.20915076,DO_NOT_MAIL
D142479,0.37173077,DO_NOT_MAIL
D113964,0.8987183,DO_NOT_MAIL
D118101,0.8291849,DO_NOT_MAIL
D105422,0.66958344,DO_NOT_MAIL
D120936,0.81474036,DO_NOT_MAIL
D126332,0.0029297348,DO_NOT_MAIL
D126053,0.17367102,DO_NOT_MAIL
D136150,0.195389,DO_NOT_MAIL
D103238,0.07729783,DO_NOT_MAIL
D139514,0.95785373,MAIL
D127121,0.011713625,DO_NOT_MAIL
D109371,0.00469122,DO_NOT_MAIL
D110723,0.5943451,DO_NOT_MAIL
D127715,0.37817994,DO_NOT_MAIL
D136233,0.026236381,DO_NOT_MAIL
D125239,0.9271437,DO_NOT_MAIL
D116935,0.8167604,DO_NOT_MAIL
D122450,0.96921176,MAIL
D112802,0.9901883,MAIL
D104260,0.002842288,DO_NOT_MAIL
D132041,0.9433685,DO_NOT_MAIL
D118503,0.87192446,DO_NOT_MAIL
D126675,0.045943893,DO_NOT_MAIL
D110984,0.975021,MAIL
D129225,0.9006484,DO_NOT_MAIL
D137927,0.49185854,DO_NOT_MAIL
D124248,0.6913615,DO_NOT_MAIL
D144561,0.028817525,DO_NOT_MAIL
D128368,0.018395137,DO_NOT_MAIL
D113028,0.00082809763,DO_NOT_MAIL
D126280,0.9928167,MAIL
D144114,0.021918189,DO_NOT_MAIL
D102322,0.5510156,DO_NOT_MAIL
D110806,0.90379035,DO_NOT_MAIL
D118672,0.96659976,MAIL
D142478,0.01130226,DO_NOT_MAIL
D135390,0.9869551,MAIL
D107542,0.9259016,DO_NOT_MAIL
D107806,0.62060946,DO_NOT_MAIL
D122386,0.0026812803,DO_NOT_MAIL
D124371,0.9736867,MAIL
D142931,0.0953098,DO_NOT_MAIL
D111536,0.9176977,DO_NOT_MAIL
D126856,0.83528817,DO_NOT_MAIL
D110334,0.8537907,DO_NOT_MAIL
D140695,0.69607276,DO_NOT_MAIL
D123117,0.8077166,DO_NOT_MAIL
D135708,0.34794763,DO_NOT_MAIL
D102880,0.977009,MAIL
D135945,0.8304871,DO_NOT_MAIL
D127016,0.9506359,DO_NOT_MAIL
D114295,0.8981577,DO_NOT_MAIL
D135471,0.8427521,DO_NOT_MAIL
D118896,0.98628366,MAIL
D124722,0.9502134,DO_NOT_MAIL
D112165,0.70989704,DO_NOT_MAIL
D142172,0.21304241,DO_NOT_MAIL
D106994,0.7597075,DO_NOT_MAIL
D134496,0.14537151,DO_NOT_MAIL
D105867,0.9690147,MAIL
D115331,0.8077166,DO_NOT_MAIL
D118931,0.99230194,MAIL
D104734,0.8538114,DO_NOT_MAIL
D124585,0.9118403,DO_NOT_MAIL
D134710,0.029770965,DO_NOT_MAIL
D111582,0.56047636,DO_NOT_MAIL
D144684,0.8537907,DO_NOT_MAIL
D132618,0.5943451,DO_NOT_MAIL
D116772,0.982675,MAIL
D137966,0.05177647,DO_NOT_MAIL
D132634,0.14034003,DO_NOT_MAIL
D106798,0.017249461,DO_NOT_MAIL
D143543,0.010538803,DO_NOT_MAIL
D137645,0.82004774,DO_NOT_MAIL
D101724,0.015263759,DO_NOT_MAIL
D106826,0.8852851,DO_NOT_MAIL
D105794,0.99193174,MAIL
D112781,0.8981577,DO_NOT_MAIL
D138967,0.16086759,DO_NOT_MAIL
D133375,0.30677724,DO_NOT_MAIL
D103997,0.5707278,DO_NOT_MAIL
D127231,0.9458556,DO_NOT_MAIL
D102577,0.8343803,DO_NOT_MAIL
D127762,0.0044595753,DO_NOT_MAIL
D102471,0.8081292,DO_NOT_MAIL
D100111,0.81131417,DO_NOT_MAIL
D129157,0.027257113,DO_NOT_MAIL
D108838,0.85706615,DO_NOT_MAIL
D108563,0.5410151,DO_NOT_MAIL
D132636,0.718007,DO_NOT_MAIL
D101648,0.97337025,MAIL
D110485,0.010107252,DO_NOT_MAIL
D110909,0.8838868,DO_NOT_MAIL
D107099,0.0138671165,DO_NOT_MAIL
D131213,0.007089557,DO_NOT_MAIL
D134826,0.9669261,MAIL
D104420,0.040902432,DO_NOT_MAIL
D124673,0.08141776,DO_NOT_MAIL
D139981,0.9463915,DO_NOT_MAIL
D137162,0.056062587,DO_NOT_MAIL
D122993,0.97152454,MAIL
D102313,0.017688852,DO_NOT_MAIL
D128922,0.83729506,DO_NOT_MAIL
D137102,0.8167604,DO_NOT_MAIL
D114218,0.89608073,DO_NOT_MAIL
D141987,0.9209459,DO_NOT_MAIL
D113300,0.009385268,DO_NOT_MAIL
D106731,0.7392137,DO_NOT_MAIL
D143175,0.00019947867,DO_NOT_MAIL
D129127,0.6137623,DO_NOT_MAIL
D111127,0.54785824,DO_NOT_MAIL
D131523,0.27811816,DO_NOT_MAIL
D121122,0.0017206986,DO_NOT_MAIL
D116389,0.9675739,MAIL
D102314,0.69419634,DO_NOT_MAIL
D103745,0.96996504,MAIL
D126926,0.79437804,DO_NOT_MAIL
D136135,0.80441886,DO_NOT_MAIL
D126036,0.4884765,DO_NOT_MAIL
D134101,0.89230096,DO_NOT_MAIL
D110693,0.6690531,DO_NOT_MAIL
D114415,0.68927664,DO_NOT_MAIL
D115984,0.22687677,DO_NOT_MAIL
D134114,0.8834172,DO_NOT_MAIL
D140411,0.011871554,DO_NOT_MAIL
D115826,0.28060466,DO_NOT_MAIL
D133446,0.019439634,DO_NOT_MAIL
D126602,0.9610854,MAIL
D115189,0.88891864,DO_NOT_MAIL
D142395,0.073258646,DO_NOT_MAIL
D121580,0.8073583,DO_NOT_MAIL
D124557,0.82004774,DO_NOT_MAIL
D105052,0.9949838,MAIL
D102994,0.8892487,DO_NOT_MAIL
D137836,0.08647759,DO_NOT_MAIL
D141077,0.025265966,DO_NOT_MAIL
D106171,0.97696793,MAIL
D130392,0.718007,DO_NOT_MAIL
D109413,0.9905811,MAIL
D107185,0.94245774,DO_NOT_MAIL
D133310,0.94288254,DO_NOT_MAIL
D125059,0.8472271,DO_NOT_MAIL
D137311,0.008528092,DO_NOT_MAIL
D102351,0.012363628,DO_NOT_MAIL
D118055,0.9583937,MAIL
D120765,0.196549,DO_NOT_MAIL
D144153,0.1026022,DO_NOT_MAIL
D144063,0.078856446,DO_NOT_MAIL
D115519,0.9549817,MAIL
D139627,0.94739556,DO_NOT_MAIL
D128589,0.7677933,DO_NOT_MAIL
D116066,0.78161925,DO_NOT_MAIL
D142177,0.17405221,DO_NOT_MAIL
D128873,0.006233025,DO_NOT_MAIL
D104935,0.0006594336,DO_NOT_MAIL
D109972,0.20915076,DO_NOT_MAIL
D140158,0.004758801,DO_NOT_MAIL
D117133,0.7089558,DO_NOT_MAIL
D144573,0.9657949,MAIL
D131379,0.9450459,DO_NOT_MAIL
D106599,0.8985867,DO_NOT_MAIL
D129984,0.9811509,MAIL
D142421,0.31924185,DO_NOT_MAIL
D108911,0.8983231,DO_NOT_MAIL
D140227,0.3270727,DO_NOT_MAIL
D139402,0.030810451,DO_NOT_MAIL
D133842,0.40061572,DO_NOT_MAIL
D141788,0.05249419,DO_NOT_MAIL
D130657,0.0041788416,DO_NOT_MAIL
D133946,0.0028034558,DO_NOT_MAIL
D103571,0.8211532,DO_NOT_MAIL
D108677,0.970204,MAIL
D105813,0.92517406,DO_NOT_MAIL
D114350,0.00885614,DO_NOT_MAIL
D101889,0.80627024,DO_NOT_MAIL
D135324,0.04746253,DO_NOT_MAIL
D123591,0.67390186,DO_NOT_MAIL
D108580,0.04936385,DO_NOT_MAIL
D132116,0.16318545,DO_NOT_MAIL
D122307,0.95764256,MAIL
D115893,0.6431161,DO_NOT_MAIL
D113273,0.9508744,DO_NOT_MAIL
D107274,0.8276394,DO_NOT_MAIL
D134832,0.004144478,DO_NOT_MAIL
D121300,0.6480439,DO_NOT_MAIL
D129689,0.973897,MAIL
D129268,0.006958746,DO_NOT_MAIL
D103055,0.0356055,DO_NOT_MAIL
D141090,0.22795048,DO_NOT_MAIL
D101269,0.77132523,DO_NOT_MAIL
D108560,0.94260883,DO_NOT_MAIL
D123042,0.17072639,DO_NOT_MAIL
D116002,0.22687677,DO_NOT_MAIL
D131826,0.6255644,DO_NOT_MAIL
D135045,0.3409318,DO_NOT_MAIL
D111522,0.8611976,DO_NOT_MAIL
D139923,0.023885006,DO_NOT_MAIL
D102765,0.08365704,DO_NOT_MAIL
D143485,0.022714412,DO_NOT_MAIL
D136719,0.1136399,DO_NOT_MAIL
D107303,0.15756862,DO_NOT_MAIL
D121331,0.93806165,DO_NOT_MAIL
D135275,0.018127326,DO_NOT_MAIL
D113158,0.9844475,MAIL
D113214,0.010757959,DO_NOT_MAIL
D106018,0.014431444,DO_NOT_MAIL
D104356,0.9859474,MAIL
D105413,0.9799463,MAIL
D120621,0.94612527,DO_NOT_MAIL
D144432,0.96596277,MAIL
D111584,0.9294427,DO_NOT_MAIL
D104476,0.00029328951,DO_NOT_MAIL
D122673,0.2394468,DO_NOT_MAIL
D123162,0.8369873,DO_NOT_MAIL
D108040,0.8054332,DO_NOT_MAIL
D135511,0.23600984,DO_NOT_MAIL
D122430,0.96470815,MAIL
D138060,0.1546675,DO_NOT_MAIL
D105186,0.970053,MAIL
D126236,0.96521676,MAIL
D143512,0.022328684,DO_NOT_MAIL
D110807,0.83709186,DO_NOT_MAIL
D102166,0.9232493,DO_NOT_MAIL
D139244,0.8664073,DO_NOT_MAIL
D118584,0.9685836,MAIL
D108345,0.5842082,DO_NOT_MAIL
D134696,0.62193674,DO_NOT_MAIL
D107788,0.40887073,DO_NOT_MAIL
D123234,0.9544166,MAIL
D105685,0.83709186,DO_NOT_MAIL
D135156,0.94837177,DO_NOT_MAIL
D110351,0.5000924,DO_NOT_MAIL
D107648,0.8427521,DO_NOT_MAIL
D105150,0.84869266,DO_NOT_MAIL
D105583,0.025519898,DO_NOT_MAIL
D135186,0.042530183,DO_NOT_MAIL
D126716,0.15651216,DO_NOT_MAIL
D130375,0.6690531,DO_NOT_MAIL
D144116,0.022159856,DO_NOT_MAIL
D133819,0.17834571,DO_NOT_MAIL
D128747,0.13772851,DO_NOT_MAIL
D103998,0.52839816,DO_NOT_MAIL
D135837,0.96705776,MAIL
D140136,0.0308471,DO_NOT_MAIL
D142290,0.015114663,DO_NOT_MAIL
D134301,0.038800947,DO_NOT_MAIL
D140897,0.10619574,DO_NOT_MAIL
D106741,0.94078404,DO_NOT_MAIL
D139975,0.033306904,DO_NOT_MAIL
D143754,0.0016414851,DO_NOT_MAIL
D131478,0.34663135,DO_NOT_MAIL
D121275,0.80955744,DO_NOT_MAIL
D103703,0.09207266,DO_NOT_MAIL
D113884,0.8332882,DO_NOT_MAIL
D119220,0.08598374,DO_NOT_MAIL
D115045,0.82409686,DO_NOT_MAIL
D115536,0.004937592,DO_NOT_MAIL
D140362,0.031457227,DO_NOT_MAIL
D107163,0.65338445,DO_NOT_MAIL
D106416,0.7819923,DO_NOT_MAIL
D129677,0.43296874,DO_NOT_MAIL
D109118,0.039313983,DO_NOT_MAIL
D138765,0.011507406,DO_NOT_MAIL
D122626,0.7684628,DO_NOT_MAIL
D114402,0.15477967,DO_NOT_MAIL
D110836,0.94029,DO_NOT_MAIL
D106454,0.7136701,DO_NOT_MAIL
D107188,0.9942363,MAIL
D130203,0.15460074,DO_NOT_MAIL
D109149,0.0012753948,DO_NOT_MAIL
D130864,0.0014424812,DO_NOT_MAIL
D129991,0.9092488,DO_NOT_MAIL
D136083,0.9673505,MAIL
D122623,0.9332782,DO_NOT_MAIL
D124572,0.2451291,DO_NOT_MAIL
D117437,0.09519682,DO_NOT_MAIL
D134658,0.030810451,DO_NOT_MAIL
D118530,0.98721606,MAIL
D119762,0.9302993,DO_NOT_MAIL
D143023,0.10700444,DO_NOT_MAIL
D138430,0.21514747,DO_NOT_MAIL
D106500,0.9685836,MAIL
D137480,0.5139931,DO_NOT_MAIL
D119897,0.95294404,MAIL
D132483,0.7183167,DO_NOT_MAIL
D129499,0.98464113,MAIL
D119303,0.22687677,DO_NOT_MAIL
D118316,0.9230582,DO_NOT_MAIL
D122696,0.9844475,MAIL
D107110,0.013786901,DO_NOT_MAIL
D133290,0.00051667105,DO_NOT_MAIL
D109775,0.0052715736,DO_NOT_MAIL
D133662,0.9401205,DO_NOT_MAIL
D110953,0.9257085,DO_NOT_MAIL
D141857,0.36552492,DO_NOT_MAIL
D119124,0.7332227,DO_NOT_MAIL
D140665,0.43055397,DO_NOT_MAIL
D131190,0.69365084,DO_NOT_MAIL
D127506,0.51510775,DO_NOT_MAIL
D142698,0.19243325,DO_NOT_MAIL
D120901,0.37985092,DO_NOT_MAIL
D105713,0.97037226,MAIL
D142246,0.006921836,DO_NOT_MAIL
D100869,0.9701361,MAIL
D107123,0.03193208,DO_NOT_MAIL
D144500,0.011600774,DO_NOT_MAIL
D137445,0.9693406,MAIL
D142899,0.4989788,DO_NOT_MAIL
D106112,0.9701361,MAIL
D100423,0.9747233,MAIL
D138426,0.9385474,DO_NOT_MAIL
D100039,0.0047769677,DO_NOT_MAIL
D125281,0.8902686,DO_NOT_MAIL
D143053,0.34280583,DO_NOT_MAIL
D104488,0.8447092,DO_NOT_MAIL
D131150,0.98266983,MAIL
D139971,0.00038890922,DO_NOT_MAIL
D135821,0.9535937,MAIL
D115504,0.22687677,DO_NOT_MAIL
D131107,0.037364695,DO_NOT_MAIL
D111474,0.013602788,DO_NOT_MAIL
D126102,0.0002386161,DO_NOT_MAIL
D142799,0.0016400674,DO_NOT_MAIL
D103516,0.96617204,MAIL
D138315,0.9263491,DO_NOT_MAIL
D142546,0.01719318,DO_NOT_MAIL
D126099,0.0010149843,DO_NOT_MAIL
D122581,0.023238575,DO_NOT_MAIL
D141261,0.016925106,DO_NOT_MAIL
D103468,0.63461775,DO_NOT_MAIL
D122060,0.97441304,MAIL
D135238,0.99051017,MAIL
D113972,0.992718,MAIL
D107596,0.92150646,DO_NOT_MAIL
D138541,0.73106813,DO_NOT_MAIL
D115301,0.8846277,DO_NOT_MAIL
D138953,0.08291617,DO_NOT_MAIL
D129062,0.03193771,DO_NOT_MAIL
D101460,0.9811509,MAIL
D107094,0.39377698,DO_NOT_MAIL
D111640,0.15141071,DO_NOT_MAIL
D132174,0.24355616,DO_NOT_MAIL
D100223,0.046490595,DO_NOT_MAIL
D136522,0.5139931,DO_NOT_MAIL
D102636,0.36522835,DO_NOT_MAIL
D141717,0.17576115,DO_NOT_MAIL
D122128,0.81474036,DO_NOT_MAIL
D139737,0.042788297,DO_NOT_MAIL
D141085,0.95759445,MAIL
D120477,0.226444,DO_NOT_MAIL
D100537,0.58971596,DO_NOT_MAIL
D127453,0.78161925,DO_NOT_MAIL
D125184,0.0051395427,DO_NOT_MAIL
D129734,0.9838995,MAIL
D109787,0.010618618,DO_NOT_MAIL
D115020,0.54785824,DO_NOT_MAIL
D131803,0.9441003,DO_NOT_MAIL
D106760,0.84869266,DO_NOT_MAIL
D131958,0.0099253915,DO_NOT_MAIL
D141576,0.023137974,DO_NOT_MAIL
D104979,0.9786309,MAIL
D109048,0.8332882,DO_NOT_MAIL
D119387,0.82004774,DO_NOT_MAIL
D142494,0.116739824,DO_NOT_MAIL
D107986,0.6545905,DO_NOT_MAIL
D122433,0.12377147,DO_NOT_MAIL
D128869,0.4295751,DO_NOT_MAIL
D123173,0.90179396,DO_NOT_MAIL
D107114,0.005003208,DO_NOT_MAIL
D135956,0.47305262,DO_NOT_MAIL
D134814,0.9716717,MAIL
D115007,0.52465874,DO_NOT_MAIL
D116719,0.9105622,DO_NOT_MAIL
D124421,0.024135312,DO_NOT_MAIL
D107044,0.0055377875,DO_NOT_MAIL
D113029,0.88971186,DO_NOT_MAIL
D107934,0.90379035,DO_NOT_MAIL
D104393,0.97099495,MAIL
D120832,0.973722,MAIL
D130259,0.9581196,MAIL
D130195,0.5943451,DO_NOT_MAIL
D108210,0.039313983,DO_NOT_MAIL
D128494,0.22687677,DO_NOT_MAIL
D114348,0.528885,DO_NOT_MAIL
D117428,0.881872,DO_NOT_MAIL
D138371,0.025812212,DO_NOT_MAIL
D114990,0.37985092,DO_NOT_MAIL
D103836,0.94473964,DO_NOT_MAIL
D131880,0.85608035,DO_NOT_MAIL
D103456,0.009158555,DO_NOT_MAIL
D123773,0.9519325,DO_NOT_MAIL
D136334,0.8276394,DO_NOT_MAIL
D130831,0.032174073,DO_NOT_MAIL
D107662,0.78161925,DO_NOT_MAIL
D123534,0.007060916,DO_NOT_MAIL
D137421,0.6957596,DO_NOT_MAIL
D107393,0.9658242,MAIL
D132882,0.7646645,DO_NOT_MAIL
D142454,0.02182789,DO_NOT_MAIL
D135485,0.003981693,DO_NOT_MAIL
D122854,0.24312235,DO_NOT_MAIL
D103882,0.42118564,DO_NOT_MAIL
D104002,0.042819664,DO_NOT_MAIL
D109732,0.76219136,DO_NOT_MAIL
D142687,0.03465313,DO_NOT_MAIL
D110898,0.9171358,DO_NOT_MAIL
D120320,0.98266983,MAIL
D108718,0.90379035,DO_NOT_MAIL
D115366,0.8415551,DO_NOT_MAIL
D126757,0.19257906,DO_NOT_MAIL
D143672,0.086864896,DO_NOT_MAIL
D125967,0.70131403,DO_NOT_MAIL
D143124,0.0001375978,DO_NOT_MAIL
D110499,0.954501,MAIL
D117090,0.97521484,MAIL
D116216,0.8693399,DO_NOT_MAIL
D106751,0.91716045,DO_NOT_MAIL
D111213,0.16010499,DO_NOT_MAIL
D127256,0.7177682,DO_NOT_MAIL
D124287,0.79660517,DO_NOT_MAIL
D109104,0.9463768,DO_NOT_MAIL
D108539,0.07323447,DO_NOT_MAIL
D122146,0.023864115,DO_NOT_MAIL
D115388,0.026681311,DO_NOT_MAIL
D127383,0.66697764,DO_NOT_MAIL
D119098,0.0051075662,DO_NOT_MAIL
D105712,0.59878206,DO_NOT_MAIL
D123320,0.014177263,DO_NOT_MAIL
D125827,0.34861758,DO_NOT_MAIL
D142719,0.005795917,DO_NOT_MAIL
D142291,0.0076559493,DO_NOT_MAIL
D126055,0.019088808,DO_NOT_MAIL
D121389,0.07654964,DO_NOT_MAIL
D122343,0.10345931,DO_NOT_MAIL
D102292,0.88647836,DO_NOT_MAIL
D108383,0.9788103,MAIL
D139321,0.0023357093,DO_NOT_MAIL
D138324,0.5925024,DO_NOT_MAIL
D101197,0.020586416,DO_NOT_MAIL
D104978,0.092163414,DO_NOT_MAIL
D100275,0.8809452,DO_NOT_MAIL
D114530,0.9656056,MAIL
D141056,0.0028904674,DO_NOT_MAIL
D133605,0.9552332,MAIL
D132205,0.9838995,MAIL
D131552,0.8693399,DO_NOT_MAIL
D115166,0.80627024,DO_NOT_MAIL
D109569,0.96521676,MAIL
D139973,0.29390994,DO_NOT_MAIL
D128861,0.8693399,DO_NOT_MAIL
D109463,0.79660517,DO_NOT_MAIL
D106038,0.6547513,DO_NOT_MAIL
D125057,0.9720426,MAIL
D108695,0.85608035,DO_NOT_MAIL
D102596,0.008222625,DO_NOT_MAIL
D101959,0.9843615,MAIL
D143303,0.40187818,DO_NOT_MAIL
D137332,0.8846277,DO_NOT_MAIL
D143908,0.47152898,DO_NOT_MAIL
D134031,0.98251987,MAIL
D140209,0.9146255,DO_NOT_MAIL
D141533,0.012318776,DO_NOT_MAIL
D110617,0.9629351,MAIL
D108830,0.54785824,DO_NOT_MAIL
D122494,0.0025539133,DO_NOT_MAIL
D104288,0.9908206,MAIL
D134767,0.89891535,DO_NOT_MAIL
D142632,0.051681798,DO_NOT_MAIL
D109487,0.015818726,DO_NOT_MAIL
D129737,0.9662585,MAIL
D102227,0.015422547,DO_NOT_MAIL
D118757,0.88723224,DO_NOT_MAIL
D130892,0.006449123,DO_NOT_MAIL
D122967,0.90447336,DO_NOT_MAIL
D135799,0.29723403,DO_NOT_MAIL
D140007,0.412085,DO_NOT_MAIL
D140925,0.041926578,DO_NOT_MAIL
D107835,0.3827992,DO_NOT_MAIL
D114922,0.9441003,DO_NOT_MAIL
D121530,0.04326247,DO_NOT_MAIL
D124377,0.011085847,DO_NOT_MAIL
D128271,0.26524627,DO_NOT_MAIL
D134454,0.9118403,DO_NOT_MAIL
D143387,0.0021509307,DO_NOT_MAIL
D118025,0.033933427,DO_NOT_MAIL
D126382,0.94473964,DO_NOT_MAIL
D126594,0.36268032,DO_NOT_MAIL
D130678,0.64693063,DO_NOT_MAIL
D124417,0.004602181,DO_NOT_MAIL
D101979,0.93728566,DO_NOT_MAIL
D132739,0.04869181,DO_NOT_MAIL
D123929,0.9452456,DO_NOT_MAIL
D135306,0.81474036,DO_NOT_MAIL
D127731,0.7089558,DO_NOT_MAIL
D104496,0.99230194,MAIL
D120641,0.8211532,DO_NOT_MAIL
D141181,0.04222438,DO_NOT_MAIL
D144452,0.05348171,DO_NOT_MAIL
D101257,0.99230194,MAIL
D100867,0.96632427,MAIL
D136102,0.7056694,DO_NOT_MAIL
D112862,0.95128465,DO_NOT_MAIL
D114212,0.986133,MAIL
D141867,0.0008432467,DO_NOT_MAIL
D115219,0.046362653,DO_NOT_MAIL
D120699,0.99212754,MAIL
D131323,0.9452333,DO_NOT_MAIL
D126993,0.9947642,MAIL
D104587,0.9770189,MAIL
D125312,0.84229296,DO_NOT_MAIL
D136560,0.9806153,MAIL
D104800,0.96827155,MAIL
D132838,0.008916358,DO_NOT_MAIL
D113350,0.98307866,MAIL
D110219,0.9009107,DO_NOT_MAIL
D105646,0.98479754,MAIL
D140212,0.009331755,DO_NOT_MAIL
D109581,0.9811509,MAIL
D119991,0.07418112,DO_NOT_MAIL
D103985,0.8986892,DO_NOT_MAIL
D115636,0.97138107,MAIL
D114622,0.9305908,DO_NOT_MAIL
D127316,0.43636534,DO_NOT_MAIL
D140869,0.980025,MAIL
D126539,0.76911116,DO_NOT_MAIL
D130415,0.90179396,DO_NOT_MAIL
D134167,0.95568097,MAIL
D129417,0.9921514,MAIL
D116006,0.57365626,DO_NOT_MAIL
D141563,0.08436657,DO_NOT_MAIL
D134159,0.7089558,DO_NOT_MAIL
D100613,0.86922854,DO_NOT_MAIL
D139518,0.2283886,DO_NOT_MAIL
D105204,0.9698342,MAIL
D138112,0.42799816,DO_NOT_MAIL
D113436,0.8546097,DO_NOT_MAIL
D119531,0.046205558,DO_NOT_MAIL
D112884,0.7861124,DO_NOT_MAIL
D100218,0.00024138374,DO_NOT_MAIL
D128964,0.67210996,DO_NOT_MAIL
D104592,0.020168398,DO_NOT_MAIL
D103897,0.9062348,DO_NOT_MAIL
D124874,0.56299716,DO_NOT_MAIL
D141942,0.0010480009,DO_NOT_MAIL
D101571,0.9550682,MAIL
D111930,0.96432096,MAIL
D100469,0.45004353,DO_NOT_MAIL
D114739,0.8611976,DO_NOT_MAIL
D122380,0.98946196,MAIL
D135544,0.024884539,DO_NOT_MAIL
D140843,0.039176334,DO_NOT_MAIL
D137000,0.96551836,MAIL
D103793,0.89230096,DO_NOT_MAIL
D110907,0.8077166,DO_NOT_MAIL
D135819,0.08662539,DO_NOT_MAIL
D109171,0.5943451,DO_NOT_MAIL
D102736,0.93909353,DO_NOT_MAIL
D142789,0.0066255373,DO_NOT_MAIL
D106094,0.0096768085,DO_NOT_MAIL
D112996,0.97337025,MAIL
D102673,0.03806321,DO_NOT_MAIL
D139350,0.09575159,DO_NOT_MAIL
D116116,0.8165528,DO_NOT_MAIL
D132105,0.4615115,DO_NOT_MAIL
D129633,0.8536362,DO_NOT_MAIL
D115614,0.015768044,DO_NOT_MAIL
D126491,0.0019198752,DO_NOT_MAIL
D128740,0.21246916,DO_NOT_MAIL
D104099,0.12296788,DO_NOT_MAIL
D113532,0.9737379,MAIL
D107800,0.9290283,DO_NOT_MAIL
D130764,0.013897255,DO_NOT_MAIL
D110986,0.9347862,DO_NOT_MAIL
D141948,0.020578362,DO_NOT_MAIL
D120806,0.052149206,DO_NOT_MAIL
D141518,0.025077794,DO_NOT_MAIL
D100168,0.023218723,DO_NOT_MAIL
D130272,0.47305262,DO_NOT_MAIL
D104194,0.94245774,DO_NOT_MAIL
D102983,0.9748004,MAIL
D100959,0.13604051,DO_NOT_MAIL
D137606,0.83729506,DO_NOT_MAIL
D100041,0.0024671636,DO_NOT_MAIL
D116703,0.95227355,MAIL
D107248,0.824826,DO_NOT_MAIL
D126937,0.9581196,MAIL
D109340,0.9349788,DO_NOT_MAIL
D100301,0.21250337,DO_NOT_MAIL
D140236,0.19512933,DO_NOT_MAIL
D140055,0.0073010703,DO_NOT_MAIL
D103822,0.8961919,DO_NOT_MAIL
D136751,0.92521757,DO_NOT_MAIL
D141971,0.20058666,DO_NOT_MAIL
D121134,0.8211532,DO_NOT_MAIL
D112125,0.7819923,DO_NOT_MAIL
D112478,0.049632482,DO_NOT_MAIL
D107370,0.90447336,DO_NOT_MAIL
D138293,0.3238702,DO_NOT_MAIL
D122317,0.12131466,DO_NOT_MAIL
D101711,0.61483014,DO_NOT_MAIL
D123755,0.121136926,DO_NOT_MAIL
D120557,0.5205364,DO_NOT_MAIL
D115383,0.9949838,MAIL
D135328,0.9294427,DO_NOT_MAIL
D129988,0.8399911,DO_NOT_MAIL
D110050,0.79660517,DO_NOT_MAIL
D120071,0.83729506,DO_NOT_MAIL
D128862,0.9434021,DO_NOT_MAIL
D103531,0.8073583,DO_NOT_MAIL
D140241,0.044610478,DO_NOT_MAIL
D106771,0.5617754,DO_NOT_MAIL
D115285,0.098592214,DO_NOT_MAIL
D142701,0.016927771,DO_NOT_MAIL
D124169,0.9898141,MAIL
D141602,0.017030584,DO_NOT_MAIL
D140514,0.025123985,DO_NOT_MAIL
D135303,0.9274354,DO_NOT_MAIL
D121408,0.69809425,DO_NOT_MAIL
D121668,0.9918596,MAIL
D127679,0.009882762,DO_NOT_MAIL
D117808,0.029590629,DO_NOT_MAIL
D142296,0.45432168,DO_NOT_MAIL
D127654,0.9581196,MAIL
D144261,0.011156595,DO_NOT_MAIL
D139421,0.028026888,DO_NOT_MAIL
D141926,0.48565578,DO_NOT_MAIL
D144271,0.009993133,DO_NOT_MAIL
D135817,0.37099186,DO_NOT_MAIL
D124701,0.5857987,DO_NOT_MAIL
D126970,0.67450464,DO_NOT_MAIL
D135177,0.005852249,DO_NOT_MAIL
D127443,0.99349993,MAIL
D123053,0.0016760965,DO_NOT_MAIL
D138658,0.33599207,DO_NOT_MAIL
D123359,0.8665668,DO_NOT_MAIL
D134884,0.39562032,DO_NOT_MAIL
D128101,0.38864252,DO_NOT_MAIL
D140368,0.9719725,MAIL
D107672,0.91089255,DO_NOT_MAIL
D131389,0.9082585,DO_NOT_MAIL
D102592,0.2505577,DO_NOT_MAIL
D114598,0.92095155,DO_NOT_MAIL
D104332,0.14541145,DO_NOT_MAIL
D135442,0.9569196,MAIL
D122109,0.8638606,DO_NOT_MAIL
D108261,0.0077664317,DO_NOT_MAIL
D125092,0.8165528,DO_NOT_MAIL
D117774,0.89545536,DO_NOT_MAIL
D114499,0.9624114,MAIL
D131899,0.93025255,DO_NOT_MAIL
D100481,0.024675002,DO_NOT_MAIL
D134339,0.8546097,DO_NOT_MAIL
D130216,0.92751646,DO_NOT_MAIL
D125834,0.83729506,DO_NOT_MAIL
D122737,0.881872,DO_NOT_MAIL
D133219,0.08267985,DO_NOT_MAIL
D101259,0.008310475,DO_NOT_MAIL
D109805,0.39665478,DO_NOT_MAIL
D110489,0.9736867,MAIL
D106275,0.8545162,DO_NOT_MAIL
D127688,0.99034715,MAIL
D115689,0.95693064,MAIL
D110049,0.9009107,DO_NOT_MAIL
D125039,0.80627024,DO_NOT_MAIL
D117181,0.5753784,DO_NOT_MAIL
D125062,0.9747233,MAIL
D137001,0.052538943,DO_NOT_MAIL
D119370,0.47663742,DO_NOT_MAIL
D130424,0.37985092,DO_NOT_MAIL
D114695,0.9349788,DO_NOT_MAIL
D141395,0.028026888,DO_NOT_MAIL
D133162,0.3860309,DO_NOT_MAIL
D129286,0.96258026,MAIL
D108297,0.873393,DO_NOT_MAIL
D130712,0.9614345,MAIL
D125583,0.8087358,DO_NOT_MAIL
D110877,0.9584709,MAIL
D112721,0.026604088,DO_NOT_MAIL
D104683,0.29097494,DO_NOT_MAIL
D105901,0.91175425,DO_NOT_MAIL
D131561,0.7646645,DO_NOT_MAIL
D102155,0.09633517,DO_NOT_MAIL
D104435,0.37881243,DO_NOT_MAIL
D123417,0.85204154,DO_NOT_MAIL
D104394,0.07860107,DO_NOT_MAIL
D111829,0.824826,DO_NOT_MAIL
D106817,0.9258597,DO_NOT_MAIL
D110990,0.2478221,DO_NOT_MAIL
D144056,0.027009884,DO_NOT_MAIL
D144581,0.9642906,MAIL
D127739,0.04896797,DO_NOT_MAIL
D134119,0.9763776,MAIL
D140117,0.14596254,DO_NOT_MAIL
D140176,0.09920639,DO_NOT_MAIL
D135137,0.954501,MAIL
D134544,0.16954699,DO_NOT_MAIL
D131896,0.06364893,DO_NOT_MAIL
D129926,0.00882563,DO_NOT_MAIL
D137229,0.012971955,DO_NOT_MAIL
D125822,0.8983231,DO_NOT_MAIL
D118711,0.010653576,DO_NOT_MAIL
D108860,0.66958344,DO_NOT_MAIL
D118270,0.9333508,DO_NOT_MAIL
D143421,0.0018195586,DO_NOT_MAIL
D126443,0.014019227,DO_NOT_MAIL
D123027,0.8291849,DO_NOT_MAIL
D144156,0.028709777,DO_NOT_MAIL
D127371,0.6469854,DO_NOT_MAIL
D131694,0.96004707,MAIL
D119717,0.9747672,MAIL
D134478,0.9894521,MAIL
D124712,0.9629351,MAIL
D121968,0.090227,DO_NOT_MAIL
D128802,0.011146057,DO_NOT_MAIL
D126294,0.3048556,DO_NOT_MAIL
D112353,0.029774139,DO_NOT_MAIL
D109632,0.87192446,DO_NOT_MAIL
D111722,0.9274354,DO_NOT_MAIL
D117014,0.9672093,MAIL
D118978,0.9415254,DO_NOT_MAIL
D129685,0.6469854,DO_NOT_MAIL
D100480,0.94245774,DO_NOT_MAIL
D124419,0.8834172,DO_NOT_MAIL
D127223,0.96294856,MAIL
D126419,0.068599135,DO_NOT_MAIL
D105146,0.8546097,DO_NOT_MAIL
D103839,0.63461775,DO_NOT_MAIL
D133533,0.8968021,DO_NOT_MAIL
D137744,0.43899867,DO_NOT_MAIL
D133752,0.9901883,MAIL
D108487,0.98471385,MAIL
D127854,0.81131417,DO_NOT_MAIL
D140140,0.018622646,DO_NOT_MAIL
D112188,0.00034194396,DO_NOT_MAIL
D115573,0.6106876,DO_NOT_MAIL
D107496,0.5925024,DO_NOT_MAIL
D136506,0.9744024,MAIL
D135099,0.039313983,DO_NOT_MAIL
D112528,0.62060946,DO_NOT_MAIL
D116853,0.91026044,DO_NOT_MAIL
D128691,0.8546097,DO_NOT_MAIL
D129322,0.015765933,DO_NOT_MAIL
D102101,0.74183184,DO_NOT_MAIL
D117212,0.3127211,DO_NOT_MAIL
D126948,0.6640927,DO_NOT_MAIL
D119139,0.9908025,MAIL
D116428,0.83709186,DO_NOT_MAIL
D140195,0.26168782,DO_NOT_MAIL
D140981,0.35292402,DO_NOT_MAIL
D112976,0.94260883,DO_NOT_MAIL
D137949,8.169037e-05,DO_NOT_MAIL
D113587,0.8276394,DO_NOT_MAIL
D113449,0.90179396,DO_NOT_MAIL
D126131,0.88648987,DO_NOT_MAIL
D120098,0.22199926,DO_NOT_MAIL
D113810,0.01070921,DO_NOT_MAIL
D139585,0.009746463,DO_NOT_MAIL
D140099,0.24040629,DO_NOT_MAIL
D144278,0.5322222,DO_NOT_MAIL
D141470,0.99735403,MAIL
D115931,0.7089558,DO_NOT_MAIL
D108494,0.93025255,DO_NOT_MAIL
D101900,0.8093756,DO_NOT_MAIL
D103598,0.8537907,DO_NOT_MAIL
D119368,0.14088212,DO_NOT_MAIL
D131017,0.0090561975,DO_NOT_MAIL
D119768,0.023287129,DO_NOT_MAIL
D133315,0.035191394,DO_NOT_MAIL
D137656,0.9606411,MAIL
D100614,0.1110668,DO_NOT_MAIL
D126640,0.0005071227,DO_NOT_MAIL
D128491,0.9377958,DO_NOT_MAIL
D101704,0.030467834,DO_NOT_MAIL
D111153,0.86922854,DO_NOT_MAIL
D140347,0.110159144,DO_NOT_MAIL
D101832,0.5399626,DO_NOT_MAIL
D109017,0.0022607322,DO_NOT_MAIL
D131536,0.8077166,DO_NOT_MAIL
D103102,0.2394468,DO_NOT_MAIL
D126626,0.0154633215,DO_NOT_MAIL
D103395,0.92517406,DO_NOT_MAIL
D104991,0.19286866,DO_NOT_MAIL
D129263,0.1604085,DO_NOT_MAIL
D130170,0.6690531,DO_NOT_MAIL
D127476,0.9669261,MAIL
D102431,0.00013760437,DO_NOT_MAIL
D141505,0.29829153,DO_NOT_MAIL
D110363,0.7212274,DO_NOT_MAIL
D104066,0.46092236,DO_NOT_MAIL
D131052,0.23999223,DO_NOT_MAIL
D105276,0.099890634,DO_NOT_MAIL
D100623,0.9275021,DO_NOT_MAIL
D137879,0.016529154,DO_NOT_MAIL
D116426,0.08131457,DO_NOT_MAIL
D134881,0.0054066796,DO_NOT_MAIL
D141078,0.039017424,DO_NOT_MAIL
D127969,0.0073397513,DO_NOT_MAIL
D107507,0.8846277,DO_NOT_MAIL
D102538,0.0047962847,DO_NOT_MAIL
D128064,0.8572682,DO_NOT_MAIL
D131944,0.83081913,DO_NOT_MAIL
D143513,0.004513551,DO_NOT_MAIL
D102935,0.039313983,DO_NOT_MAIL
D121588,0.9452333,DO_NOT_MAIL
D141623,0.07623337,DO_NOT_MAIL
D141182,0.014280854,DO_NOT_MAIL
D133416,0.9788103,MAIL
D107105,0.8054332,DO_NOT_MAIL
D122001,0.2519172,DO_NOT_MAIL
D131176,0.3238702,DO_NOT_MAIL
D139438,0.01037121,DO_NOT_MAIL
D140633,0.18847841,DO_NOT_MAIL
D106215,0.96176934,MAIL
D137181,0.9540989,MAIL
D136487,0.5884278,DO_NOT_MAIL
D117746,0.9900693,MAIL
D138138,0.007105431,DO_NOT_MAIL
D110165,0.9725478,MAIL
D141038,0.22331119,DO_NOT_MAIL
D130140,0.97411466,MAIL
D112574,0.10773845,DO_NOT_MAIL
D103743,0.9844557,MAIL
D124819,0.9724612,MAIL
D102197,0.93114346,DO_NOT_MAIL
D118507,0.014056779,DO_NOT_MAIL
D128279,0.5932417,DO_NOT_MAIL
D136624,0.19324519,DO_NOT_MAIL
D131262,0.0027207485,DO_NOT_MAIL
D134780,0.6640927,DO_NOT_MAIL
D110601,0.73969823,DO_NOT_MAIL
D108659,0.9463768,DO_NOT_MAIL
D134028,0.01789033,DO_NOT_MAIL
D143618,0.03751671,DO_NOT_MAIL
D128018,0.97138107,MAIL
D117568,0.9725566,MAIL
D105759,0.0010938597,DO_NOT_MAIL
D128715,0.021540252,DO_NOT_MAIL
D121254,0.8165528,DO_NOT_MAIL
D117265,0.67730826,DO_NOT_MAIL
D119450,0.95329064,MAIL
D132347,4.3788456e-05,DO_NOT_MAIL
D101630,0.91175425,DO_NOT_MAIL
D133553,0.4696435,DO_NOT_MAIL
D100454,0.057359427,DO_NOT_MAIL
D135515,0.83729506,DO_NOT_MAIL
D105863,0.3817256,DO_NOT_MAIL
D142152,0.00425723,DO_NOT_MAIL
D106428,0.29763705,DO_NOT_MAIL
D118142,0.97578216,MAIL
D118544,0.95764256,MAIL
D104933,0.13740654,DO_NOT_MAIL
D114677,0.66958344,DO_NOT_MAIL
D140342,0.0053910455,DO_NOT_MAIL
D121676,0.0041275304,DO_NOT_MAIL
D105228,0.97171783,MAIL
D131463,0.9676331,MAIL
D141654,0.9139042,DO_NOT_MAIL
D120192,0.8165528,DO_NOT_MAIL
D119151,0.79437804,DO_NOT_MAIL
D119203,0.66958344,DO_NOT_MAIL
D121866,0.92709506,DO_NOT_MAIL
D107378,0.9550682,MAIL
D144316,0.116937056,DO_NOT_MAIL
D108511,0.9793005,MAIL
D107025,0.9171358,DO_NOT_MAIL
D118543,0.20895785,DO_NOT_MAIL
D101233,0.955618,MAIL
D116693,0.027439293,DO_NOT_MAIL
D103527,0.992488,MAIL
D137132,0.85608035,DO_NOT_MAIL
D121046,0.88879144,DO_NOT_MAIL
D131597,0.8981577,DO_NOT_MAIL
D107218,0.0010928098,DO_NOT_MAIL
D126883,0.7738617,DO_NOT_MAIL
D109927,0.76219136,DO_NOT_MAIL
D124696,0.78250086,DO_NOT_MAIL
D119617,0.9654538,MAIL
D112107,0.00048403934,DO_NOT_MAIL
D102608,0.94288254,DO_NOT_MAIL
D104886,0.9708299,MAIL
D103892,0.21872519,DO_NOT_MAIL
D137631,0.9763776,MAIL
D128611,0.5943451,DO_NOT_MAIL
D131131,0.7861124,DO_NOT_MAIL
D114861,0.718007,DO_NOT_MAIL
D138792,0.06881243,DO_NOT_MAIL
D109609,0.004576868,DO_NOT_MAIL
D106978,0.94837177,DO_NOT_MAIL
D120202,0.054570597,DO_NOT_MAIL
D120854,0.02101196,DO_NOT_MAIL
D101154,0.83709186,DO_NOT_MAIL
D133666,0.9928167,MAIL
D127445,0.9258597,DO_NOT_MAIL
D123196,0.5925024,DO_NOT_MAIL
D129605,0.016993672,DO_NOT_MAIL
D115528,0.8167604,DO_NOT_MAIL
D130635,0.00041146117,DO_NOT_MAIL
D107201,0.4033661,DO_NOT_MAIL
D114502,0.8986892,DO_NOT_MAIL
D123879,0.8165528,DO_NOT_MAIL
D125907,0.11607301,DO_NOT_MAIL
D141888,0.0847659,DO_NOT_MAIL
D130974,0.00089040824,DO_NOT_MAIL
D119235,0.9775019,MAIL
D140298,0.105882384,DO_NOT_MAIL
D142619,0.4217528,DO_NOT_MAIL
D122826,0.99212754,MAIL
D130848,0.6068166,DO_NOT_MAIL
D141786,0.88348454,DO_NOT_MAIL
D116902,0.9101504,DO_NOT_MAIL
D130834,0.90179396,DO_NOT_MAIL
D140554,0.04682216,DO_NOT_MAIL
D114332,0.87721014,DO_NOT_MAIL
D140296,0.0099703735,DO_NOT_MAIL
D100603,0.9720347,MAIL
D111452,0.8961919,DO_NOT_MAIL
D120823,0.03443438,DO_NOT_MAIL
D142582,0.006713427,DO_NOT_MAIL
D141304,0.08596266,DO_NOT_MAIL
D115394,0.93471134,DO_NOT_MAIL
D103205,0.97908825,MAIL
D112684,0.92679274,DO_NOT_MAIL
D111559,0.025907101,DO_NOT_MAIL
D130929,0.8947682,DO_NOT_MAIL
D116187,0.80330753,DO_NOT_MAIL
D139671,0.6645216,DO_NOT_MAIL
D124136,0.24073225,DO_NOT_MAIL
D137854,0.82905656,DO_NOT_MAIL
D104518,0.47663742,DO_NOT_MAIL
D114078,0.8546097,DO_NOT_MAIL
D132843,0.92521757,DO_NOT_MAIL
D111097,0.9358389,DO_NOT_MAIL
D110660,0.7177682,DO_NOT_MAIL
D103259,0.14746362,DO_NOT_MAIL
D125636,0.7392137,DO_NOT_MAIL
D127580,0.50396526,DO_NOT_MAIL
D102854,0.8611976,DO_NOT_MAIL
D122513,0.54517835,DO_NOT_MAIL
D116937,0.63208497,DO_NOT_MAIL
D122762,0.17497358,DO_NOT_MAIL
D122934,0.9725478,MAIL
D134235,0.3554376,DO_NOT_MAIL
D134455,0.6690531,DO_NOT_MAIL
D119558,0.016836174,DO_NOT_MAIL
D117661,0.064821534,DO_NOT_MAIL
D118862,0.9913448,MAIL
D125624,0.9669261,MAIL
D117076,0.40228423,DO_NOT_MAIL
D113962,0.9642926,MAIL
D129167,0.5399626,DO_NOT_MAIL
D123002,0.71599865,DO_NOT_MAIL
D123354,0.18365763,DO_NOT_MAIL
D101960,0.62353516,DO_NOT_MAIL
D131690,0.85696673,DO_NOT_MAIL
D124394,0.90379035,DO_NOT_MAIL
D144115,0.065635376,DO_NOT_MAIL
D140786,0.0032253251,DO_NOT_MAIL
D108086,0.3238702,DO_NOT_MAIL
D102582,0.8576082,DO_NOT_MAIL
D108972,0.0006981229,DO_NOT_MAIL
D132735,0.6431161,DO_NOT_MAIL
D126982,0.85068816,DO_NOT_MAIL
D104658,0.53114444,DO_NOT_MAIL
D120445,0.032218542,DO_NOT_MAIL
D114404,0.5464747,DO_NOT_MAIL
D128118,0.009617728,DO_NOT_MAIL
D112644,0.021443699,DO_NOT_MAIL
D122186,0.0010352619,DO_NOT_MAIL
D128599,0.96551836,MAIL
D141207,0.020303115,DO_NOT_MAIL
D141179,0.023203474,DO_NOT_MAIL
D109350,0.86922854,DO_NOT_MAIL
D133979,0.0033835357,DO_NOT_MAIL
D142853,0.0011785688,DO_NOT_MAIL
D126117,0.8434482,DO_NOT_MAIL
D114961,0.14076547,DO_NOT_MAIL
D113693,0.961997,MAIL
D109424,0.67464757,DO_NOT_MAIL
D141680,0.20593415,DO_NOT_MAIL
D115514,0.36268032,DO_NOT_MAIL
D110332,0.9811429,MAIL
D131206,0.8852851,DO_NOT_MAIL
D114540,0.93013823,DO_NOT_MAIL
D101748,0.0024582306,DO_NOT_MAIL
D143689,0.9742433,MAIL
D143250,0.08847968,DO_NOT_MAIL
D116642,0.002300756,DO_NOT_MAIL
D129348,0.7728144,DO_NOT_MAIL
D129358,0.016829262,DO_NOT_MAIL
D112555,0.98068994,MAIL
D112690,0.0010149243,DO_NOT_MAIL
D132239,0.67464757,DO_NOT_MAIL
D106385,0.95568097,MAIL
D102586,0.09762549,DO_NOT_MAIL
D129121,0.21278483,DO_NOT_MAIL
D100374,0.44934925,DO_NOT_MAIL
D140632,0.023211753,DO_NOT_MAIL
D131358,0.6547513,DO_NOT_MAIL
D113174,0.11520354,DO_NOT_MAIL
D101216,0.99171,MAIL
D137410,0.961997,MAIL
D100841,0.9792474,MAIL
D102809,0.83729506,DO_NOT_MAIL
D117329,0.8726598,DO_NOT_MAIL
D117972,0.013713629,DO_NOT_MAIL
D110498,0.024946712,DO_NOT_MAIL
D123367,0.9377958,DO_NOT_MAIL
D110169,0.8665668,DO_NOT_MAIL
D108557,0.45796123,DO_NOT_MAIL
D124711,0.8228317,DO_NOT_MAIL
D144344,0.0046716435,DO_NOT_MAIL
D133297,0.8638606,DO_NOT_MAIL
D143148,0.99763155,MAIL
D104760,0.44470975,DO_NOT_MAIL
D107811,0.84686965,DO_NOT_MAIL
D135415,0.95294404,MAIL
D106088,0.9854085,MAIL
D130329,0.9918596,MAIL
D109169,0.9470951,DO_NOT_MAIL
D118624,0.045541495,DO_NOT_MAIL
D137116,0.9610854,MAIL
D114317,0.014301044,DO_NOT_MAIL
D140478,0.040317688,DO_NOT_MAIL
D136050,0.93909353,DO_NOT_MAIL
D120226,0.8986892,DO_NOT_MAIL
D102499,0.0025173356,DO_NOT_MAIL
D106439,0.7819923,DO_NOT_MAIL
D134257,0.26057076,DO_NOT_MAIL
D124971,0.83709186,DO_NOT_MAIL
D100123,0.0037279231,DO_NOT_MAIL
D107156,0.9294427,DO_NOT_MAIL
D104436,0.04462348,DO_NOT_MAIL
D132390,0.9745087,MAIL
D136179,0.4507605,DO_NOT_MAIL
D139478,0.06038163,DO_NOT_MAIL
D118871,0.8659051,DO_NOT_MAIL
D107399,0.6690531,DO_NOT_MAIL
D114259,0.9491667,DO_NOT_MAIL
D118760,0.0760635,DO_NOT_MAIL
D105083,0.052117202,DO_NOT_MAIL
D131211,0.008601195,DO_NOT_MAIL
D123221,0.99230194,MAIL
D102260,0.00036035327,DO_NOT_MAIL
D133513,0.78538567,DO_NOT_MAIL
D118401,0.92532676,DO_NOT_MAIL
D112782,0.027689468,DO_NOT_MAIL
D118461,0.8638606,DO_NOT_MAIL
D113072,0.9859474,MAIL
D116503,0.117591254,DO_NOT_MAIL
D110278,0.9333508,DO_NOT_MAIL
D135492,0.10715535,DO_NOT_MAIL
D122431,0.003911181,DO_NOT_MAIL
D114198,0.9913448,MAIL
D101598,0.0006597193,DO_NOT_MAIL
D111642,0.22006933,DO_NOT_MAIL
D119271,0.9039037,DO_NOT_MAIL
D125659,0.002750651,DO_NOT_MAIL
D138073,0.7725134,DO_NOT_MAIL
D123623,0.20634054,DO_NOT_MAIL
D107944,0.89230096,DO_NOT_MAIL
D107182,0.9947036,MAIL
D123981,0.039313983,DO_NOT_MAIL
D120351,0.8546097,DO_NOT_MAIL
D125844,0.98628366,MAIL
D108107,0.9768689,MAIL
D121423,0.8536362,DO_NOT_MAIL
D134232,0.37985092,DO_NOT_MAIL
D108431,0.020634528,DO_NOT_MAIL
D140150,0.6792658,DO_NOT_MAIL
D121502,0.7597075,DO_NOT_MAIL
D131187,0.9715028,MAIL
D133582,0.03158624,DO_NOT_MAIL
D123882,0.94245774,DO_NOT_MAIL
D118173,0.43585023,DO_NOT_MAIL
D112258,0.8165528,DO_NOT_MAIL
D111876,0.6819401,DO_NOT_MAIL
D140475,0.0052358727,DO_NOT_MAIL
D136127,0.40978232,DO_NOT_MAIL
D103634,0.62193674,DO_NOT_MAIL
D118359,0.6690531,DO_NOT_MAIL
D113400,0.99481213,MAIL
D122337,0.96996504,MAIL
D144242,0.022167167,DO_NOT_MAIL
D115552,0.9519325,DO_NOT_MAIL
D102881,0.7626379,DO_NOT_MAIL
D140065,0.006853777,DO_NOT_MAIL
D110543,0.9003407,DO_NOT_MAIL
D121771,0.017598214,DO_NOT_MAIL
D105417,0.020390006,DO_NOT_MAIL
D112749,0.9927229,MAIL
D106311,0.37985092,DO_NOT_MAIL
D112866,0.90447336,DO_NOT_MAIL
D143995,0.06632204,DO_NOT_MAIL
D141434,0.250286,DO_NOT_MAIL
D123499,0.9118403,DO_NOT_MAIL
D109716,0.93013823,DO_NOT_MAIL
D137537,0.6967225,DO_NOT_MAIL
D119844,0.65463436,DO_NOT_MAIL
D131091,0.9736867,MAIL
D135751,0.81474036,DO_NOT_MAIL
D117195,0.82526016,DO_NOT_MAIL
D117909,0.57365626,DO_NOT_MAIL
D127921,0.4774046,DO_NOT_MAIL
D100018,0.04447422,DO_NOT_MAIL
D143851,0.074087545,DO_NOT_MAIL
D116710,0.6690531,DO_NOT_MAIL
D135866,0.8756876,DO_NOT_MAIL
D131657,0.8211532,DO_NOT_MAIL
D104156,0.23432696,DO_NOT_MAIL
D104826,0.043056298,DO_NOT_MAIL
D128375,0.005686856,DO_NOT_MAIL
D137659,0.83709186,DO_NOT_MAIL
D128374,0.014796956,DO_NOT_MAIL
D117776,0.9550682,MAIL
D144375,0.31473398,DO_NOT_MAIL
D121575,0.8073583,DO_NOT_MAIL
D133411,0.6431161,DO_NOT_MAIL
D133522,0.9306288,DO_NOT_MAIL
D142030,0.009063902,DO_NOT_MAIL
D104741,0.9377958,DO_NOT_MAIL
D106182,0.97877216,MAIL
D122454,0.9584709,MAIL
D113167,0.8472271,DO_NOT_MAIL
D112847,0.6080825,DO_NOT_MAIL
D130694,0.92924166,DO_NOT_MAIL
D126550,0.22507311,DO_NOT_MAIL
D117224,0.9584709,MAIL
D124565,0.98464113,MAIL
D113292,0.29688436,DO_NOT_MAIL
D136680,0.19219582,DO_NOT_MAIL
D108542,0.013207183,DO_NOT_MAIL
D121238,0.41555756,DO_NOT_MAIL
D132359,0.20531748,DO_NOT_MAIL
D105060,0.90379035,DO_NOT_MAIL
D118552,0.90179396,DO_NOT_MAIL
D122495,0.90447336,DO_NOT_MAIL
D123128,0.00019911458,DO_NOT_MAIL
D129538,0.9698342,MAIL
D100953,0.23611338,DO_NOT_MAIL
D105125,0.97261816,MAIL
D101389,0.8726598,DO_NOT_MAIL
D102486,0.0006268358,DO_NOT_MAIL
D108105,0.96223414,MAIL
D142289,0.30119085,DO_NOT_MAIL
D144240,0.18618438,DO_NOT_MAIL
D123141,0.12798783,DO_NOT_MAIL
D144470,0.9294427,DO_NOT_MAIL
D128006,0.011445828,DO_NOT_MAIL
D109433,0.95827425,MAIL
D102422,0.09311575,DO_NOT_MAIL
D113069,0.5925024,DO_NOT_MAIL
D122346,0.30263826,DO_NOT_MAIL
D127022,0.004686442,DO_NOT_MAIL
D132960,0.9428292,DO_NOT_MAIL
D141742,0.4523639,DO_NOT_MAIL
D118575,0.99302906,MAIL
D117391,0.92517847,DO_NOT_MAIL
D115475,0.8415551,DO_NOT_MAIL
D130962,0.16378497,DO_NOT_MAIL
D132736,0.973722,MAIL
D112192,0.88971186,DO_NOT_MAIL
D107319,0.78538567,DO_NOT_MAIL
D107576,0.82004774,DO_NOT_MAIL
D110996,0.98580605,MAIL
D138376,0.0055137463,DO_NOT_MAIL
D136735,0.11966939,DO_NOT_MAIL
D100012,0.022619974,DO_NOT_MAIL
D113843,0.86922854,DO_NOT_MAIL
D140969,0.009071761,DO_NOT_MAIL
D130356,0.06688926,DO_NOT_MAIL
D127507,0.74914134,DO_NOT_MAIL
D115889,0.087294616,DO_NOT_MAIL
D113526,0.8732268,DO_NOT_MAIL
D125578,0.87721014,DO_NOT_MAIL
D109232,0.9926448,MAIL
D129883,0.54785824,DO_NOT_MAIL
D127313,0.9548616,MAIL
D114274,0.09617847,DO_NOT_MAIL
D109442,0.95294404,MAIL
D107468,0.96551836,MAIL
D118877,0.5410151,DO_NOT_MAIL
D107471,0.99230194,MAIL
D133471,0.0069965995,DO_NOT_MAIL
D115178,0.96245515,MAIL
D136082,0.0064962725,DO_NOT_MAIL
D136095,0.4333138,DO_NOT_MAIL
D112060,0.82066286,DO_NOT_MAIL
D130137,0.26199487,DO_NOT_MAIL
D117027,0.59878206,DO_NOT_MAIL
D122768,0.98118603,MAIL
D105819,0.37099186,DO_NOT_MAIL
D126509,0.020289125,DO_NOT_MAIL
D119537,0.7105394,DO_NOT_MAIL
D115091,0.05480299,DO_NOT_MAIL
D142593,0.6765881,DO_NOT_MAIL
D140106,0.028568286,DO_NOT_MAIL
D107539,0.8961919,DO_NOT_MAIL
D140911,0.11762032,DO_NOT_MAIL
D105736,0.74183184,DO_NOT_MAIL
D121651,0.9441003,DO_NOT_MAIL
D141873,0.012445522,DO_NOT_MAIL
D113930,0.6816522,DO_NOT_MAIL
D137461,0.9817467,MAIL
D108673,0.97699124,MAIL
D143495,0.0010136483,DO_NOT_MAIL
D123703,0.98380095,MAIL
D141622,0.008345354,DO_NOT_MAIL
D116244,0.9306288,DO_NOT_MAIL
D103874,0.024974363,DO_NOT_MAIL
D127062,0.22487499,DO_NOT_MAIL
D136204,0.008428752,DO_NOT_MAIL
D130506,0.82213485,DO_NOT_MAIL
D107345,0.039144516,DO_NOT_MAIL
D135565,0.59878206,DO_NOT_MAIL
D100861,0.9685309,MAIL
D108406,0.9654538,MAIL
D112034,0.9884421,MAIL
D107610,0.80955744,DO_NOT_MAIL
D114829,0.8537907,DO_NOT_MAIL
D139576,0.045558255,DO_NOT_MAIL
D126560,0.03595258,DO_NOT_MAIL
D115515,0.91026044,DO_NOT_MAIL
D105717,0.824826,DO_NOT_MAIL
D116275,0.93806165,DO_NOT_MAIL
D101292,0.9859474,MAIL
D137065,0.0021942277,DO_NOT_MAIL
D117099,0.008444689,DO_NOT_MAIL
D137095,0.3445537,DO_NOT_MAIL
D102589,0.8846277,DO_NOT_MAIL
D106867,0.37098488,DO_NOT_MAIL
D140191,0.012132285,DO_NOT_MAIL
D122024,0.0016755642,DO_NOT_MAIL
D134341,0.5473747,DO_NOT_MAIL
D144284,0.22715847,DO_NOT_MAIL
D135025,0.9748004,MAIL
D105907,0.8659051,DO_NOT_MAIL
D137117,0.036601216,DO_NOT_MAIL
D138382,0.14556861,DO_NOT_MAIL
D109934,0.969633,MAIL
D128334,0.5000924,DO_NOT_MAIL
D101796,0.013379894,DO_NOT_MAIL
D130505,0.8665668,DO_NOT_MAIL
D101901,0.029497866,DO_NOT_MAIL
D101361,0.95690113,MAIL
D109900,0.4507605,DO_NOT_MAIL
D118765,0.66697764,DO_NOT_MAIL
D129696,0.98631525,MAIL
D130056,0.9377958,DO_NOT_MAIL
D141688,0.013373068,DO_NOT_MAIL
D113883,0.8987183,DO_NOT_MAIL
D111144,0.973722,MAIL
D135782,0.9258597,DO_NOT_MAIL
D118680,0.4507605,DO_NOT_MAIL
D135264,0.7177682,DO_NOT_MAIL
D107620,0.84229296,DO_NOT_MAIL
D117284,0.06101864,DO_NOT_MAIL
D139252,0.508547,DO_NOT_MAIL
D127076,0.9092488,DO_NOT_MAIL
D136048,0.8193808,DO_NOT_MAIL
D130911,0.9006484,DO_NOT_MAIL
D121699,0.028081093,DO_NOT_MAIL
D104887,0.49042976,DO_NOT_MAIL
D138492,0.020395497,DO_NOT_MAIL
D134653,0.33743817,DO_NOT_MAIL
D114361,0.82213485,DO_NOT_MAIL
D141953,0.01817575,DO_NOT_MAIL
D138347,0.015485957,DO_NOT_MAIL
D108706,0.9329747,DO_NOT_MAIL
D112246,0.109055124,DO_NOT_MAIL
D105484,0.0016639876,DO_NOT_MAIL
D142939,4.7432262e-05,DO_NOT_MAIL
D110486,0.54785824,DO_NOT_MAIL
D102963,0.9654538,MAIL
D144230,0.007580946,DO_NOT_MAIL
D134208,0.8852851,DO_NOT_MAIL
D127254,0.9685309,MAIL
D123228,0.014877507,DO_NOT_MAIL
D127498,0.8555243,DO_NOT_MAIL
D138877,0.036521878,DO_NOT_MAIL
D127239,0.87722886,DO_NOT_MAIL
D111825,0.9259016,DO_NOT_MAIL
D109821,0.56445444,DO_NOT_MAIL
D143667,0.025574997,DO_NOT_MAIL
D136567,0.094354436,DO_NOT_MAIL
D123698,0.0049084025,DO_NOT_MAIL
D130823,0.8764976,DO_NOT_MAIL
D141295,0.96268743,MAIL
D111976,0.6580289,DO_NOT_MAIL
D142075,0.915879,DO_NOT_MAIL
D102564,0.9862926,MAIL
D122962,0.9685309,MAIL
D112429,0.022378504,DO_NOT_MAIL
D102124,0.96184963,MAIL
D127713,0.43296874,DO_NOT_MAIL
D143931,0.017892199,DO_NOT_MAIL
D140378,0.034857433,DO_NOT_MAIL
D134686,0.9701361,MAIL
D122409,0.7969786,DO_NOT_MAIL
D131252,0.8898099,DO_NOT_MAIL
D131361,0.0008977029,DO_NOT_MAIL
D138308,0.07306858,DO_NOT_MAIL
D124803,0.092163414,DO_NOT_MAIL
D118487,0.6547513,DO_NOT_MAIL
D104765,0.9711856,MAIL
D123451,0.48687914,DO_NOT_MAIL
D139206,0.030687064,DO_NOT_MAIL
D123390,0.95568097,MAIL
D142126,0.36629647,DO_NOT_MAIL
D100761,0.97699124,MAIL
D102932,0.035993636,DO_NOT_MAIL
D103601,0.9003407,DO_NOT_MAIL
D104297,0.04717991,DO_NOT_MAIL
D122275,0.0010357891,DO_NOT_MAIL
D104361,0.96617204,MAIL
D130464,0.09484276,DO_NOT_MAIL
D138085,0.9271437,DO_NOT_MAIL
D108102,0.8602647,DO_NOT_MAIL
D137872,0.0020740724,DO_NOT_MAIL
D105731,0.528885,DO_NOT_MAIL
D119651,0.9624114,MAIL
D113704,0.8546097,DO_NOT_MAIL
D100804,0.9606411,MAIL
D121080,0.48687914,DO_NOT_MAIL
D117048,0.63160855,DO_NOT_MAIL
D120762,0.012227175,DO_NOT_MAIL
D142346,0.021459514,DO_NOT_MAIL
D100272,0.9747672,MAIL
D107211,0.96617204,MAIL
D112300,0.92679274,DO_NOT_MAIL
D103860,0.657778,DO_NOT_MAIL
D121308,0.9294427,DO_NOT_MAIL
D134926,0.9225519,DO_NOT_MAIL
D128902,0.0039034863,DO_NOT_MAIL
D110961,0.9788836,MAIL
D132320,0.07810547,DO_NOT_MAIL
D120683,0.97699124,MAIL
D113422,0.6431161,DO_NOT_MAIL
D122879,0.96551836,MAIL
D140301,0.03439591,DO_NOT_MAIL
D115674,0.24618055,DO_NOT_MAIL
D116126,0.9720347,MAIL
D113463,0.9690147,MAIL
D113183,0.8764,DO_NOT_MAIL
D131577,0.30313236,DO_NOT_MAIL
D115354,0.6431161,DO_NOT_MAIL
D117312,0.96558905,MAIL
D142274,0.50262386,DO_NOT_MAIL
D116885,0.5139931,DO_NOT_MAIL
D115530,0.9675739,MAIL
D113255,0.9009107,DO_NOT_MAIL
D114161,0.01757513,DO_NOT_MAIL
D137184,0.078912385,DO_NOT_MAIL
D129073,0.9506359,DO_NOT_MAIL
D120846,0.08096168,DO_NOT_MAIL
D112968,0.9672093,MAIL
D121625,0.0313147,DO_NOT_MAIL
D116493,0.016185915,DO_NOT_MAIL
D133158,0.052623443,DO_NOT_MAIL
D109800,0.006876971,DO_NOT_MAIL
D140418,0.005681377,DO_NOT_MAIL
D100552,0.028861657,DO_NOT_MAIL
D100544,0.42118564,DO_NOT_MAIL
D122847,0.62452406,DO_NOT_MAIL
D109161,0.8983231,DO_NOT_MAIL
D106534,0.98706704,MAIL
D112114,0.041575074,DO_NOT_MAIL
D140506,0.06804509,DO_NOT_MAIL
D106539,0.9812227,MAIL
D111610,0.9401205,DO_NOT_MAIL
D110107,0.955618,MAIL
D143074,0.06000005,DO_NOT_MAIL
D117992,0.96121466,MAIL
D124422,0.9325604,DO_NOT_MAIL
D137144,0.8087358,DO_NOT_MAIL
D106047,0.69809425,DO_NOT_MAIL
D141670,0.07009128,DO_NOT_MAIL
D126165,0.94418365,DO_NOT_MAIL
D114771,0.8167604,DO_NOT_MAIL
D102627,0.85706615,DO_NOT_MAIL
D140316,0.19985288,DO_NOT_MAIL
D122156,0.657778,DO_NOT_MAIL
D102072,0.08495454,DO_NOT_MAIL
D143532,0.04955665,DO_NOT_MAIL
D142646,0.011142553,DO_NOT_MAIL
D142760,0.0824063,DO_NOT_MAIL
D138838,0.37111625,DO_NOT_MAIL
D131185,0.40978232,DO_NOT_MAIL
D116283,0.98631525,MAIL
D140743,0.00035096952,DO_NOT_MAIL
D105974,0.8077166,DO_NOT_MAIL
D123192,0.9923178,MAIL
D129488,0.84848046,DO_NOT_MAIL
D114510,0.9675739,MAIL
D122546,0.9768689,MAIL
D142683,0.14493641,DO_NOT_MAIL
D117601,0.79437804,DO_NOT_MAIL
D122662,0.6240543,DO_NOT_MAIL
D134290,0.33022475,DO_NOT_MAIL
D139749,0.17101565,DO_NOT_MAIL
D137943,0.19611774,DO_NOT_MAIL
D100405,0.9747233,MAIL
D141882,0.7641077,DO_NOT_MAIL
D110225,0.92532676,DO_NOT_MAIL
D129929,0.9588186,MAIL
D142078,0.9039037,DO_NOT_MAIL
D107575,0.02591804,DO_NOT_MAIL
D129421,0.18120886,DO_NOT_MAIL
D133341,0.6725385,DO_NOT_MAIL
D143794,0.21299347,DO_NOT_MAIL
D114396,0.9684784,MAIL
D140451,0.022787537,DO_NOT_MAIL
D135145,0.018699784,DO_NOT_MAIL
D103540,0.068382345,DO_NOT_MAIL
D124350,0.014679172,DO_NOT_MAIL
D112689,0.6106876,DO_NOT_MAIL
D111960,0.3238702,DO_NOT_MAIL
D113421,0.6240543,DO_NOT_MAIL
D127068,0.97171783,MAIL
D134129,0.0080140745,DO_NOT_MAIL
D120744,0.9806153,MAIL
D143456,0.95819366,MAIL
D127992,0.83801347,DO_NOT_MAIL
D115555,0.82965887,DO_NOT_MAIL
D122548,0.7554021,DO_NOT_MAIL
D123389,0.88723224,DO_NOT_MAIL
D114384,0.0015552761,DO_NOT_MAIL
D133052,0.014280854,DO_NOT_MAIL
D111517,0.98349416,MAIL
D134734,0.1385148,DO_NOT_MAIL
D136950,0.8108997,DO_NOT_MAIL
D143598100,0.9981806,MAIL
D116625,0.2408622,DO_NOT_MAIL
D140089,0.019841013,DO_NOT_MAIL
D109601,0.9334319,DO_NOT_MAIL
D114194,0.6660427,DO_NOT_MAIL
D115723,0.9685836,MAIL
D103510,0.46031138,DO_NOT_MAIL
D100118,0.26185176,DO_NOT_MAIL
D105800,0.47305262,DO_NOT_MAIL
D138438,0.0066689122,DO_NOT_MAIL
D135986,0.52650124,DO_NOT_MAIL
D134980,0.08485366,DO_NOT_MAIL
D107095,0.9796536,MAIL
D140953,0.97149616,MAIL
D111591,0.9508744,DO_NOT_MAIL
D111408,0.066671826,DO_NOT_MAIL
D142085,0.0065742973,DO_NOT_MAIL
D135787,0.74459,DO_NOT_MAIL
D122941,0.1226197,DO_NOT_MAIL
D122849,0.79660517,DO_NOT_MAIL
D136064,0.21090199,DO_NOT_MAIL
D130159,0.00029585217,DO_NOT_MAIL
D111613,0.036232203,DO_NOT_MAIL
D107172,0.9377958,DO_NOT_MAIL
D117401,0.00091006,DO_NOT_MAIL
D117273,0.9657949,MAIL
D103656,0.9171358,DO_NOT_MAIL
D104164,0.3756004,DO_NOT_MAIL
D131810,0.37099186,DO_NOT_MAIL
D129404,0.007153724,DO_NOT_MAIL
D130169,0.82066286,DO_NOT_MAIL
D136849,0.97877216,MAIL
D106204,0.25954804,DO_NOT_MAIL
D138918,0.000794588,DO_NOT_MAIL
D101077,0.96176934,MAIL
D117028,0.9039037,DO_NOT_MAIL
D119256,0.97138107,MAIL
D142150,0.5427439,DO_NOT_MAIL
D102367,0.049027655,DO_NOT_MAIL
D134207,0.11071842,DO_NOT_MAIL
D110688,0.123588905,DO_NOT_MAIL
D127889,0.011843379,DO_NOT_MAIL
D134372,0.03613693,DO_NOT_MAIL
D119756,0.0018551244,DO_NOT_MAIL
D105625,0.91175425,DO_NOT_MAIL
D116985,0.83729506,DO_NOT_MAIL
D121645,0.824826,DO_NOT_MAIL
D120816,0.0046175714,DO_NOT_MAIL
D104079,0.0035357869,DO_NOT_MAIL
D134643,0.023170296,DO_NOT_MAIL
D102263,0.17834571,DO_NOT_MAIL
D108578,0.9931632,MAIL
D141220,0.11331358,DO_NOT_MAIL
D141319,0.12713152,DO_NOT_MAIL
D124629,0.05683999,DO_NOT_MAIL
D103726,0.9908636,MAIL
D133782,0.0033720743,DO_NOT_MAIL
D104028,0.56445444,DO_NOT_MAIL
D138923,0.89081204,DO_NOT_MAIL
D132203,0.87192446,DO_NOT_MAIL
D139055,0.012921933,DO_NOT_MAIL
D141375,0.037167955,DO_NOT_MAIL
D120145,0.03614898,DO_NOT_MAIL
D129346,0.97337025,MAIL
D116955,0.43306354,DO_NOT_MAIL
D136829,0.0022324095,DO_NOT_MAIL
D132123,0.4507605,DO_NOT_MAIL
D107614,0.56445444,DO_NOT_MAIL
D101122,0.9708299,MAIL
D109884,0.35715938,DO_NOT_MAIL
D123939,0.80441886,DO_NOT_MAIL
D121595,0.40061572,DO_NOT_MAIL
D133755,0.8983231,DO_NOT_MAIL
D129866,0.92679274,DO_NOT_MAIL
D139449,0.9834019,MAIL
D109983,0.63208497,DO_NOT_MAIL
D127691,0.98721606,MAIL
D100334,0.0056220675,DO_NOT_MAIL
D104219,0.024961194,DO_NOT_MAIL
D116279,0.8576082,DO_NOT_MAIL
D122399,0.25449836,DO_NOT_MAIL
D130046,0.98098,MAIL
D136358,0.90179396,DO_NOT_MAIL
D143424,0.41652447,DO_NOT_MAIL
D133226,0.051098756,DO_NOT_MAIL
D137882,0.00080042524,DO_NOT_MAIL
D120551,0.1129934,DO_NOT_MAIL
D120190,0.7287747,DO_NOT_MAIL
D121125,0.98706704,MAIL
D117250,0.98778266,MAIL
D126734,0.0058687176,DO_NOT_MAIL
D118064,0.8165528,DO_NOT_MAIL
D116764,0.7730235,DO_NOT_MAIL
D134668,0.7304995,DO_NOT_MAIL
D102421,0.48993453,DO_NOT_MAIL
D133486,0.40978232,DO_NOT_MAIL
D143293,0.0011638058,DO_NOT_MAIL
D112226,0.57365626,DO_NOT_MAIL
D140175,0.006738402,DO_NOT_MAIL
D125150,0.93728566,DO_NOT_MAIL
D125739,0.8595816,DO_NOT_MAIL
D127919,0.0093917735,DO_NOT_MAIL
D109219,0.9669261,MAIL
D143507,0.061662506,DO_NOT_MAIL
D114907,0.9802091,MAIL
D128170,0.72434723,DO_NOT_MAIL
D123400,0.81474036,DO_NOT_MAIL
D135612,0.94078404,DO_NOT_MAIL
D121526,0.16075782,DO_NOT_MAIL
D134624,0.98332673,MAIL
D112056,0.96996504,MAIL
D137246,0.14668092,DO_NOT_MAIL
D141768,0.15028153,DO_NOT_MAIL
D119719,0.86891735,DO_NOT_MAIL
D113624,0.93300116,DO_NOT_MAIL
D105461,0.057939425,DO_NOT_MAIL
D116963,0.0013841353,DO_NOT_MAIL
D128434,0.8665668,DO_NOT_MAIL
D127648,0.9781587,MAIL
D119574,0.982675,MAIL
D120526,0.87192446,DO_NOT_MAIL
D137817,0.0042631365,DO_NOT_MAIL
D106317,0.8537907,DO_NOT_MAIL
D144366,0.25135934,DO_NOT_MAIL
D140198,0.11086154,DO_NOT_MAIL
D118560,0.10375574,DO_NOT_MAIL
D139377,0.25153318,DO_NOT_MAIL
D124365,0.37284228,DO_NOT_MAIL
D116496,0.9508744,DO_NOT_MAIL
D122321,0.9470951,DO_NOT_MAIL
D108199,0.9491667,DO_NOT_MAIL
D106810,0.00071262254,DO_NOT_MAIL
D143079,0.15984257,DO_NOT_MAIL
D139495,0.029458672,DO_NOT_MAIL
D125544,0.0017247268,DO_NOT_MAIL
D128708,0.88723224,DO_NOT_MAIL
D131396,0.05664486,DO_NOT_MAIL
D119579,0.99194884,MAIL
D120013,0.037458643,DO_NOT_MAIL
D106542,0.9908636,MAIL
D137147,0.6472048,DO_NOT_MAIL
D134305,0.03345501,DO_NOT_MAIL
D111767,0.6365106,DO_NOT_MAIL
D103977,0.9940743,MAIL
D107318,0.014894444,DO_NOT_MAIL
D132525,0.9025419,DO_NOT_MAIL
D106409,0.83211666,DO_NOT_MAIL
D115104,0.04462602,DO_NOT_MAIL
D123262,0.90409,DO_NOT_MAIL
D115364,0.005132757,DO_NOT_MAIL
D104922,0.9698342,MAIL
D100860,0.8087358,DO_NOT_MAIL
D119495,0.03912197,DO_NOT_MAIL
D127954,0.7819923,DO_NOT_MAIL
D141460,0.47151965,DO_NOT_MAIL
D129273,9.848867e-05,DO_NOT_MAIL
D132791,0.955618,MAIL
D111688,0.9039037,DO_NOT_MAIL
D135509,0.014906769,DO_NOT_MAIL
D125765,0.008976258,DO_NOT_MAIL
D137754,0.036659993,DO_NOT_MAIL
D107989,0.8726598,DO_NOT_MAIL
D103316,0.98471385,MAIL
D133313,0.0047999937,DO_NOT_MAIL
D108913,0.90447336,DO_NOT_MAIL
D100455,0.56445444,DO_NOT_MAIL
D117539,0.37099186,DO_NOT_MAIL
D106220,0.9770189,MAIL
D105233,0.6469854,DO_NOT_MAIL
D114844,0.7782205,DO_NOT_MAIL
D141224,0.0069744615,DO_NOT_MAIL
D118410,0.7138439,DO_NOT_MAIL
D128790,0.9937372,MAIL
D140649,0.08718866,DO_NOT_MAIL
D140978,0.13020536,DO_NOT_MAIL
D142686,0.002215014,DO_NOT_MAIL
D102787,0.9681835,MAIL
D123782,0.991771,MAIL
D101685,0.90302545,DO_NOT_MAIL
D117155,0.5398258,DO_NOT_MAIL
D102373,0.0011312341,DO_NOT_MAIL
D128148,0.000965686,DO_NOT_MAIL
D133165,0.9685836,MAIL
D134440,0.02188114,DO_NOT_MAIL
D114058,0.8546097,DO_NOT_MAIL
D120778,0.9452905,DO_NOT_MAIL
D120395,0.9657949,MAIL
D139789,0.19173113,DO_NOT_MAIL
D120108,0.8546097,DO_NOT_MAIL
D121661,0.9176977,DO_NOT_MAIL
D101108,0.10442466,DO_NOT_MAIL
D144478,0.9105622,DO_NOT_MAIL
D121170,0.92975193,DO_NOT_MAIL
D117275,0.78161925,DO_NOT_MAIL
D142303,0.03881684,DO_NOT_MAIL
D143740,7.708926e-05,DO_NOT_MAIL
D121692,0.0046404693,DO_NOT_MAIL
D143659,0.014026405,DO_NOT_MAIL
D114834,0.5617754,DO_NOT_MAIL
D131998,0.9955136,MAIL
D123771,0.37985092,DO_NOT_MAIL
D125506,0.92848164,DO_NOT_MAIL
D106233,0.89230096,DO_NOT_MAIL
D131489,0.9434021,DO_NOT_MAIL
D110053,0.8291849,DO_NOT_MAIL
D101285,0.12584603,DO_NOT_MAIL
D127814,0.11966939,DO_NOT_MAIL
D100712,0.272968,DO_NOT_MAIL
D100436,0.48687914,DO_NOT_MAIL
D134848,0.038400322,DO_NOT_MAIL
D118302,0.92517406,DO_NOT_MAIL
D132591,0.9684784,MAIL
D119823,0.07324539,DO_NOT_MAIL
D129906,0.85608035,DO_NOT_MAIL
D137450,0.98895055,MAIL
D131926,0.96522987,MAIL
D135192,0.87722886,DO_NOT_MAIL
D122860,0.6690531,DO_NOT_MAIL
D123138,0.88879144,DO_NOT_MAIL
D144197,0.12780474,DO_NOT_MAIL
D104277,0.25449836,DO_NOT_MAIL
D101425,0.9672093,MAIL
D131986,0.98021346,MAIL
D121729,0.87722886,DO_NOT_MAIL
D132769,0.011695275,DO_NOT_MAIL
D104832,0.8961919,DO_NOT_MAIL
D137174,0.7341651,DO_NOT_MAIL
D142310,0.54453105,DO_NOT_MAIL
D104881,0.824826,DO_NOT_MAIL
D139963,0.09512018,DO_NOT_MAIL
D135049,0.005338448,DO_NOT_MAIL
D143351,0.006505379,DO_NOT_MAIL
D142321,0.33898342,DO_NOT_MAIL
D125761,0.96522987,MAIL
D116094,0.9006484,DO_NOT_MAIL
D118310,0.40858412,DO_NOT_MAIL
D123039,0.99101263,MAIL
D114720,0.092163414,DO_NOT_MAIL
D135631,0.8193808,DO_NOT_MAIL
D109563,0.5014364,DO_NOT_MAIL
D128062,0.98066485,MAIL
D120435,0.0011996136,DO_NOT_MAIL
D143482,0.11816433,DO_NOT_MAIL
D133983,0.96521676,MAIL
D128666,0.7819923,DO_NOT_MAIL
D108534,0.850333,DO_NOT_MAIL
D109341,0.22545798,DO_NOT_MAIL
D141994,0.37175465,DO_NOT_MAIL
D143769,0.031688213,DO_NOT_MAIL
D116851,0.96938187,MAIL
D132238,0.11195281,DO_NOT_MAIL
D101063,0.5649325,DO_NOT_MAIL
D127598,0.843054,DO_NOT_MAIL
D109951,0.9171358,DO_NOT_MAIL
D100970,0.9945648,MAIL
D113975,0.7304995,DO_NOT_MAIL
D113943,0.90447336,DO_NOT_MAIL
D140104,0.9314229,DO_NOT_MAIL
D132555,0.97373116,MAIL
D140512,0.05780683,DO_NOT_MAIL
D105876,0.0011752454,DO_NOT_MAIL
D129668,0.9548616,MAIL
D100402,0.9025419,DO_NOT_MAIL
D140783,0.23199436,DO_NOT_MAIL
D137291,0.9105622,DO_NOT_MAIL
D128555,0.09377903,DO_NOT_MAIL
D103431,0.8442615,DO_NOT_MAIL
D109547,0.20772536,DO_NOT_MAIL
D125564,0.955618,MAIL
D120478,0.6469854,DO_NOT_MAIL
D125449,0.6431161,DO_NOT_MAIL
D105899,0.0030789142,DO_NOT_MAIL
D140253,0.0047600926,DO_NOT_MAIL
D100229,0.037325416,DO_NOT_MAIL
D120843,0.9762113,MAIL
D132988,0.8638606,DO_NOT_MAIL
D136416,0.834478,DO_NOT_MAIL
D130952,0.9334319,DO_NOT_MAIL
D119989,0.9347862,DO_NOT_MAIL
D117588,0.5243425,DO_NOT_MAIL
D138481,0.32101646,DO_NOT_MAIL
D112712,0.82004774,DO_NOT_MAIL
D129598,0.992488,MAIL
D139442,0.03861856,DO_NOT_MAIL
D101079,0.3817256,DO_NOT_MAIL
D106167,0.8961919,DO_NOT_MAIL
D106903,0.8852851,DO_NOT_MAIL
D136774,0.90744495,DO_NOT_MAIL
D108692,0.47305262,DO_NOT_MAIL
D142081,0.85133654,DO_NOT_MAIL
D127010,0.9718807,MAIL
D113866,0.008401017,DO_NOT_MAIL
D125311,0.95227355,MAIL
D123307,0.004006682,DO_NOT_MAIL
D137669,0.001793546,DO_NOT_MAIL
D117290,0.9152594,DO_NOT_MAIL
D129462,0.9624114,MAIL
D130105,0.7889207,DO_NOT_MAIL
D118063,0.79437804,DO_NOT_MAIL
D110187,0.26758444,DO_NOT_MAIL
D132958,0.63461775,DO_NOT_MAIL
D103254,0.9793005,MAIL
D137552,0.8624784,DO_NOT_MAIL
D103827,0.035049174,DO_NOT_MAIL
D129868,0.9274354,DO_NOT_MAIL
D137929,0.8449056,DO_NOT_MAIL
D115298,0.9401205,DO_NOT_MAIL
D103497,0.73969823,DO_NOT_MAIL
D124759,0.62353516,DO_NOT_MAIL
D127301,0.07320239,DO_NOT_MAIL
D122505,0.843054,DO_NOT_MAIL
D139730,0.4674139,DO_NOT_MAIL
D118085,0.26671645,DO_NOT_MAIL
D130485,0.97138107,MAIL
D144531,0.9217734,DO_NOT_MAIL
D141344,0.25556487,DO_NOT_MAIL
D104382,0.13451114,DO_NOT_MAIL
D129680,0.97166663,MAIL
D115435,0.84848046,DO_NOT_MAIL
D143916,0.0029178855,DO_NOT_MAIL
D106756,0.94473964,DO_NOT_MAIL
D108793,0.0038085917,DO_NOT_MAIL
D142103,0.00802158,DO_NOT_MAIL
D105743,0.97877216,MAIL
D103699,0.8073583,DO_NOT_MAIL
D135897,0.8916998,DO_NOT_MAIL
D136191,0.970204,MAIL
D133039,0.2634106,DO_NOT_MAIL
D119355,0.10017497,DO_NOT_MAIL
D140907,0.024700738,DO_NOT_MAIL
D124675,0.31989333,DO_NOT_MAIL
D129563,0.9639058,MAIL
D132047,0.017574603,DO_NOT_MAIL
D140225,0.3977322,DO_NOT_MAIL
D142207,0.10173128,DO_NOT_MAIL
D111004,0.8665668,DO_NOT_MAIL
D109034,0.9884421,MAIL
D113186,0.22359478,DO_NOT_MAIL
D101284,0.12155125,DO_NOT_MAIL
D100733,0.022628589,DO_NOT_MAIL
D101441,0.038638942,DO_NOT_MAIL
D129793,0.89891535,DO_NOT_MAIL
D133261,0.9185091,DO_NOT_MAIL
D125878,0.030067079,DO_NOT_MAIL
D113135,0.86922854,DO_NOT_MAIL
D107106,0.94473964,DO_NOT_MAIL
D104264,0.9498495,DO_NOT_MAIL
D103305,0.009160888,DO_NOT_MAIL
D137915,0.09016389,DO_NOT_MAIL
D143526,0.028843138,DO_NOT_MAIL
D101280,0.062732115,DO_NOT_MAIL
D127832,0.94288254,DO_NOT_MAIL
D108642,0.99319756,MAIL
D117231,0.9763289,MAIL
D104425,0.006321786,DO_NOT_MAIL
D109895,0.17024116,DO_NOT_MAIL
D129303,0.83081913,DO_NOT_MAIL
D140599,0.0048332545,DO_NOT_MAIL
D127630,0.19306861,DO_NOT_MAIL
D138061,0.08559396,DO_NOT_MAIL
D140929,0.031116381,DO_NOT_MAIL
D134062,0.00037659606,DO_NOT_MAIL
D130756,0.13422024,DO_NOT_MAIL
D112895,0.7597075,DO_NOT_MAIL
D100658,0.18219417,DO_NOT_MAIL
D133164,0.9658242,MAIL
D131805,0.9724357,MAIL
D105801,0.9781587,MAIL
D133517,0.010437366,DO_NOT_MAIL
D132593,0.40978232,DO_NOT_MAIL
D133897,0.0014983966,DO_NOT_MAIL
D142492,0.004155768,DO_NOT_MAIL
D115598,0.016423378,DO_NOT_MAIL
D140944,0.946655,DO_NOT_MAIL
D143987,0.020150406,DO_NOT_MAIL
D121025,0.8094891,DO_NOT_MAIL
D119384,0.7392137,DO_NOT_MAIL
D133735,0.521674,DO_NOT_MAIL
D115101,0.9711856,MAIL
D133942,0.9009107,DO_NOT_MAIL
D144584,0.0038985317,DO_NOT_MAIL
D142292,0.039049044,DO_NOT_MAIL
D130803,0.617358,DO_NOT_MAIL
D111265,0.9908025,MAIL
D117730,0.88723224,DO_NOT_MAIL
D131062,0.63208497,DO_NOT_MAIL
D110503,0.96864766,MAIL
D116917,0.7738617,DO_NOT_MAIL
D102675,0.977009,MAIL
D115267,0.5925024,DO_NOT_MAIL
D126994,0.16317369,DO_NOT_MAIL
D115524,0.9302993,DO_NOT_MAIL
D127699,0.010223592,DO_NOT_MAIL
D140694,0.066581815,DO_NOT_MAIL
D130391,0.9736867,MAIL
D109387,0.96827155,MAIL
D126329,0.24658568,DO_NOT_MAIL
D132538,0.7287747,DO_NOT_MAIL
D108060,0.56299716,DO_NOT_MAIL
D124784,0.0538107,DO_NOT_MAIL
D114703,0.6690531,DO_NOT_MAIL
D127144,0.0060071936,DO_NOT_MAIL
D113027,0.98523104,MAIL
D134689,0.94260883,DO_NOT_MAIL
D126253,0.83505756,DO_NOT_MAIL
D106101,0.8399911,DO_NOT_MAIL
D126074,0.9908206,MAIL
D101396,0.9009107,DO_NOT_MAIL
D130132,0.8881307,DO_NOT_MAIL
D129597,0.9615289,MAIL
D142850,0.0037788872,DO_NOT_MAIL
D143000,0.0005000069,DO_NOT_MAIL
D135775,0.02496858,DO_NOT_MAIL
D105261,0.961119,MAIL
D144296,0.40250668,DO_NOT_MAIL
D135568,0.96000904,MAIL
D131018,0.20064114,DO_NOT_MAIL
D138850,0.018068172,DO_NOT_MAIL
D127432,0.8698155,DO_NOT_MAIL
D118377,0.9433685,DO_NOT_MAIL
D133720,0.9821608,MAIL
D103019,0.024044769,DO_NOT_MAIL
D111111,0.02922907,DO_NOT_MAIL
D110878,0.00029765296,DO_NOT_MAIL
D127049,0.056835506,DO_NOT_MAIL
D100778,0.41707295,DO_NOT_MAIL
D140620,0.33177748,DO_NOT_MAIL
D115313,0.955618,MAIL
D111755,0.9658242,MAIL
D119692,0.81131417,DO_NOT_MAIL
D123314,0.02376041,DO_NOT_MAIL
D129772,0.96996504,MAIL
D108912,0.058510885,DO_NOT_MAIL
D138798,0.7993422,DO_NOT_MAIL
D137945,0.83282393,DO_NOT_MAIL
D140484,0.16983691,DO_NOT_MAIL
D118184,0.9720347,MAIL
D116055,0.06481649,DO_NOT_MAIL
D119585,0.9132189,DO_NOT_MAIL
D138241,0.001001293,DO_NOT_MAIL
D129683,0.9693406,MAIL
D117449,0.824826,DO_NOT_MAIL
D136808,0.00390955,DO_NOT_MAIL
D111383,0.004698825,DO_NOT_MAIL
D123450,0.9640741,MAIL
D111252,0.83709186,DO_NOT_MAIL
D125049,0.958693,MAIL
D114221,0.99288416,MAIL
D104063,0.01152213,DO_NOT_MAIL
D132225,0.9781587,MAIL
D109258,0.98943824,MAIL
D108816,0.94837177,DO_NOT_MAIL
D100871,0.99302906,MAIL
D110125,0.9859474,MAIL
D136596,0.08122631,DO_NOT_MAIL
D137712,0.96659976,MAIL
D138996,0.41934124,DO_NOT_MAIL
D139169,0.011769415,DO_NOT_MAIL
D121111,0.87722886,DO_NOT_MAIL
D100444,0.40150443,DO_NOT_MAIL
D125858,0.021813659,DO_NOT_MAIL
D129153,0.59878206,DO_NOT_MAIL
D133525,0.8332882,DO_NOT_MAIL
D101343,0.82060635,DO_NOT_MAIL
D105912,0.6545905,DO_NOT_MAIL
D108734,0.006455065,DO_NOT_MAIL
D105859,0.83505756,DO_NOT_MAIL
D136554,0.8595816,DO_NOT_MAIL
D111793,0.48687914,DO_NOT_MAIL
D126450,0.54785824,DO_NOT_MAIL
D120567,0.0007472994,DO_NOT_MAIL
D107729,0.657778,DO_NOT_MAIL
D115106,0.8693399,DO_NOT_MAIL
D130533,0.20763133,DO_NOT_MAIL
D127025,0.005637654,DO_NOT_MAIL
D124864,0.9452905,DO_NOT_MAIL
D124423,0.98471385,MAIL
D143943,0.0022627532,DO_NOT_MAIL
D137122,0.34577692,DO_NOT_MAIL
D126385,0.969633,MAIL
D127330,0.47663742,DO_NOT_MAIL
D118317,0.70336944,DO_NOT_MAIL
D133433,0.81686443,DO_NOT_MAIL
D133147,0.90179396,DO_NOT_MAIL
D115948,0.29273427,DO_NOT_MAIL
D111160,0.0884658,DO_NOT_MAIL
D101231,0.83709186,DO_NOT_MAIL
D108910,0.63461775,DO_NOT_MAIL
D137183,0.9171358,DO_NOT_MAIL
D122007,0.9913448,MAIL
D140372,0.8466029,DO_NOT_MAIL
D134978,0.22622243,DO_NOT_MAIL
D136869,0.8447092,DO_NOT_MAIL
D121796,0.021025954,DO_NOT_MAIL
D125283,0.843054,DO_NOT_MAIL
D132785,0.25127065,DO_NOT_MAIL
D101321,0.85991716,DO_NOT_MAIL
D128178,0.26111245,DO_NOT_MAIL
D107176,0.20590776,DO_NOT_MAIL
D100652,0.88971186,DO_NOT_MAIL
D135113,0.97441304,MAIL
D101014,0.97373116,MAIL
D110445,0.003191206,DO_NOT_MAIL
D142601,0.09092673,DO_NOT_MAIL
D121036,0.8892487,DO_NOT_MAIL
D105485,0.9654538,MAIL
D118564,0.9006484,DO_NOT_MAIL
D120212,0.92751646,DO_NOT_MAIL
D103756,0.37841973,DO_NOT_MAIL
D109018,0.9763776,MAIL
D131382,0.0004496353,DO_NOT_MAIL
D137331,0.86032593,DO_NOT_MAIL
D108792,0.1307302,DO_NOT_MAIL
D105279,0.10364252,DO_NOT_MAIL
D133508,0.03085507,DO_NOT_MAIL
D101612,0.97261816,MAIL
D141466,0.012803223,DO_NOT_MAIL
D124910,0.03668071,DO_NOT_MAIL
D100663,0.90447336,DO_NOT_MAIL
D120817,0.0039068605,DO_NOT_MAIL
D106213,0.9305908,DO_NOT_MAIL
D116771,0.9788836,MAIL
D106065,0.79437804,DO_NOT_MAIL
D133206,0.8916998,DO_NOT_MAIL
D139089,0.388258,DO_NOT_MAIL
D116410,0.6545905,DO_NOT_MAIL
D123583,0.8211532,DO_NOT_MAIL
D121255,0.8576082,DO_NOT_MAIL
D131918,0.06353895,DO_NOT_MAIL
D139654,0.0021809132,DO_NOT_MAIL
D108470,0.85105556,DO_NOT_MAIL
D137226,0.84229296,DO_NOT_MAIL
D111750,0.0034538254,DO_NOT_MAIL
D120146,0.08539455,DO_NOT_MAIL
D121921,0.73279566,DO_NOT_MAIL
D138745,0.92681754,DO_NOT_MAIL
D117216,0.3238702,DO_NOT_MAIL
D135418,0.9711856,MAIL
D107555,0.9788836,MAIL
D128547,0.96483654,MAIL
D114143,0.99292165,MAIL
D131513,0.91026044,DO_NOT_MAIL
D108940,0.8427521,DO_NOT_MAIL
D136232,0.002554227,DO_NOT_MAIL
D132151,0.9859474,MAIL
D114559,0.83729506,DO_NOT_MAIL
D131817,0.54785824,DO_NOT_MAIL
D134005,0.86032593,DO_NOT_MAIL
D127139,0.01757242,DO_NOT_MAIL
D110017,0.87599576,DO_NOT_MAIL
D109429,0.77132523,DO_NOT_MAIL
D141374,0.028846463,DO_NOT_MAIL
D143573,0.1915736,DO_NOT_MAIL
D105590,0.00597738,DO_NOT_MAIL
D126857,0.8925203,DO_NOT_MAIL
D135047,0.45316285,DO_NOT_MAIL
D111994,0.06683647,DO_NOT_MAIL
D138585,0.056147836,DO_NOT_MAIL
D100475,0.003614069,DO_NOT_MAIL
D124054,0.88971186,DO_NOT_MAIL
D107841,0.18861748,DO_NOT_MAIL
D141133,0.82604295,DO_NOT_MAIL
D114179,0.8983231,DO_NOT_MAIL
D116295,0.9667681,MAIL
D103330,0.94473964,DO_NOT_MAIL
D124062,0.015483246,DO_NOT_MAIL
D125208,0.7597075,DO_NOT_MAIL
D113771,0.8297041,DO_NOT_MAIL
D127652,0.9463768,DO_NOT_MAIL
D130254,0.8093756,DO_NOT_MAIL
D110157,0.9302993,DO_NOT_MAIL
D143055,0.09665521,DO_NOT_MAIL
D104158,0.056463458,DO_NOT_MAIL
D103753,0.8077166,DO_NOT_MAIL
D134619,0.9418153,DO_NOT_MAIL
D116262,0.65463436,DO_NOT_MAIL
D100795,0.98286635,MAIL
D102552,0.0038301614,DO_NOT_MAIL
D112986,0.43296874,DO_NOT_MAIL
D127660,0.022969315,DO_NOT_MAIL
D108242,0.88879144,DO_NOT_MAIL
D143170,0.90703464,DO_NOT_MAIL
D143377,0.9573107,MAIL
D113150,0.027022004,DO_NOT_MAIL
D133672,0.092163414,DO_NOT_MAIL
D127930,0.0026765997,DO_NOT_MAIL
D118555,0.8722838,DO_NOT_MAIL
D106627,0.9792924,MAIL
D133981,0.0031328057,DO_NOT_MAIL
D110917,0.99122953,MAIL
D106462,0.85204154,DO_NOT_MAIL
D125573,0.92608035,DO_NOT_MAIL
D144015,0.0005047014,DO_NOT_MAIL
D102507,0.056087393,DO_NOT_MAIL
D112742,0.087294616,DO_NOT_MAIL
D104872,0.80390793,DO_NOT_MAIL
D137120,0.95227355,MAIL
D138100,0.9602031,MAIL
D141668,0.0103620235,DO_NOT_MAIL
D117267,0.9581196,MAIL
D112797,0.04518125,DO_NOT_MAIL
D134304,0.96004707,MAIL
D144225,0.013008443,DO_NOT_MAIL
D102107,0.8545162,DO_NOT_MAIL
D129796,0.66697764,DO_NOT_MAIL
D113878,0.96500885,MAIL
D128266,0.95693064,MAIL
D126256,0.9937643,MAIL
D134241,0.9740155,MAIL
D136023,0.29270336,DO_NOT_MAIL
D135010,0.70336944,DO_NOT_MAIL
D131094,0.87722886,DO_NOT_MAIL
D128603,0.16644359,DO_NOT_MAIL
D115047,0.8211532,DO_NOT_MAIL
D100773,0.9716717,MAIL
D129438,0.77132523,DO_NOT_MAIL
D100707,0.9756825,MAIL
D116925,0.9377958,DO_NOT_MAIL
D131380,0.03510108,DO_NOT_MAIL
D104939,0.9534365,MAIL
D111734,0.82066286,DO_NOT_MAIL
D103460,0.8077166,DO_NOT_MAIL
D136222,0.9791246,MAIL
D139492,0.07292416,DO_NOT_MAIL
D118127,0.05034316,DO_NOT_MAIL
D128448,0.84848046,DO_NOT_MAIL
D141137,0.062348615,DO_NOT_MAIL
D106954,0.7889207,DO_NOT_MAIL
D139000,0.90765685,DO_NOT_MAIL
D106359,0.92521757,DO_NOT_MAIL
D103349,0.04023724,DO_NOT_MAIL
D104057,0.00081657665,DO_NOT_MAIL
D104350,0.92150646,DO_NOT_MAIL
D137234,0.99650997,MAIL
D123248,0.09093469,DO_NOT_MAIL
D101651,0.0045250584,DO_NOT_MAIL
D104426,0.37098488,DO_NOT_MAIL
D100322,0.9615289,MAIL
D129599,0.9924231,MAIL
D119163,0.31166193,DO_NOT_MAIL
D131103,0.91047347,DO_NOT_MAIL
D104010,0.22447821,DO_NOT_MAIL
D118860,0.85608035,DO_NOT_MAIL
D136255,0.028009085,DO_NOT_MAIL
D100186,0.011968945,DO_NOT_MAIL
D133379,0.87722886,DO_NOT_MAIL
D117047,0.57365626,DO_NOT_MAIL
D132738,0.9548616,MAIL
D100019,0.052950975,DO_NOT_MAIL
D120570,0.7345177,DO_NOT_MAIL
D101134,0.9302993,DO_NOT_MAIL
D116017,0.88336307,DO_NOT_MAIL
D136525,0.70131403,DO_NOT_MAIL
D128787,0.025183555,DO_NOT_MAIL
D143845,0.82680005,DO_NOT_MAIL
D135939,0.039074283,DO_NOT_MAIL
D116511,0.9278522,DO_NOT_MAIL
D120348,0.8989707,DO_NOT_MAIL
D100972,0.5715666,DO_NOT_MAIL
D128786,0.9708299,MAIL
D119847,0.67464757,DO_NOT_MAIL
D119965,0.22687677,DO_NOT_MAIL
D121396,0.9711856,MAIL
D112792,0.9701361,MAIL
D108155,0.116937056,DO_NOT_MAIL
D115803,0.9929743,MAIL
D136168,0.00014640811,DO_NOT_MAIL
D136971,0.94362795,DO_NOT_MAIL
D122793,0.00088402914,DO_NOT_MAIL
D107691,0.7027271,DO_NOT_MAIL
D111270,0.6106876,DO_NOT_MAIL
D105979,0.9232493,DO_NOT_MAIL
D108067,0.09314103,DO_NOT_MAIL
D117899,0.9658472,MAIL
D112482,0.101718605,DO_NOT_MAIL
D143151,0.00042120353,DO_NOT_MAIL
D136478,0.9415254,DO_NOT_MAIL
D103678,0.010653576,DO_NOT_MAIL
D116212,0.831485,DO_NOT_MAIL
D138066,0.2737344,DO_NOT_MAIL
D140850,0.39071488,DO_NOT_MAIL
D139861,0.010639102,DO_NOT_MAIL
D142027,0.037436213,DO_NOT_MAIL
D108834,0.6545905,DO_NOT_MAIL
D130091,0.97963756,MAIL
D116252,0.1839986,DO_NOT_MAIL
D138476,0.018051557,DO_NOT_MAIL
D109342,0.9762113,MAIL
D118616,0.8665668,DO_NOT_MAIL
D129602,0.97019583,MAIL
D135941,0.026947042,DO_NOT_MAIL
D135096,0.9434021,DO_NOT_MAIL
D117248,0.9637091,MAIL
D134260,0.9736867,MAIL
D135546,1.5217722e-05,DO_NOT_MAIL
D136989,0.0032785297,DO_NOT_MAIL
D102857,0.0050294707,DO_NOT_MAIL
D104904,0.4983999,DO_NOT_MAIL
D127404,0.843054,DO_NOT_MAIL
D143932,0.0020968036,DO_NOT_MAIL
D108001,0.8961919,DO_NOT_MAIL
D121887,0.9294427,DO_NOT_MAIL
D113997,0.96558905,MAIL
D127999,0.2750964,DO_NOT_MAIL
D123326,0.84229296,DO_NOT_MAIL
D122557,0.01731634,DO_NOT_MAIL
D105569,0.87733877,DO_NOT_MAIL
D117278,0.8696884,DO_NOT_MAIL
D121687,0.83709186,DO_NOT_MAIL
D109851,0.5932417,DO_NOT_MAIL
D111256,0.008865885,DO_NOT_MAIL
D131135,0.98781246,MAIL
D135404,0.8077166,DO_NOT_MAIL
D130264,0.955618,MAIL
D138253,0.95259124,MAIL
D120480,0.9025419,DO_NOT_MAIL
D135654,0.0024122957,DO_NOT_MAIL
D100502,0.9434021,DO_NOT_MAIL
D111249,0.9762113,MAIL
D141360,0.008564017,DO_NOT_MAIL
D111609,0.98721606,MAIL
D100456,0.17530097,DO_NOT_MAIL
D142499,0.21848765,DO_NOT_MAIL
D144523,0.030892886,DO_NOT_MAIL
D109517,0.002225061,DO_NOT_MAIL
D143971,0.9711249,MAIL
D128142,0.30806533,DO_NOT_MAIL
D138199,0.6895663,DO_NOT_MAIL
D121906,0.006183723,DO_NOT_MAIL
D135311,0.00087616284,DO_NOT_MAIL
D142980,0.8085359,DO_NOT_MAIL
D106497,0.0047420007,DO_NOT_MAIL
D137747,0.040930934,DO_NOT_MAIL
D138250,0.05099492,DO_NOT_MAIL
D125011,0.97928065,MAIL
D141031,0.9748614,MAIL
D109088,0.9685309,MAIL
D135715,0.017214585,DO_NOT_MAIL
D109277,0.97037226,MAIL
D116622,0.98895055,MAIL
D139766,0.15570492,DO_NOT_MAIL
D119705,0.8987183,DO_NOT_MAIL
D107092,0.28688198,DO_NOT_MAIL
D105426,0.7392137,DO_NOT_MAIL
D135085,0.022834294,DO_NOT_MAIL
D119535,0.81474036,DO_NOT_MAIL
D136959,0.9694716,MAIL
D121247,0.5139931,DO_NOT_MAIL
D134611,0.90744495,DO_NOT_MAIL
D112361,0.8427521,DO_NOT_MAIL
D135865,0.77132523,DO_NOT_MAIL
D137840,0.007077092,DO_NOT_MAIL
D106334,0.9715028,MAIL
D133872,0.029018434,DO_NOT_MAIL
D103490,0.43794134,DO_NOT_MAIL
D110900,0.99405515,MAIL
D126680,0.12562373,DO_NOT_MAIL
D117236,0.9257085,DO_NOT_MAIL
D104212,0.88879144,DO_NOT_MAIL
D112714,0.8447092,DO_NOT_MAIL
D102488,0.008245092,DO_NOT_MAIL
D111320,0.96432096,MAIL
D140151,0.9401725,DO_NOT_MAIL
D137908,0.022118976,DO_NOT_MAIL
D120012,0.98621076,MAIL
D100565,0.86922854,DO_NOT_MAIL
D102326,0.045569185,DO_NOT_MAIL
D113386,0.6469854,DO_NOT_MAIL
D140947,0.783751,DO_NOT_MAIL
D109798,0.72535276,DO_NOT_MAIL
D136072,0.8638606,DO_NOT_MAIL
D120486,0.86922854,DO_NOT_MAIL
D131129,0.08866931,DO_NOT_MAIL
D134548,0.11478702,DO_NOT_MAIL
D118753,0.42651838,DO_NOT_MAIL
D114117,0.718007,DO_NOT_MAIL
D109100,0.37099186,DO_NOT_MAIL
D139856,0.26744828,DO_NOT_MAIL
D132698,0.0010875978,DO_NOT_MAIL
D139488,0.14895971,DO_NOT_MAIL
D130428,0.9101504,DO_NOT_MAIL
D110737,0.9349788,DO_NOT_MAIL
D141001,0.12346539,DO_NOT_MAIL
D144002,0.004820158,DO_NOT_MAIL
D104525,0.96223414,MAIL
D135267,0.03167363,DO_NOT_MAIL
D116266,0.98307866,MAIL
D126215,0.6816522,DO_NOT_MAIL
D140631,0.17880598,DO_NOT_MAIL
D103376,0.9793005,MAIL
D116825,0.02173375,DO_NOT_MAIL
D136926,0.9212177,DO_NOT_MAIL
D131421,0.0027335277,DO_NOT_MAIL
D102610,0.8852851,DO_NOT_MAIL
D133998,3.5870648e-06,DO_NOT_MAIL
D133022,0.796367,DO_NOT_MAIL
D110513,0.5000924,DO_NOT_MAIL
D127273,0.967256,MAIL
D129760,0.8291849,DO_NOT_MAIL
D104804,0.02673744,DO_NOT_MAIL
D120677,0.9642926,MAIL
D124940,0.66016454,DO_NOT_MAIL
D112110,0.024405299,DO_NOT_MAIL
D101990,0.22561735,DO_NOT_MAIL
D138187,0.86944836,DO_NOT_MAIL
D113966,0.03628452,DO_NOT_MAIL
D111413,0.046047308,DO_NOT_MAIL
D143300,0.48497677,DO_NOT_MAIL
D108177,0.9803861,MAIL
D134892,0.00039799506,DO_NOT_MAIL
D100705,0.2764821,DO_NOT_MAIL
D116086,0.9092488,DO_NOT_MAIL
D121058,0.8211532,DO_NOT_MAIL
D123855,0.72434723,DO_NOT_MAIL
D130933,0.34329972,DO_NOT_MAIL
D118688,0.8693399,DO_NOT_MAIL
D111050,0.29273427,DO_NOT_MAIL
D138581,0.11776952,DO_NOT_MAIL
D113009,0.81654066,DO_NOT_MAIL
D139603,0.05888078,DO_NOT_MAIL
D136743,0.9698342,MAIL
D118909,0.9720426,MAIL
D136311,0.012668873,DO_NOT_MAIL
D117609,0.017107248,DO_NOT_MAIL
D128636,0.84848046,DO_NOT_MAIL
D125401,0.9770189,MAIL
D122492,0.0065247677,DO_NOT_MAIL
D111773,0.03606229,DO_NOT_MAIL
D142720,0.037909944,DO_NOT_MAIL
D101953,0.8619678,DO_NOT_MAIL
D131732,0.14338551,DO_NOT_MAIL
D102311,0.07722056,DO_NOT_MAIL
D115195,0.0812704,DO_NOT_MAIL
D102817,0.94288254,DO_NOT_MAIL
D128797,0.98380095,MAIL
D114427,0.80441886,DO_NOT_MAIL
D124700,0.951669,DO_NOT_MAIL
D119334,0.97942126,MAIL
D141153,0.9463915,DO_NOT_MAIL
D128859,0.85706615,DO_NOT_MAIL
D120997,0.87722886,DO_NOT_MAIL
D115221,0.8726598,DO_NOT_MAIL
D141311,0.006738402,DO_NOT_MAIL
D117710,0.71599865,DO_NOT_MAIL
D109685,0.88319796,DO_NOT_MAIL
D127543,0.3238702,DO_NOT_MAIL
D131265,0.8546097,DO_NOT_MAIL
D141338,0.07654627,DO_NOT_MAIL
D127437,0.9278522,DO_NOT_MAIL
D103762,0.08269517,DO_NOT_MAIL
D123047,0.93025255,DO_NOT_MAIL
D118348,0.94440866,DO_NOT_MAIL
D125339,0.37114447,DO_NOT_MAIL
D107538,0.8726598,DO_NOT_MAIL
D113173,0.73649013,DO_NOT_MAIL
D140154,0.09852981,DO_NOT_MAIL
D125591,0.95690113,MAIL
D133541,0.48687914,DO_NOT_MAIL
D142517,0.06024101,DO_NOT_MAIL
D137853,0.61538875,DO_NOT_MAIL
D126930,0.9562184,MAIL
D113371,0.0004182158,DO_NOT_MAIL
D105324,0.9177313,DO_NOT_MAIL
D126183,0.0044476744,DO_NOT_MAIL
D122248,0.04474571,DO_NOT_MAIL
D119239,0.040097572,DO_NOT_MAIL
D122519,0.83505756,DO_NOT_MAIL
D106797,0.5617754,DO_NOT_MAIL
D120606,0.84229296,DO_NOT_MAIL
D133836,0.00036553477,DO_NOT_MAIL
D128610,0.9212338,DO_NOT_MAIL
D109585,0.028470846,DO_NOT_MAIL
D129323,0.96828955,MAIL
D132473,0.035887156,DO_NOT_MAIL
D110425,0.9491667,DO_NOT_MAIL
D115464,0.948353,DO_NOT_MAIL
D107692,0.2982263,DO_NOT_MAIL
D105604,0.9833103,MAIL
D103710,0.8726598,DO_NOT_MAIL
D136932,0.9928047,MAIL
D116199,0.8211532,DO_NOT_MAIL
D131279,0.010839073,DO_NOT_MAIL
D122966,0.83729506,DO_NOT_MAIL
D125906,0.967649,MAIL
D100460,0.9720426,MAIL
D142441,0.37194362,DO_NOT_MAIL
D129846,0.86922854,DO_NOT_MAIL
D130873,0.008418894,DO_NOT_MAIL
D102200,0.9763289,MAIL
D129337,0.9498495,DO_NOT_MAIL
D101071,0.97441304,MAIL
D104640,0.9470951,DO_NOT_MAIL
D121742,0.43296874,DO_NOT_MAIL
D110093,0.09477768,DO_NOT_MAIL
D140837,0.98598576,MAIL
D116380,0.17164598,DO_NOT_MAIL
D134914,0.9606411,MAIL
D102615,0.012613673,DO_NOT_MAIL
D109172,0.86891735,DO_NOT_MAIL
D104048,0.7027271,DO_NOT_MAIL
D112405,0.96121466,MAIL
D135517,0.9858009,MAIL
D142672,0.08613395,DO_NOT_MAIL
D113653,0.003803634,DO_NOT_MAIL
D121440,0.85608035,DO_NOT_MAIL
D136601,0.0015360052,DO_NOT_MAIL
D110252,0.88319796,DO_NOT_MAIL
D142360,0.167478,DO_NOT_MAIL
D113563,0.016016968,DO_NOT_MAIL
D115619,0.09051923,DO_NOT_MAIL
D144181,0.869974,DO_NOT_MAIL
D124685,0.0024242983,DO_NOT_MAIL
D113890,0.9701361,MAIL
D142726,0.039759763,DO_NOT_MAIL
D129408,0.90744495,DO_NOT_MAIL
D105621,0.9658472,MAIL
D106162,0.004991476,DO_NOT_MAIL
D113301,0.9418153,DO_NOT_MAIL
D121283,0.8447092,DO_NOT_MAIL
D119602,0.9884421,MAIL
D130015,0.6165958,DO_NOT_MAIL
D136108,0.41212174,DO_NOT_MAIL
D106370,0.019770553,DO_NOT_MAIL
D109813,0.014679172,DO_NOT_MAIL
D144468,0.0218585,DO_NOT_MAIL
D126018,0.2929003,DO_NOT_MAIL
D110851,0.83729506,DO_NOT_MAIL
D131938,0.9657949,MAIL
D134003,0.7646645,DO_NOT_MAIL
D134408,0.982675,MAIL
D139822,0.058676746,DO_NOT_MAIL
D119359,0.0027338618,DO_NOT_MAIL
D128357,0.85706615,DO_NOT_MAIL
D104630,0.81474036,DO_NOT_MAIL
D111084,0.8693399,DO_NOT_MAIL
D122190,0.85991716,DO_NOT_MAIL
D114812,0.87722886,DO_NOT_MAIL
D121800,0.79660517,DO_NOT_MAIL
D130253,0.9259016,DO_NOT_MAIL
D113659,0.20304945,DO_NOT_MAIL
D119041,0.88648987,DO_NOT_MAIL
D136850,0.00012370489,DO_NOT_MAIL
D138509,0.035346217,DO_NOT_MAIL
D142258,0.2517283,DO_NOT_MAIL
D137030,0.14556861,DO_NOT_MAIL
D101357,0.8537907,DO_NOT_MAIL
D129130,0.94288254,DO_NOT_MAIL
D116325,0.1909238,DO_NOT_MAIL
D104664,0.046047308,DO_NOT_MAIL
D123219,0.3238702,DO_NOT_MAIL
D141831,0.030156985,DO_NOT_MAIL
D110367,0.69809425,DO_NOT_MAIL
D142314,0.21965742,DO_NOT_MAIL
D118121,0.03564896,DO_NOT_MAIL
D124680,0.070494644,DO_NOT_MAIL
D107848,0.9930816,MAIL
D141759,0.0005921021,DO_NOT_MAIL
D133253,0.9118403,DO_NOT_MAIL
D123681,0.63461775,DO_NOT_MAIL
D115034,0.013980128,DO_NOT_MAIL
D117492,0.8087358,DO_NOT_MAIL
D107598,0.9929743,MAIL
D143566,0.0062404405,DO_NOT_MAIL
D138762,0.028219458,DO_NOT_MAIL
D137574,0.036909603,DO_NOT_MAIL
D125272,0.08049744,DO_NOT_MAIL
D134309,0.8276394,DO_NOT_MAIL
D112121,0.05320129,DO_NOT_MAIL
D104752,0.17510961,DO_NOT_MAIL
D127260,0.16956477,DO_NOT_MAIL
D138600,0.87316537,DO_NOT_MAIL
D126241,0.9760435,MAIL
D122834,0.0006962814,DO_NOT_MAIL
D130853,0.9462837,DO_NOT_MAIL
D120306,0.9667681,MAIL
D108966,0.6773515,DO_NOT_MAIL
D100575,0.25540814,DO_NOT_MAIL
D111533,0.82965887,DO_NOT_MAIL
D119403,0.59878206,DO_NOT_MAIL
D134378,0.9775313,MAIL
D103910,0.9658027,MAIL
D112023,0.9876623,MAIL
D125004,0.06643069,DO_NOT_MAIL
D136497,0.93667775,DO_NOT_MAIL
D105099,0.87185186,DO_NOT_MAIL
D136032,0.94713914,DO_NOT_MAIL
D132706,0.8167604,DO_NOT_MAIL
D107628,0.99192226,MAIL
D140516,0.031158514,DO_NOT_MAIL
D120057,0.8537907,DO_NOT_MAIL
D102057,0.70131403,DO_NOT_MAIL
D144334,0.123436205,DO_NOT_MAIL
D101100,0.96223414,MAIL
D127462,0.97166663,MAIL
D119299,0.99181455,MAIL
D115784,0.98499227,MAIL
D101127,0.6431161,DO_NOT_MAIL
D126867,0.053914268,DO_NOT_MAIL
D108989,0.89545536,DO_NOT_MAIL
D112960,0.97928065,MAIL
D125164,0.010612638,DO_NOT_MAIL
D102749,0.9715028,MAIL
D119367,0.76365095,DO_NOT_MAIL
D118787,0.038848806,DO_NOT_MAIL
D142232,0.06186597,DO_NOT_MAIL
D116961,0.80330753,DO_NOT_MAIL
D100124,0.24990009,DO_NOT_MAIL
D118005,0.9777964,MAIL
D106498,0.831485,DO_NOT_MAIL
D115597,0.98380095,MAIL
D103125,0.16757017,DO_NOT_MAIL
D142561,0.23276964,DO_NOT_MAIL
D121121,0.024638614,DO_NOT_MAIL
D112199,0.97166663,MAIL
D101068,0.23945175,DO_NOT_MAIL
D102011,0.93728566,DO_NOT_MAIL
D125232,0.9441003,DO_NOT_MAIL
D108711,0.0053093717,DO_NOT_MAIL
D107715,0.07857595,DO_NOT_MAIL
D120773,0.9652923,MAIL
D117775,0.95693064,MAIL
D143852,0.0027034006,DO_NOT_MAIL
D123447,0.9685836,MAIL
D105660,0.13711344,DO_NOT_MAIL
D139816,0.24183308,DO_NOT_MAIL
D118789,0.5925024,DO_NOT_MAIL
D140612,0.32284942,DO_NOT_MAIL
D104479,0.93806165,DO_NOT_MAIL
D113043,0.77118415,DO_NOT_MAIL
D102773,0.9656056,MAIL
D136611,0.2588041,DO_NOT_MAIL
D114900,0.7062724,DO_NOT_MAIL
D136371,0.9658242,MAIL
D106071,0.94618934,DO_NOT_MAIL
D101978,0.9118403,DO_NOT_MAIL
D141098,0.005284263,DO_NOT_MAIL
D101916,0.843054,DO_NOT_MAIL
D132660,0.5925024,DO_NOT_MAIL
D117065,0.88971186,DO_NOT_MAIL
D118040,0.93471134,DO_NOT_MAIL
D122656,0.97928065,MAIL
D116001,0.9869551,MAIL
D137296,0.9869551,MAIL
D102729,0.06982801,DO_NOT_MAIL
D105786,0.9779547,MAIL
D115630,0.92599773,DO_NOT_MAIL
D130577,0.6534326,DO_NOT_MAIL
D134671,0.98706704,MAIL
D117455,0.0029863433,DO_NOT_MAIL
D140247,0.02177049,DO_NOT_MAIL
D120518,0.824826,DO_NOT_MAIL
D142471,0.1036074,DO_NOT_MAIL
D104456,0.8659051,DO_NOT_MAIL
D103245,0.95827425,MAIL
D115522,0.9257085,DO_NOT_MAIL
D134688,0.8986892,DO_NOT_MAIL
D118983,0.54785824,DO_NOT_MAIL
D116317,0.023193251,DO_NOT_MAIL
D139272,0.4670354,DO_NOT_MAIL
D142750,0.19082412,DO_NOT_MAIL
D120453,0.62353516,DO_NOT_MAIL
D127796,0.8881307,DO_NOT_MAIL
D128083,0.96632427,MAIL
D137373,0.56299716,DO_NOT_MAIL
D124030,0.01852882,DO_NOT_MAIL
D107886,0.19322044,DO_NOT_MAIL
D132030,0.017935058,DO_NOT_MAIL
D113528,0.6913615,DO_NOT_MAIL
D138454,0.11558305,DO_NOT_MAIL
D119541,0.9132189,DO_NOT_MAIL
D125058,0.9821608,MAIL
D142125,0.07875917,DO_NOT_MAIL
D127938,0.9332782,DO_NOT_MAIL
D143919,0.014094173,DO_NOT_MAIL
D122829,0.5925024,DO_NOT_MAIL
D144369,0.0012796493,DO_NOT_MAIL
D112227,0.83081913,DO_NOT_MAIL
D117751,0.96558905,MAIL
D144192,0.077215396,DO_NOT_MAIL
D122421,0.5410151,DO_NOT_MAIL
D128531,0.97963756,MAIL
D125790,0.538088,DO_NOT_MAIL
D118157,0.47305262,DO_NOT_MAIL
D142569,0.014391111,DO_NOT_MAIL
D109059,0.93909353,DO_NOT_MAIL
D138197,0.039017424,DO_NOT_MAIL
D103396,0.99243426,MAIL
D111760,0.93094516,DO_NOT_MAIL
D138808,0.0028132428,DO_NOT_MAIL
D107244,0.25578365,DO_NOT_MAIL
D135882,0.0056895097,DO_NOT_MAIL
D139280,0.9574363,MAIL
D117044,0.038185902,DO_NOT_MAIL
D130972,0.37803388,DO_NOT_MAIL
D143502,0.011708924,DO_NOT_MAIL
D102816,0.96245515,MAIL
D120931,0.015547653,DO_NOT_MAIL
D114931,0.07380774,DO_NOT_MAIL
D143989,0.010378926,DO_NOT_MAIL
D114504,0.8023649,DO_NOT_MAIL
D122932,0.9450459,DO_NOT_MAIL
D132903,0.8282291,DO_NOT_MAIL
D106744,0.9701361,MAIL
D114632,0.00021292611,DO_NOT_MAIL
D139460,0.102112666,DO_NOT_MAIL
D137673,0.2554918,DO_NOT_MAIL
D120150,0.9362875,DO_NOT_MAIL
D139826,0.0058461763,DO_NOT_MAIL
D131477,0.89361626,DO_NOT_MAIL
D131403,0.009976117,DO_NOT_MAIL
D142222,0.008780296,DO_NOT_MAIL
D104758,0.0027363487,DO_NOT_MAIL
D119491,0.91089255,DO_NOT_MAIL
D143820,0.7095913,DO_NOT_MAIL
D129520,0.89545536,DO_NOT_MAIL
D110025,0.8892487,DO_NOT_MAIL
D126185,0.8054332,DO_NOT_MAIL
D131845,0.9675739,MAIL
D136286,0.43296874,DO_NOT_MAIL
D114965,0.13260163,DO_NOT_MAIL
D135221,0.07295689,DO_NOT_MAIL
D125477,0.6431161,DO_NOT_MAIL
D102427,0.015308919,DO_NOT_MAIL
D106076,0.8638606,DO_NOT_MAIL
D137391,0.3127211,DO_NOT_MAIL
D107435,0.1347499,DO_NOT_MAIL
D114039,0.97124714,MAIL
D124395,0.8427521,DO_NOT_MAIL
D130839,0.98706704,MAIL
D123812,0.8693399,DO_NOT_MAIL
D126411,0.18144542,DO_NOT_MAIL
D133285,0.008060299,DO_NOT_MAIL
D110236,0.90379035,DO_NOT_MAIL
D135824,0.010343073,DO_NOT_MAIL
D140771,0.0037317437,DO_NOT_MAIL
D133346,0.101200074,DO_NOT_MAIL
D116486,0.88879144,DO_NOT_MAIL
D139555,0.060808912,DO_NOT_MAIL
D128431,0.92532676,DO_NOT_MAIL
D124289,0.82409686,DO_NOT_MAIL
D125643,0.024013547,DO_NOT_MAIL
D108536,0.9535937,MAIL
D121828,0.6240543,DO_NOT_MAIL
D123973,0.6076529,DO_NOT_MAIL
D101438,0.90179396,DO_NOT_MAIL
D101379,0.5243425,DO_NOT_MAIL
D142924,0.0020528897,DO_NOT_MAIL
D108215,0.8472271,DO_NOT_MAIL
D103016,0.3127211,DO_NOT_MAIL
D101156,0.2649107,DO_NOT_MAIL
D111667,0.98706704,MAIL
D112883,0.96470815,MAIL
D117632,0.028185785,DO_NOT_MAIL
D134480,0.84869266,DO_NOT_MAIL
D118619,0.80390793,DO_NOT_MAIL
D141064,0.33377028,DO_NOT_MAIL
D107391,0.96707946,MAIL
D121865,0.80330753,DO_NOT_MAIL
D109148,0.9685309,MAIL
D117570,0.96551836,MAIL
D118419,0.053000357,DO_NOT_MAIL
D128788,0.22687677,DO_NOT_MAIL
D119820,0.016068928,DO_NOT_MAIL
D124266,0.010119248,DO_NOT_MAIL
D133196,0.058544625,DO_NOT_MAIL
D131830,0.6640927,DO_NOT_MAIL
D127352,0.9737379,MAIL
D134920,0.8809452,DO_NOT_MAIL
D135614,0.08430607,DO_NOT_MAIL
D130365,0.82004774,DO_NOT_MAIL
D143063,0.07825035,DO_NOT_MAIL
D125929,0.9550682,MAIL
D119754,0.12264625,DO_NOT_MAIL
D124275,0.7304995,DO_NOT_MAIL
D133569,0.19306861,DO_NOT_MAIL
D116478,0.03209127,DO_NOT_MAIL
D111123,0.9725478,MAIL
D102121,0.9930816,MAIL
D102990,0.94288254,DO_NOT_MAIL
D134093,0.6913615,DO_NOT_MAIL
D123322,0.8093756,DO_NOT_MAIL
D122362,0.9498495,DO_NOT_MAIL
D114506,0.9792458,MAIL
D108745,0.72434723,DO_NOT_MAIL
D132976,0.029831305,DO_NOT_MAIL
D104107,0.9039037,DO_NOT_MAIL
D119418,0.9358564,DO_NOT_MAIL
D110273,0.9441003,DO_NOT_MAIL
D128439,0.8538114,DO_NOT_MAIL
D130112,0.93474895,DO_NOT_MAIL
D139940,0.4470941,DO_NOT_MAIL
D140636,0.19825207,DO_NOT_MAIL
D128741,0.51633567,DO_NOT_MAIL
D141995,0.06688926,DO_NOT_MAIL
D124794,0.9508744,DO_NOT_MAIL
D124120,0.9725478,MAIL
D142176,0.02914476,DO_NOT_MAIL
D130743,0.34627643,DO_NOT_MAIL
D102528,0.00060060533,DO_NOT_MAIL
D101435,0.88336307,DO_NOT_MAIL
D104440,0.96483654,MAIL
D120255,0.9720347,MAIL
D128442,0.88336307,DO_NOT_MAIL
D100709,0.017255548,DO_NOT_MAIL
D129588,0.66958344,DO_NOT_MAIL
D127631,0.10054645,DO_NOT_MAIL
D136351,0.9923178,MAIL
D105942,0.13706997,DO_NOT_MAIL
D107967,0.98580605,MAIL
D130960,0.8852851,DO_NOT_MAIL
D107389,0.9658472,MAIL
D118797,0.85991716,DO_NOT_MAIL
D110906,0.98068994,MAIL
D139502,0.04749933,DO_NOT_MAIL
D113876,0.5925024,DO_NOT_MAIL
D143668,0.0042298157,DO_NOT_MAIL
D137679,0.8572925,DO_NOT_MAIL
D122015,0.88971186,DO_NOT_MAIL
D142260,0.2588248,DO_NOT_MAIL
D133138,0.9681373,MAIL
D100237,0.0015843675,DO_NOT_MAIL
D104112,0.8809452,DO_NOT_MAIL
D125338,0.9908025,MAIL
D134905,0.97908825,MAIL
D119478,0.961997,MAIL
D134263,0.9718807,MAIL
D109062,0.005784685,DO_NOT_MAIL
D114123,0.9259016,DO_NOT_MAIL
D113672,0.92038023,DO_NOT_MAIL
D135687,0.02861527,DO_NOT_MAIL
D105949,0.95690113,MAIL
D118945,0.9433685,DO_NOT_MAIL
D138024,0.8877379,DO_NOT_MAIL
D102010,0.843054,DO_NOT_MAIL
D101677,0.7861124,DO_NOT_MAIL
D135042,0.97234666,MAIL
D130737,0.9271437,DO_NOT_MAIL
D118657,0.82409686,DO_NOT_MAIL
D123063,0.22208008,DO_NOT_MAIL
D105793,0.59551984,DO_NOT_MAIL
D130398,0.009289076,DO_NOT_MAIL
D105542,0.86922854,DO_NOT_MAIL
D130584,0.96470815,MAIL
D116163,0.79660517,DO_NOT_MAIL
D117848,0.9544166,MAIL
D119852,0.81474036,DO_NOT_MAIL
D116846,0.027022285,DO_NOT_MAIL
D127758,0.9535937,MAIL
D133969,0.19910465,DO_NOT_MAIL
D120530,0.94650215,DO_NOT_MAIL
D108255,0.72434723,DO_NOT_MAIL
D115156,0.9629351,MAIL
D121107,0.86922854,DO_NOT_MAIL
D124998,0.8434482,DO_NOT_MAIL
D127274,0.70336944,DO_NOT_MAIL
D108653,0.9508744,DO_NOT_MAIL
D123057,0.9329747,DO_NOT_MAIL
D116310,0.9349788,DO_NOT_MAIL
D114318,0.98287404,MAIL
D108936,0.00404468,DO_NOT_MAIL
D117489,0.96617204,MAIL
D116645,0.6690531,DO_NOT_MAIL
D119258,0.027734641,DO_NOT_MAIL
D117536,0.000614462,DO_NOT_MAIL
D134644,0.6545905,DO_NOT_MAIL
D125549,0.86117154,DO_NOT_MAIL
D130562,0.15714344,DO_NOT_MAIL
D134265,0.98721606,MAIL
D110860,0.6545905,DO_NOT_MAIL
D121160,0.6690531,DO_NOT_MAIL
D128952,0.20155025,DO_NOT_MAIL
D123134,0.81654066,DO_NOT_MAIL
D128816,0.7304995,DO_NOT_MAIL
D141701,0.02789217,DO_NOT_MAIL
D139845,0.032785006,DO_NOT_MAIL
D125162,0.92517406,DO_NOT_MAIL
D120546,0.91089255,DO_NOT_MAIL
D119378,0.97441304,MAIL
D116724,0.020191908,DO_NOT_MAIL
D102734,0.93806165,DO_NOT_MAIL
D117370,0.9866388,MAIL
D123988,0.7755612,DO_NOT_MAIL
D136141,0.67464757,DO_NOT_MAIL
D138952,0.112890504,DO_NOT_MAIL
D138816,0.03230294,DO_NOT_MAIL
D100917,0.8881307,DO_NOT_MAIL
D107626,0.992207,MAIL
D130374,0.9118403,DO_NOT_MAIL
D120852,0.25449836,DO_NOT_MAIL
D133386,0.41828743,DO_NOT_MAIL
D141422,0.011337861,DO_NOT_MAIL
D106113,0.0011579242,DO_NOT_MAIL
D120236,0.8576082,DO_NOT_MAIL
D131304,0.3817256,DO_NOT_MAIL
D121055,0.87722886,DO_NOT_MAIL
D128338,0.008193914,DO_NOT_MAIL
D138571,0.8423268,DO_NOT_MAIL
D136074,0.98014534,MAIL
D100211,0.3921568,DO_NOT_MAIL
D119363,0.18545556,DO_NOT_MAIL
D126823,0.6690531,DO_NOT_MAIL
D120781,0.80955744,DO_NOT_MAIL
D122085,0.94245774,DO_NOT_MAIL
D142487,0.5147701,DO_NOT_MAIL
D120068,0.1316431,DO_NOT_MAIL
D128979,0.9698342,MAIL
D106081,0.8731543,DO_NOT_MAIL
D126641,0.15706371,DO_NOT_MAIL
D112112,0.88723224,DO_NOT_MAIL
D123559,0.14069733,DO_NOT_MAIL
D128781,0.85204154,DO_NOT_MAIL
D102020,0.9918596,MAIL
D142570,0.107753076,DO_NOT_MAIL
D136469,0.80330753,DO_NOT_MAIL
D131687,0.88879144,DO_NOT_MAIL
D140853,0.14840254,DO_NOT_MAIL
D136337,0.73969823,DO_NOT_MAIL
D115807,0.3817256,DO_NOT_MAIL
D128087,0.8987183,DO_NOT_MAIL
D106816,0.85608035,DO_NOT_MAIL
D141055,0.7472389,DO_NOT_MAIL
D102032,0.74183184,DO_NOT_MAIL
D114478,0.9737379,MAIL
D113851,0.9881572,MAIL
D105992,0.9932921,MAIL
D102793,0.78161925,DO_NOT_MAIL
D124558,0.97019583,MAIL
D108872,0.9901883,MAIL
D129723,0.5943451,DO_NOT_MAIL
D120638,0.8809452,DO_NOT_MAIL
D115118,0.012578268,DO_NOT_MAIL
D105865,0.8555243,DO_NOT_MAIL
D136481,0.9092488,DO_NOT_MAIL
D110974,0.81131417,DO_NOT_MAIL
D134122,0.97152454,MAIL
D130454,0.90379035,DO_NOT_MAIL
D124990,0.56385654,DO_NOT_MAIL
D103543,0.96659976,MAIL
D128081,0.8167604,DO_NOT_MAIL
D143978,0.81211776,DO_NOT_MAIL
D139706,0.062767945,DO_NOT_MAIL
D136134,0.96004707,MAIL
D144489,0.9347862,DO_NOT_MAIL
D111457,0.99243426,MAIL
D140119,0.016320135,DO_NOT_MAIL
D107084,0.0014162887,DO_NOT_MAIL
D123408,0.01845051,DO_NOT_MAIL
D100846,0.9811509,MAIL
D133191,0.85204154,DO_NOT_MAIL
D113295,0.9581196,MAIL
D121960,0.10006731,DO_NOT_MAIL
D122784,0.3245731,DO_NOT_MAIL
D133831,0.90179396,DO_NOT_MAIL
D107781,0.9491667,DO_NOT_MAIL
D105034,0.23132357,DO_NOT_MAIL
D119961,0.961997,MAIL
D114235,0.84848046,DO_NOT_MAIL
D137719,0.9588186,MAIL
D135400,0.049655955,DO_NOT_MAIL
D133618,0.009513594,DO_NOT_MAIL
D139996,0.9552671,MAIL
D119059,0.465827,DO_NOT_MAIL
D118278,0.8881307,DO_NOT_MAIL
D126712,0.92561907,DO_NOT_MAIL
D111878,0.036604166,DO_NOT_MAIL
D126072,0.5467436,DO_NOT_MAIL
D140604,0.9750455,MAIL
D136057,0.0039542164,DO_NOT_MAIL
D118511,0.96828955,MAIL
D132071,0.22687677,DO_NOT_MAIL
D136213,0.73145485,DO_NOT_MAIL
D103304,0.010455451,DO_NOT_MAIL
D127821,0.67124647,DO_NOT_MAIL
D127108,0.9433685,DO_NOT_MAIL
D140789,0.19272336,DO_NOT_MAIL
D111440,0.00059329043,DO_NOT_MAIL
D126060,0.0051241517,DO_NOT_MAIL
D116741,0.9349788,DO_NOT_MAIL
D102335,0.016393235,DO_NOT_MAIL
D134580,0.80390793,DO_NOT_MAIL
D107125,0.026120424,DO_NOT_MAIL
D129526,0.99396163,MAIL
D111362,0.9883456,MAIL
D109043,0.97166663,MAIL
D114472,0.0018454909,DO_NOT_MAIL
D142196,0.6355024,DO_NOT_MAIL
D114261,0.86922854,DO_NOT_MAIL
D121372,0.7286865,DO_NOT_MAIL
D124340,0.9720426,MAIL
D110461,0.085681126,DO_NOT_MAIL
D139838,0.0021212546,DO_NOT_MAIL
D120731,0.8907074,DO_NOT_MAIL
D114601,0.9588186,MAIL
D121474,0.96223414,MAIL
D127897,0.03632596,DO_NOT_MAIL
D102463,0.004085683,DO_NOT_MAIL
D103852,0.67464757,DO_NOT_MAIL
D124449,0.0046493425,DO_NOT_MAIL
D144596,0.0027907398,DO_NOT_MAIL
D121273,0.02270517,DO_NOT_MAIL
D135182,0.93806165,DO_NOT_MAIL
D104378,0.002782855,DO_NOT_MAIL
D112811,0.9662585,MAIL
D126019,0.0006067846,DO_NOT_MAIL
D138147,0.9859094,MAIL
D124232,0.34544462,DO_NOT_MAIL
D136500,0.023820627,DO_NOT_MAIL
D112565,0.4123244,DO_NOT_MAIL
D142189,0.003885853,DO_NOT_MAIL
D128245,0.29494688,DO_NOT_MAIL
D133579,0.81654066,DO_NOT_MAIL
D132250,0.009125469,DO_NOT_MAIL
D134833,0.120710626,DO_NOT_MAIL
D140124,0.0027042287,DO_NOT_MAIL
D133744,0.12871142,DO_NOT_MAIL
D116512,0.97040623,MAIL
D116229,0.64658415,DO_NOT_MAIL
D104182,0.13890257,DO_NOT_MAIL
D120313,0.93909353,DO_NOT_MAIL
D130244,0.90379035,DO_NOT_MAIL
D105219,0.74183184,DO_NOT_MAIL
D112924,0.7677933,DO_NOT_MAIL
D126965,0.9675739,MAIL
D140240,0.018570539,DO_NOT_MAIL
D110174,0.50061613,DO_NOT_MAIL
D110003,0.14601552,DO_NOT_MAIL
D136854,0.11473766,DO_NOT_MAIL
D126437,0.95284855,MAIL
D144672,0.05762617,DO_NOT_MAIL
D134392,0.026772562,DO_NOT_MAIL
D105329,0.971221,MAIL
D134116,0.8961919,DO_NOT_MAIL
D117131,0.15777744,DO_NOT_MAIL
D144562,0.83729506,DO_NOT_MAIL
D128386,0.5943451,DO_NOT_MAIL
D102290,0.12464643,DO_NOT_MAIL
D112687,0.014283693,DO_NOT_MAIL
D141997,0.9132189,DO_NOT_MAIL
D118652,0.7717613,DO_NOT_MAIL
D136678,0.00011192502,DO_NOT_MAIL
D118951,0.54785824,DO_NOT_MAIL
D113795,0.7059747,DO_NOT_MAIL
D117295,0.0006475118,DO_NOT_MAIL
D140941,0.9964637,MAIL
D129831,0.97699124,MAIL
D108236,0.97298795,MAIL
D132072,0.0032668654,DO_NOT_MAIL
D126868,0.9463768,DO_NOT_MAIL
D122207,0.45127925,DO_NOT_MAIL
D109186,0.5207225,DO_NOT_MAIL
D116394,0.8968021,DO_NOT_MAIL
D142064,0.0014394246,DO_NOT_MAIL
D114724,0.29273427,DO_NOT_MAIL
D138763,0.12018019,DO_NOT_MAIL
D142091,0.0033386583,DO_NOT_MAIL
D105719,0.87192446,DO_NOT_MAIL
D122825,0.9441003,DO_NOT_MAIL
D144589,0.048632868,DO_NOT_MAIL
D115583,0.8427521,DO_NOT_MAIL
D123526,0.15554129,DO_NOT_MAIL
D117937,0.89545536,DO_NOT_MAIL
D112793,0.5139931,DO_NOT_MAIL
D113811,0.90447336,DO_NOT_MAIL
D134990,0.9450459,DO_NOT_MAIL
D112119,0.9062348,DO_NOT_MAIL
D116419,0.7969786,DO_NOT_MAIL
D133991,0.9685836,MAIL
D143355,4.3832573e-05,DO_NOT_MAIL
D116290,0.96176934,MAIL
D141228,0.037367634,DO_NOT_MAIL
D130918,0.5925024,DO_NOT_MAIL
D120984,0.88794583,DO_NOT_MAIL
D119890,0.9358564,DO_NOT_MAIL
D121087,0.7946732,DO_NOT_MAIL
D119103,0.5086931,DO_NOT_MAIL
D131168,0.040067654,DO_NOT_MAIL
D125876,0.8400703,DO_NOT_MAIL
D123328,0.9332782,DO_NOT_MAIL
D129143,0.18843642,DO_NOT_MAIL
D106248,0.9777964,MAIL
D110103,0.36268032,DO_NOT_MAIL
D133620,0.5943451,DO_NOT_MAIL
D110879,0.6106876,DO_NOT_MAIL
D102444,0.025724573,DO_NOT_MAIL
D120750,0.78538567,DO_NOT_MAIL
D108810,0.97037226,MAIL
D144168,0.12984297,DO_NOT_MAIL
D109471,0.006146991,DO_NOT_MAIL
D121180,0.977738,MAIL
D114714,0.6690531,DO_NOT_MAIL
D123461,0.7287747,DO_NOT_MAIL
D102191,0.97532654,MAIL
D107196,0.97124714,MAIL
D104917,0.7819923,DO_NOT_MAIL
D126806,0.17858757,DO_NOT_MAIL
D135600,0.0031990588,DO_NOT_MAIL
D122676,0.83729506,DO_NOT_MAIL
D141109,0.24675032,DO_NOT_MAIL
D123613,0.8852851,DO_NOT_MAIL
D142504,0.074204065,DO_NOT_MAIL
D125825,0.15808265,DO_NOT_MAIL
D115638,0.8810793,DO_NOT_MAIL
D100014,0.8332882,DO_NOT_MAIL
D103653,0.992894,MAIL
D109224,0.977445,MAIL
D131089,0.06370165,DO_NOT_MAIL
D104656,0.96996504,MAIL
D118773,0.657778,DO_NOT_MAIL
D110771,0.5943451,DO_NOT_MAIL
D117624,0.010936858,DO_NOT_MAIL
D133832,0.1970186,DO_NOT_MAIL
D113808,0.71599865,DO_NOT_MAIL
D114564,0.8167604,DO_NOT_MAIL
D108140,0.992718,MAIL
D112401,0.50760186,DO_NOT_MAIL
D109434,0.8284378,DO_NOT_MAIL
D124442,0.95227355,MAIL
D113332,0.611114,DO_NOT_MAIL
D121098,0.56299716,DO_NOT_MAIL
D127023,0.00233286,DO_NOT_MAIL
D138594,0.014196036,DO_NOT_MAIL
D133068,0.056927007,DO_NOT_MAIL
D126884,0.10315595,DO_NOT_MAIL
D118185,0.96828955,MAIL
D135988,0.9914619,MAIL
D143717,0.0030004792,DO_NOT_MAIL
D100330,0.9401205,DO_NOT_MAIL
D114273,0.31718108,DO_NOT_MAIL
D112570,0.8338734,DO_NOT_MAIL
D131095,0.0020364434,DO_NOT_MAIL
D139595,0.32193866,DO_NOT_MAIL
D128799,0.22373451,DO_NOT_MAIL
D116033,0.43296874,DO_NOT_MAIL
D117371,0.9545625,MAIL
D103736,0.8472271,DO_NOT_MAIL
D111830,0.97524184,MAIL
D111561,0.068294875,DO_NOT_MAIL
D141407,0.022208128,DO_NOT_MAIL
D118436,0.8427521,DO_NOT_MAIL
D142662,0.16126,DO_NOT_MAIL
D142861,0.09185883,DO_NOT_MAIL
D119674,0.97521484,MAIL
D122360,0.93909353,DO_NOT_MAIL
D104910,0.9398558,DO_NOT_MAIL
D143984,0.0048046927,DO_NOT_MAIL
D121864,0.881872,DO_NOT_MAIL
D112569,0.9584709,MAIL
D105987,0.000129401,DO_NOT_MAIL
D109466,0.47305262,DO_NOT_MAIL
D108591,0.96483654,MAIL
D124779,0.95799845,MAIL
D136495,0.8961919,DO_NOT_MAIL
D126544,0.0151020475,DO_NOT_MAIL
D125810,0.50407225,DO_NOT_MAIL
D137313,0.96551836,MAIL
D134096,0.9329747,DO_NOT_MAIL
D128370,0.0066417987,DO_NOT_MAIL
D104457,0.018536652,DO_NOT_MAIL
D119923,0.6913615,DO_NOT_MAIL
D138870,0.23011614,DO_NOT_MAIL
D123878,0.08529028,DO_NOT_MAIL
D137007,0.5925024,DO_NOT_MAIL
D108245,0.9329747,DO_NOT_MAIL
D133294,0.011586206,DO_NOT_MAIL
D114606,0.977009,MAIL
D115736,0.87721014,DO_NOT_MAIL
D122732,0.95227355,MAIL
D122092,0.94440866,DO_NOT_MAIL
D124991,0.6609002,DO_NOT_MAIL
D137974,0.0466045,DO_NOT_MAIL
D110077,0.9869741,MAIL
D105850,0.016119285,DO_NOT_MAIL
D137706,0.2394468,DO_NOT_MAIL
D123126,0.9642926,MAIL
D126188,0.9349788,DO_NOT_MAIL
D137068,0.25449836,DO_NOT_MAIL
D138739,0.049355585,DO_NOT_MAIL
D105294,0.80627024,DO_NOT_MAIL
D119715,0.06678069,DO_NOT_MAIL
D134936,0.9508744,DO_NOT_MAIL
D127892,0.3238702,DO_NOT_MAIL
D128791,0.8167604,DO_NOT_MAIL
D105328,0.96004707,MAIL
D105415,0.94260883,DO_NOT_MAIL
D143651,0.009695525,DO_NOT_MAIL
D124535,0.11403376,DO_NOT_MAIL
D124411,0.6547513,DO_NOT_MAIL
D143861,0.00014447654,DO_NOT_MAIL
D102338,0.0054738205,DO_NOT_MAIL
D107423,0.9415254,DO_NOT_MAIL
D110448,0.99122953,MAIL
D108472,0.90447336,DO_NOT_MAIL
D129383,0.56299716,DO_NOT_MAIL
D109532,0.4507605,DO_NOT_MAIL
D138841,0.47382605,DO_NOT_MAIL
D100559,0.70989704,DO_NOT_MAIL
D133734,0.20147735,DO_NOT_MAIL
D138935,0.012274778,DO_NOT_MAIL
D130243,0.83081913,DO_NOT_MAIL
D107276,0.82066286,DO_NOT_MAIL
D113623,0.54785824,DO_NOT_MAIL
D142691,0.012604085,DO_NOT_MAIL
D141534,0.3429265,DO_NOT_MAIL
D132295,0.16438407,DO_NOT_MAIL
D132160,0.023761073,DO_NOT_MAIL
D134764,0.9796536,MAIL
D117939,0.96558905,MAIL
D127311,0.9662585,MAIL
D142159,0.11183501,DO_NOT_MAIL
D113144,0.47305262,DO_NOT_MAIL
D107354,0.81131417,DO_NOT_MAIL
D144664,0.007458571,DO_NOT_MAIL
D138582,0.031616118,DO_NOT_MAIL
D128965,0.00034214108,DO_NOT_MAIL
D108722,0.8989707,DO_NOT_MAIL
D133928,0.9750787,MAIL
D100913,0.8165528,DO_NOT_MAIL
D126747,0.056656387,DO_NOT_MAIL
D141123,0.0023277425,DO_NOT_MAIL
D135205,0.98479754,MAIL
D120398,0.8809452,DO_NOT_MAIL
D118277,0.36268032,DO_NOT_MAIL
D100294,0.15507984,DO_NOT_MAIL
D120992,0.9654538,MAIL
D131850,0.0009259802,DO_NOT_MAIL
D130020,0.16261218,DO_NOT_MAIL
D122544,0.9642926,MAIL
D102343,0.0081622265,DO_NOT_MAIL
D113087,0.6818403,DO_NOT_MAIL
D114666,0.99193174,MAIL
D106618,0.6547513,DO_NOT_MAIL
D142090,0.3800593,DO_NOT_MAIL
D133453,0.05892333,DO_NOT_MAIL
D108805,0.96617204,MAIL
D133764,0.29273427,DO_NOT_MAIL
D137922,0.043051757,DO_NOT_MAIL
D100704,0.9685836,MAIL
D138737,0.97282684,MAIL
D121619,0.029238204,DO_NOT_MAIL
D102562,0.94440866,DO_NOT_MAIL
D127127,0.015158259,DO_NOT_MAIL
D136112,0.21565557,DO_NOT_MAIL
D137883,0.0026172851,DO_NOT_MAIL
D120036,0.8399911,DO_NOT_MAIL
D129188,0.97152454,MAIL
D101161,0.88971186,DO_NOT_MAIL
D132680,0.06935264,DO_NOT_MAIL
D109001,0.22687677,DO_NOT_MAIL
D143066,0.48233336,DO_NOT_MAIL
D138336,0.70130634,DO_NOT_MAIL
D141072,0.004588492,DO_NOT_MAIL
D132082,0.0020372218,DO_NOT_MAIL
D138459,0.3904507,DO_NOT_MAIL
D101347,0.6900686,DO_NOT_MAIL
D125247,0.018848296,DO_NOT_MAIL
D105544,0.941746,DO_NOT_MAIL
D141675,0.014268729,DO_NOT_MAIL
D110480,0.9009107,DO_NOT_MAIL
D132314,0.8019762,DO_NOT_MAIL
D103972,0.3127211,DO_NOT_MAIL
D104369,0.96659976,MAIL
D141730,0.025123985,DO_NOT_MAIL
D116243,0.9747672,MAIL
D111764,0.00019967924,DO_NOT_MAIL
D129107,0.0010089331,DO_NOT_MAIL
D102812,0.59110993,DO_NOT_MAIL
D102025,0.11800947,DO_NOT_MAIL
D120863,0.9583937,MAIL
D133622,0.9934676,MAIL
D144014,0.22802556,DO_NOT_MAIL
D106143,0.9724357,MAIL
D114629,0.29273427,DO_NOT_MAIL
D116540,0.8726598,DO_NOT_MAIL
D103826,0.17218222,DO_NOT_MAIL
D124374,0.36268032,DO_NOT_MAIL
D108048,0.9658472,MAIL
D121974,0.9334319,DO_NOT_MAIL
D133613,0.32172993,DO_NOT_MAIL
D122274,0.73969823,DO_NOT_MAIL
D115406,0.8447092,DO_NOT_MAIL
D115044,0.954501,MAIL
D107518,0.9788836,MAIL
D128427,0.53967404,DO_NOT_MAIL
D126492,0.9415254,DO_NOT_MAIL
D124924,0.9274354,DO_NOT_MAIL
D125574,0.9838995,MAIL
D120357,0.98580605,MAIL
D117657,0.97866356,MAIL
D114287,0.0023637312,DO_NOT_MAIL
D102644,0.8852851,DO_NOT_MAIL
D132594,0.93909353,DO_NOT_MAIL
D132992,0.037978098,DO_NOT_MAIL
D136369,0.87722886,DO_NOT_MAIL
D120566,0.99176425,MAIL
D117398,0.11358605,DO_NOT_MAIL
D117479,0.9927463,MAIL
D139078,0.18360181,DO_NOT_MAIL
D104806,0.78538567,DO_NOT_MAIL
D143595,0.0012953177,DO_NOT_MAIL
D122137,0.62193674,DO_NOT_MAIL
D142768,0.026746558,DO_NOT_MAIL
D142486,0.003580488,DO_NOT_MAIL
D112961,0.013661031,DO_NOT_MAIL
D122177,0.4504381,DO_NOT_MAIL
D119544,0.0003470064,DO_NOT_MAIL
D139161,0.1137588,DO_NOT_MAIL
D105755,0.6725385,DO_NOT_MAIL
D128738,0.8638606,DO_NOT_MAIL
D136414,0.9763776,MAIL
D121356,0.9788836,MAIL
D143590,0.03235814,DO_NOT_MAIL
D128652,0.9701361,MAIL
D105340,0.06934111,DO_NOT_MAIL
D101484,0.061996114,DO_NOT_MAIL
D137860,0.01069167,DO_NOT_MAIL
D118874,0.992718,MAIL
D115347,0.9731653,MAIL
D102818,0.95693064,MAIL
D102860,0.0597648,DO_NOT_MAIL
D132693,0.7332227,DO_NOT_MAIL
D139747,0.08244487,DO_NOT_MAIL
D120138,0.86922854,DO_NOT_MAIL
D117586,0.93025255,DO_NOT_MAIL
D123843,0.8846277,DO_NOT_MAIL
D124770,0.17386483,DO_NOT_MAIL
D125319,0.54785824,DO_NOT_MAIL
D134803,0.69809425,DO_NOT_MAIL
D135293,0.2948334,DO_NOT_MAIL
D104019,0.8881598,DO_NOT_MAIL
D129933,0.82409686,DO_NOT_MAIL
D130368,0.29777914,DO_NOT_MAIL
D103270,0.47305262,DO_NOT_MAIL
D137105,0.87599576,DO_NOT_MAIL
D111322,0.83081913,DO_NOT_MAIL
D109213,0.7684628,DO_NOT_MAIL
D117911,0.6690531,DO_NOT_MAIL
D109857,0.9714092,MAIL
D105491,0.11093576,DO_NOT_MAIL
D139313,0.17729138,DO_NOT_MAIL
D127804,0.85991716,DO_NOT_MAIL
D119994,0.8087358,DO_NOT_MAIL
D100329,0.84869266,DO_NOT_MAIL
D132275,0.3924832,DO_NOT_MAIL
D111405,0.79437804,DO_NOT_MAIL
D116170,0.9720347,MAIL
D132281,0.107271485,DO_NOT_MAIL
D130417,0.9672093,MAIL
D112219,0.9009107,DO_NOT_MAIL
D122106,0.9519325,DO_NOT_MAIL
D124242,0.41000232,DO_NOT_MAIL
D112254,0.9588186,MAIL
D103212,0.0651749,DO_NOT_MAIL
D135573,0.31513086,DO_NOT_MAIL
D103618,0.437095,DO_NOT_MAIL
D129969,0.99189115,MAIL
D114645,0.8415551,DO_NOT_MAIL
D143376,0.9135672,DO_NOT_MAIL
D127968,0.10920528,DO_NOT_MAIL
D120743,0.93474895,DO_NOT_MAIL
D132650,0.12193734,DO_NOT_MAIL
D120390,0.9549817,MAIL
D103450,0.9672093,MAIL
D120089,0.85608035,DO_NOT_MAIL
D100269,0.0008747748,DO_NOT_MAIL
D130212,0.83081913,DO_NOT_MAIL
D133413,0.976698,MAIL
D128528,0.92679274,DO_NOT_MAIL
D142652,0.08473053,DO_NOT_MAIL
D140016,0.038172312,DO_NOT_MAIL
D135007,0.29273427,DO_NOT_MAIL
D117134,0.8916998,DO_NOT_MAIL
D144648,0.014344681,DO_NOT_MAIL
D107825,0.9675739,MAIL
D125599,0.7969786,DO_NOT_MAIL
D135703,0.13451114,DO_NOT_MAIL
D125478,0.09532483,DO_NOT_MAIL
D106556,0.69809425,DO_NOT_MAIL
D101875,0.0178619,DO_NOT_MAIL
D131250,0.94473964,DO_NOT_MAIL
D144516,0.39691636,DO_NOT_MAIL
D143458,0.008466969,DO_NOT_MAIL
D139162,0.023720326,DO_NOT_MAIL
D117323,0.92521757,DO_NOT_MAIL
D118106,0.021108333,DO_NOT_MAIL
D115953,0.019217836,DO_NOT_MAIL
D136370,0.61999637,DO_NOT_MAIL
D114172,0.9768689,MAIL
D111560,0.92517406,DO_NOT_MAIL
D102237,0.056790985,DO_NOT_MAIL
D125133,0.961119,MAIL
D136013,0.9258597,DO_NOT_MAIL
D131544,0.98464113,MAIL
D122480,0.9906378,MAIL
D103495,0.9554237,MAIL
D120064,0.6240543,DO_NOT_MAIL
D129558,0.7677933,DO_NOT_MAIL
D105725,0.87599576,DO_NOT_MAIL
D117552,0.0013533855,DO_NOT_MAIL
D119831,0.068173684,DO_NOT_MAIL
D108121,0.8054332,DO_NOT_MAIL
D127745,0.8611976,DO_NOT_MAIL
D125126,0.97373116,MAIL
D134577,0.0008816427,DO_NOT_MAIL
D102230,0.15268284,DO_NOT_MAIL
D100748,0.96500885,MAIL
D125654,0.9658472,MAIL
D113503,0.18478192,DO_NOT_MAIL
D102333,4.6878384e-05,DO_NOT_MAIL
D135521,0.08245937,DO_NOT_MAIL
D126410,0.82066286,DO_NOT_MAIL
D110207,0.04929087,DO_NOT_MAIL
D107315,0.45362717,DO_NOT_MAIL
D116241,0.03140784,DO_NOT_MAIL
D110781,0.36398357,DO_NOT_MAIL
D126585,0.0015051436,DO_NOT_MAIL
D127209,0.8538114,DO_NOT_MAIL
D119547,0.6469854,DO_NOT_MAIL
D110167,0.9777964,MAIL
D102704,0.5139931,DO_NOT_MAIL
D140242,0.565053,DO_NOT_MAIL
D142140,0.036699157,DO_NOT_MAIL
D107294,0.6469854,DO_NOT_MAIL
D117785,0.97982794,MAIL
D122952,0.97171783,MAIL
D100967,0.82004774,DO_NOT_MAIL
D117293,0.8726598,DO_NOT_MAIL
D128198,0.01715933,DO_NOT_MAIL
D119879,0.955618,MAIL
D124728,0.8961919,DO_NOT_MAIL
D124349,0.96551836,MAIL
D132840,0.00012682867,DO_NOT_MAIL
D143773,0.40612996,DO_NOT_MAIL
D102669,0.2394468,DO_NOT_MAIL
D124310,0.0014200697,DO_NOT_MAIL
D105089,0.62193674,DO_NOT_MAIL
D109711,0.19071396,DO_NOT_MAIL
D140704,0.044469517,DO_NOT_MAIL
D116069,0.01209263,DO_NOT_MAIL
D118917,0.00030205367,DO_NOT_MAIL
D119052,0.96827155,MAIL
D121149,0.9642926,MAIL
D104906,0.9491667,DO_NOT_MAIL
D109486,0.0074643516,DO_NOT_MAIL
D142151,0.035520613,DO_NOT_MAIL
D119102,0.062613584,DO_NOT_MAIL
D101736,0.8987183,DO_NOT_MAIL
D108667,0.99034715,MAIL
D122504,0.9132189,DO_NOT_MAIL
D121476,0.97166663,MAIL
D123111,0.016184792,DO_NOT_MAIL
D143172,0.000195306,DO_NOT_MAIL
D121401,0.12270748,DO_NOT_MAIL
D133108,0.06437171,DO_NOT_MAIL
D115825,0.8537907,DO_NOT_MAIL
D139824,0.09608521,DO_NOT_MAIL
D119808,0.80826443,DO_NOT_MAIL
D125234,0.088262044,DO_NOT_MAIL
D133271,0.30118683,DO_NOT_MAIL
D109252,0.060420033,DO_NOT_MAIL
D134041,0.016835535,DO_NOT_MAIL
D116795,0.9792474,MAIL
D140590,0.015025527,DO_NOT_MAIL
D137627,0.21958612,DO_NOT_MAIL
D131678,0.10930847,DO_NOT_MAIL
D125644,0.7597075,DO_NOT_MAIL
D112614,0.9458556,DO_NOT_MAIL
D143889,0.0052014296,DO_NOT_MAIL
D116132,0.95764256,MAIL
D122937,0.25449836,DO_NOT_MAIL
D119860,0.34909105,DO_NOT_MAIL
D102549,0.94440866,DO_NOT_MAIL
D116705,0.97441304,MAIL
D120154,0.94612527,DO_NOT_MAIL
D123038,0.7392137,DO_NOT_MAIL
D123168,0.56299716,DO_NOT_MAIL
D124622,0.9803861,MAIL
D120515,0.5243425,DO_NOT_MAIL
D118621,0.85481644,DO_NOT_MAIL
D142438,0.15703931,DO_NOT_MAIL
D134599,0.9583937,MAIL
D143898,0.0013907062,DO_NOT_MAIL
D144688,0.017825382,DO_NOT_MAIL
D136991,0.026299441,DO_NOT_MAIL
D142480,0.047303792,DO_NOT_MAIL
D116273,0.71525174,DO_NOT_MAIL
D144394,0.961997,MAIL
D129403,0.26611698,DO_NOT_MAIL
D119613,0.62765193,DO_NOT_MAIL
D102013,0.7889207,DO_NOT_MAIL
D120085,0.9329747,DO_NOT_MAIL
D112809,0.9606411,MAIL
D139833,0.034458563,DO_NOT_MAIL
D135373,0.97166663,MAIL
D135682,0.8595816,DO_NOT_MAIL
D116672,0.0055083833,DO_NOT_MAIL
D112262,0.8881598,DO_NOT_MAIL
D110773,0.8987183,DO_NOT_MAIL
D127862,0.0042424374,DO_NOT_MAIL
D107545,0.22463614,DO_NOT_MAIL
D122204,0.8961919,DO_NOT_MAIL
D115809,0.93909353,DO_NOT_MAIL
D109369,0.9141482,DO_NOT_MAIL
D104791,0.6545905,DO_NOT_MAIL
D132904,0.59878206,DO_NOT_MAIL
D116118,0.9656056,MAIL
D142419,0.00056479557,DO_NOT_MAIL
D136145,0.98307866,MAIL
D136973,0.8872927,DO_NOT_MAIL
D108994,0.979267,MAIL
D141686,0.0034333968,DO_NOT_MAIL
D127626,0.122558415,DO_NOT_MAIL
D106020,0.098617814,DO_NOT_MAIL
D117889,0.45316285,DO_NOT_MAIL
D115099,0.9252743,DO_NOT_MAIL
D123241,0.012139882,DO_NOT_MAIL
D101691,0.89608073,DO_NOT_MAIL
D102933,0.8576082,DO_NOT_MAIL
D122739,0.03354399,DO_NOT_MAIL
D142439,0.03146629,DO_NOT_MAIL
D114520,0.99187404,MAIL
D109522,0.9584709,MAIL
D120080,0.8332882,DO_NOT_MAIL
D101170,0.9294427,DO_NOT_MAIL
D114833,0.95764256,MAIL
D131599,0.025657726,DO_NOT_MAIL
D106832,0.003102977,DO_NOT_MAIL
D113831,0.9685309,MAIL
D134847,0.03230472,DO_NOT_MAIL
D104301,0.3238702,DO_NOT_MAIL
D125764,0.97908825,MAIL
D137841,0.001913437,DO_NOT_MAIL
D140720,0.19512933,DO_NOT_MAIL
D112256,0.9788836,MAIL
D134797,0.114186205,DO_NOT_MAIL
D142793,0.5218805,DO_NOT_MAIL
D100848,0.81474036,DO_NOT_MAIL
D119603,0.86922854,DO_NOT_MAIL
D130344,0.9302993,DO_NOT_MAIL
D108194,0.98266983,MAIL
D112658,0.92517847,DO_NOT_MAIL
D109766,0.10340473,DO_NOT_MAIL
D103991,0.9292404,DO_NOT_MAIL
D141418,0.10689812,DO_NOT_MAIL
D112073,0.013249228,DO_NOT_MAIL
D119226,0.991771,MAIL
D139474,0.036886528,DO_NOT_MAIL
D139384,0.30552852,DO_NOT_MAIL
D124035,0.027295126,DO_NOT_MAIL
D101078,0.6816522,DO_NOT_MAIL
D113208,0.96659976,MAIL
D133874,0.0010504288,DO_NOT_MAIL
D118165,0.025165275,DO_NOT_MAIL
D141226,0.61838365,DO_NOT_MAIL
D106257,0.8399911,DO_NOT_MAIL
D123661,0.034226514,DO_NOT_MAIL
D112887,0.77132523,DO_NOT_MAIL
D130670,0.03414446,DO_NOT_MAIL
D124704,0.06785668,DO_NOT_MAIL
D141499,0.13463551,DO_NOT_MAIL
D106531,0.9469066,DO_NOT_MAIL
D107541,0.9398558,DO_NOT_MAIL
D125064,0.9623464,MAIL
D117698,0.16757017,DO_NOT_MAIL
D133398,0.06146369,DO_NOT_MAIL
D115257,0.6725385,DO_NOT_MAIL
D124363,0.5925024,DO_NOT_MAIL
D133823,0.21040027,DO_NOT_MAIL
D120233,0.97521484,MAIL
D124761,0.9788103,MAIL
D109236,0.37099186,DO_NOT_MAIL
D102178,0.009258955,DO_NOT_MAIL
D114256,0.89608073,DO_NOT_MAIL
D131429,0.11481243,DO_NOT_MAIL
D100315,0.9614345,MAIL
D133506,0.62193674,DO_NOT_MAIL
D127442,0.80390793,DO_NOT_MAIL
D112488,0.88879144,DO_NOT_MAIL
D124027,0.0972827,DO_NOT_MAIL
D121426,0.5399626,DO_NOT_MAIL
D124634,0.028024388,DO_NOT_MAIL
D136782,0.91026044,DO_NOT_MAIL
D114387,0.07112651,DO_NOT_MAIL
D143155,0.9066275,DO_NOT_MAIL
D109158,0.92521757,DO_NOT_MAIL
D126069,0.83729506,DO_NOT_MAIL
D117387,0.73969823,DO_NOT_MAIL
D103202,0.9003407,DO_NOT_MAIL
D139200,0.02825896,DO_NOT_MAIL
D100599,0.7819923,DO_NOT_MAIL
D141164,0.0028591768,DO_NOT_MAIL
D115629,0.973722,MAIL
D110944,0.96456957,MAIL
D128827,0.58997947,DO_NOT_MAIL
D117699,0.85204154,DO_NOT_MAIL
D139531,0.22703487,DO_NOT_MAIL
D132841,0.31985813,DO_NOT_MAIL
D115086,0.09327715,DO_NOT_MAIL
D103660,0.016528301,DO_NOT_MAIL
D106198,0.9662585,MAIL
D127337,0.85706615,DO_NOT_MAIL
D132249,0.92679274,DO_NOT_MAIL
D115039,0.121970825,DO_NOT_MAIL
D127925,0.0019847816,DO_NOT_MAIL
D138894,0.25135934,DO_NOT_MAIL
D110308,0.37881243,DO_NOT_MAIL
D129877,0.76219136,DO_NOT_MAIL
D118346,0.8054332,DO_NOT_MAIL
D108282,0.8073583,DO_NOT_MAIL
D130297,0.7646645,DO_NOT_MAIL
D133837,0.9642926,MAIL
D112678,0.9943077,MAIL
D136440,0.9947642,MAIL
D116746,0.8611976,DO_NOT_MAIL
D134121,0.24262494,DO_NOT_MAIL
D118356,0.0116039775,DO_NOT_MAIL
D113235,0.0025083262,DO_NOT_MAIL
D141100,0.021635728,DO_NOT_MAIL
D143890,0.010747754,DO_NOT_MAIL
D133127,0.3817256,DO_NOT_MAIL
D142331,0.017185388,DO_NOT_MAIL
D111188,0.9452905,DO_NOT_MAIL
D115335,0.8987183,DO_NOT_MAIL
D129282,0.71599865,DO_NOT_MAIL
D114440,0.62353516,DO_NOT_MAIL
D112131,0.8987183,DO_NOT_MAIL
D134430,0.9685836,MAIL
D130162,0.47663742,DO_NOT_MAIL
D113091,0.65463436,DO_NOT_MAIL
D126223,0.030148713,DO_NOT_MAIL
D103636,0.37985092,DO_NOT_MAIL
D113439,0.40061572,DO_NOT_MAIL
D141214,0.069851816,DO_NOT_MAIL
D111302,0.70336944,DO_NOT_MAIL
D126833,0.0010432816,DO_NOT_MAIL
D138302,0.48687914,DO_NOT_MAIL
D115765,0.018126417,DO_NOT_MAIL
D123156,0.7819923,DO_NOT_MAIL
D137579,0.6856181,DO_NOT_MAIL
D103328,0.9583937,MAIL
D123991,0.9519325,DO_NOT_MAIL
D108908,0.00648665,DO_NOT_MAIL
D123866,0.9101504,DO_NOT_MAIL
D143666,0.012055778,DO_NOT_MAIL
D108621,0.7646645,DO_NOT_MAIL
D121516,0.9039037,DO_NOT_MAIL
D132972,0.93806165,DO_NOT_MAIL
D133838,0.76365095,DO_NOT_MAIL
D117841,0.0016612081,DO_NOT_MAIL
D107424,0.119508885,DO_NOT_MAIL
D101946,0.9545625,MAIL
D123984,0.9942363,MAIL
D103573,0.89230096,DO_NOT_MAIL
D119218,0.33820465,DO_NOT_MAIL
D122194,0.35941806,DO_NOT_MAIL
D112416,0.84848046,DO_NOT_MAIL
D125457,0.9624114,MAIL
D123178,0.9715028,MAIL
D139760,0.0071852384,DO_NOT_MAIL
D118685,0.027536867,DO_NOT_MAIL
D122101,0.9813229,MAIL
D103769,0.09627696,DO_NOT_MAIL
D104444,0.43585023,DO_NOT_MAIL
D127890,0.973722,MAIL
D122182,0.08049744,DO_NOT_MAIL
D136129,0.057468247,DO_NOT_MAIL
D144247,0.0002119185,DO_NOT_MAIL
D107372,0.9685309,MAIL
D126516,0.45882508,DO_NOT_MAIL
D132906,0.94245774,DO_NOT_MAIL
D128195,0.0038980353,DO_NOT_MAIL
D142489,0.17757231,DO_NOT_MAIL
D128129,0.94837177,DO_NOT_MAIL
D107487,0.94473964,DO_NOT_MAIL
D136123,0.5399626,DO_NOT_MAIL
D127083,0.7100003,DO_NOT_MAIL
D136356,0.97521484,MAIL
D138983,0.45242202,DO_NOT_MAIL
D125499,0.00978852,DO_NOT_MAIL
D117434,0.9257085,DO_NOT_MAIL
D106660,0.7089558,DO_NOT_MAIL
D123391,0.8538114,DO_NOT_MAIL
D133412,0.015114792,DO_NOT_MAIL
D121994,0.23297898,DO_NOT_MAIL
D129439,0.9698342,MAIL
D110408,0.9490709,DO_NOT_MAIL
D111855,0.34988105,DO_NOT_MAIL
D111099,0.02503685,DO_NOT_MAIL
D133129,0.99713826,MAIL
D105148,0.9550682,MAIL
D115824,0.8073583,DO_NOT_MAIL
D120083,0.84869266,DO_NOT_MAIL
D102158,0.94418365,DO_NOT_MAIL
D137823,0.0015383214,DO_NOT_MAIL
D122944,0.9838995,MAIL
D128274,0.66697764,DO_NOT_MAIL
D144000,0.98127306,MAIL
D105045,0.14044808,DO_NOT_MAIL
D106493,0.9639058,MAIL
D118217,0.94612527,DO_NOT_MAIL
D126762,0.90447336,DO_NOT_MAIL
D110846,0.7287747,DO_NOT_MAIL
D141162,0.23297782,DO_NOT_MAIL
D125526,0.9452333,DO_NOT_MAIL
D119918,0.2394468,DO_NOT_MAIL
D137912,0.9447901,DO_NOT_MAIL
D108376,0.80390793,DO_NOT_MAIL
D105803,0.2359601,DO_NOT_MAIL
D105379,0.9305908,DO_NOT_MAIL
D143487,0.006773949,DO_NOT_MAIL
D103809,0.97234666,MAIL
D102858,0.8989707,DO_NOT_MAIL
D143957,0.6435539,DO_NOT_MAIL
D127991,0.0050306665,DO_NOT_MAIL
D112019,0.012620587,DO_NOT_MAIL
D128584,0.9329275,DO_NOT_MAIL
D140846,0.14502536,DO_NOT_MAIL
D114516,0.6725385,DO_NOT_MAIL
D133594,0.56445444,DO_NOT_MAIL
D111119,0.57849175,DO_NOT_MAIL
D132370,0.47379315,DO_NOT_MAIL
D107537,0.05439061,DO_NOT_MAIL
D110727,0.9462837,DO_NOT_MAIL
D101463,0.26543677,DO_NOT_MAIL
D138940,0.03861856,DO_NOT_MAIL
D109841,0.9928227,MAIL
D120124,0.68927664,DO_NOT_MAIL
D142237,0.038096145,DO_NOT_MAIL
D121024,0.9132189,DO_NOT_MAIL
D126564,0.00070158846,DO_NOT_MAIL
D143926,0.13634473,DO_NOT_MAIL
D143679,0.03171421,DO_NOT_MAIL
D112993,0.98380095,MAIL
D136880,0.85706615,DO_NOT_MAIL
D112436,0.48687914,DO_NOT_MAIL
D119678,0.91089255,DO_NOT_MAIL
D116987,0.8693399,DO_NOT_MAIL
D107022,0.46711233,DO_NOT_MAIL
D132532,0.8726598,DO_NOT_MAIL
D141727,0.13869122,DO_NOT_MAIL
D126598,0.87192446,DO_NOT_MAIL
D102402,0.9871229,MAIL
D130910,0.85608035,DO_NOT_MAIL
D119592,0.89230096,DO_NOT_MAIL
D111402,0.013123544,DO_NOT_MAIL
D130512,0.92679274,DO_NOT_MAIL
D115179,0.98286635,MAIL
D120191,0.98778266,MAIL
D107844,0.31493363,DO_NOT_MAIL
D106175,0.25449836,DO_NOT_MAIL
D134016,0.5769335,DO_NOT_MAIL
D126667,0.8809452,DO_NOT_MAIL
D132188,0.62193674,DO_NOT_MAIL
D144152,0.002096606,DO_NOT_MAIL
D121859,0.03707006,DO_NOT_MAIL
D115607,0.93471134,DO_NOT_MAIL
D114887,0.95690113,MAIL
D114385,0.99004793,MAIL
D131357,0.9624114,MAIL
D108513,0.2148226,DO_NOT_MAIL
D105377,0.979267,MAIL
D142551,0.11549032,DO_NOT_MAIL
D108452,0.8536362,DO_NOT_MAIL
D114669,0.0732522,DO_NOT_MAIL
D135027,0.08199829,DO_NOT_MAIL
D135273,0.00025954127,DO_NOT_MAIL
D117415,0.8869641,DO_NOT_MAIL
D111789,0.996702,MAIL
D124556,0.21692865,DO_NOT_MAIL
D123300,0.7304995,DO_NOT_MAIL
D131576,0.9770189,MAIL
D136034,0.90302545,DO_NOT_MAIL
D125348,0.3284072,DO_NOT_MAIL
D109866,0.90447336,DO_NOT_MAIL
D119905,0.9763776,MAIL
D102132,0.9226338,DO_NOT_MAIL
D130915,0.48505336,DO_NOT_MAIL
D114816,0.6690531,DO_NOT_MAIL
D132624,0.80390793,DO_NOT_MAIL
D131528,0.05549068,DO_NOT_MAIL
D103788,0.92517406,DO_NOT_MAIL
D116896,0.657778,DO_NOT_MAIL
D131769,0.13104211,DO_NOT_MAIL
D141738,0.03358918,DO_NOT_MAIL
D100764,0.9675739,MAIL
D132641,0.07821758,DO_NOT_MAIL
D125118,0.0016919401,DO_NOT_MAIL
D103599,0.8211532,DO_NOT_MAIL
D135482,0.13004324,DO_NOT_MAIL
D106156,0.8732268,DO_NOT_MAIL
D117768,0.2212399,DO_NOT_MAIL
D100404,0.9462837,DO_NOT_MAIL
D126247,0.0017475703,DO_NOT_MAIL
D126187,0.9747672,MAIL
D108647,0.74088514,DO_NOT_MAIL
D133741,0.96223414,MAIL
D144558,0.098968014,DO_NOT_MAIL
D100166,0.0018775619,DO_NOT_MAIL
D129886,0.050013255,DO_NOT_MAIL
D104797,0.0038740714,DO_NOT_MAIL
D114866,0.9039037,DO_NOT_MAIL
D143709,0.0192636,DO_NOT_MAIL
D128160,0.97138107,MAIL
D138985,0.93650526,DO_NOT_MAIL
D115048,0.62193674,DO_NOT_MAIL
D128079,0.13017121,DO_NOT_MAIL
D139111,0.019606741,DO_NOT_MAIL
D115471,0.04638059,DO_NOT_MAIL
D133711,0.4310203,DO_NOT_MAIL
D131696,0.8698155,DO_NOT_MAIL
D144389,0.30220565,DO_NOT_MAIL
D105462,0.9795379,MAIL
D120072,0.8276394,DO_NOT_MAIL
D102298,0.31571802,DO_NOT_MAIL
D136054,0.92924166,DO_NOT_MAIL
D130328,0.8165528,DO_NOT_MAIL
D141234,0.00035944046,DO_NOT_MAIL
D101672,0.6547513,DO_NOT_MAIL
D118600,0.08698069,DO_NOT_MAIL
D130019,0.9639058,MAIL
D126935,0.051351175,DO_NOT_MAIL
D135907,0.9734187,MAIL
D108492,0.2878991,DO_NOT_MAIL
D100450,0.9894521,MAIL
D116883,0.96245515,MAIL
D137847,0.15101458,DO_NOT_MAIL
D122286,0.8087358,DO_NOT_MAIL
D106339,0.7819923,DO_NOT_MAIL
D112197,0.9176977,DO_NOT_MAIL
D131108,0.9748004,MAIL
D118876,0.4589601,DO_NOT_MAIL
D106864,0.63208497,DO_NOT_MAIL
D106923,0.9690147,MAIL
D135635,0.027930595,DO_NOT_MAIL
D118990,0.8447092,DO_NOT_MAIL
D102544,0.07474872,DO_NOT_MAIL
D124683,0.007863619,DO_NOT_MAIL
D105776,0.99300885,MAIL
D109568,0.7332227,DO_NOT_MAIL
D136787,0.004910606,DO_NOT_MAIL
D108741,0.824826,DO_NOT_MAIL
D120094,0.7332227,DO_NOT_MAIL
D131313,0.021914484,DO_NOT_MAIL
D120553,0.9716717,MAIL
D106559,0.9656056,MAIL
D114269,0.5410151,DO_NOT_MAIL
D138259,0.026531657,DO_NOT_MAIL
D116040,0.9763776,MAIL
D138442,0.006413747,DO_NOT_MAIL
D100058,0.5769335,DO_NOT_MAIL
D131288,0.056746114,DO_NOT_MAIL
D132172,0.9545625,MAIL
D125056,0.10976238,DO_NOT_MAIL
D112159,0.9152594,DO_NOT_MAIL
D131308,0.074154235,DO_NOT_MAIL
D144331,0.00087747874,DO_NOT_MAIL
D129789,0.52650124,DO_NOT_MAIL
D143472,0.0129390955,DO_NOT_MAIL
D107846,0.089227185,DO_NOT_MAIL
D123619,0.9039037,DO_NOT_MAIL
D106276,0.7037504,DO_NOT_MAIL
D131864,0.9833103,MAIL
D125087,0.8073583,DO_NOT_MAIL
D130284,0.63461775,DO_NOT_MAIL
D104451,0.9463768,DO_NOT_MAIL
D102753,0.9869551,MAIL
D119933,0.9788836,MAIL
D127440,0.9720347,MAIL
D123388,0.8809452,DO_NOT_MAIL
D104395,0.8054332,DO_NOT_MAIL
D131351,0.6431161,DO_NOT_MAIL
D139794,0.018032528,DO_NOT_MAIL
D124095,0.00012851453,DO_NOT_MAIL
D136769,0.012960721,DO_NOT_MAIL
D128918,0.043552764,DO_NOT_MAIL
D133443,0.81474036,DO_NOT_MAIL
D143637,0.04381583,DO_NOT_MAIL
D131254,0.8665668,DO_NOT_MAIL
D106217,0.83709186,DO_NOT_MAIL
D128968,0.94473964,DO_NOT_MAIL
D122672,0.8869641,DO_NOT_MAIL
D135389,0.96258026,MAIL
D109410,0.7392137,DO_NOT_MAIL
D115505,0.19007635,DO_NOT_MAIL
D133370,0.23297898,DO_NOT_MAIL
D133552,0.03494243,DO_NOT_MAIL
D138988,0.17034727,DO_NOT_MAIL
D116691,0.8572682,DO_NOT_MAIL
D143617,0.14382531,DO_NOT_MAIL
D114397,0.062461898,DO_NOT_MAIL
D100870,0.8987183,DO_NOT_MAIL
D108171,0.9720426,MAIL
D106450,0.8602647,DO_NOT_MAIL
D100610,0.055649728,DO_NOT_MAIL
D105968,0.9859474,MAIL
D100196,0.36774158,DO_NOT_MAIL
D118018,0.96521676,MAIL
D125073,0.35871568,DO_NOT_MAIL
D121282,0.961119,MAIL
D130935,0.8427521,DO_NOT_MAIL
D110329,0.00042338623,DO_NOT_MAIL
D115210,0.0017071652,DO_NOT_MAIL
D103160,0.9490709,DO_NOT_MAIL
D117959,0.77241266,DO_NOT_MAIL
D118043,0.015817404,DO_NOT_MAIL
D113931,0.3817256,DO_NOT_MAIL
D136035,0.8489496,DO_NOT_MAIL
D105262,0.9581196,MAIL
D144025,0.009993133,DO_NOT_MAIL
D102829,0.1676866,DO_NOT_MAIL
D117557,0.76365095,DO_NOT_MAIL
D135300,0.013437146,DO_NOT_MAIL
D118969,0.38134602,DO_NOT_MAIL
D102310,0.046047308,DO_NOT_MAIL
D122285,0.9347862,DO_NOT_MAIL
D119836,0.84580207,DO_NOT_MAIL
D131607,0.8093756,DO_NOT_MAIL
D109806,0.0016427118,DO_NOT_MAIL
D120034,0.9667681,MAIL
D118887,0.7885715,DO_NOT_MAIL
D121710,0.9450459,DO_NOT_MAIL
D110560,0.2960637,DO_NOT_MAIL
D105221,0.92709506,DO_NOT_MAIL
D143039,0.4964852,DO_NOT_MAIL
D103732,0.6486279,DO_NOT_MAIL
D115302,0.06985345,DO_NOT_MAIL
D123012,0.80223644,DO_NOT_MAIL
D103795,0.9928167,MAIL
D140278,0.5247683,DO_NOT_MAIL
D141389,0.019277086,DO_NOT_MAIL
D103683,0.47305262,DO_NOT_MAIL
D106268,0.99402374,MAIL
D118248,0.044517644,DO_NOT_MAIL
D116653,0.155177,DO_NOT_MAIL
D106998,0.9685836,MAIL
D116368,0.43765414,DO_NOT_MAIL
D130813,0.005676377,DO_NOT_MAIL
D136966,0.9547952,MAIL
D107003,0.024081538,DO_NOT_MAIL
D130493,0.1385547,DO_NOT_MAIL
D108251,0.2394468,DO_NOT_MAIL
D131496,0.9009107,DO_NOT_MAIL
D132321,0.8788544,DO_NOT_MAIL
D126458,0.0065470203,DO_NOT_MAIL
D106857,0.82004774,DO_NOT_MAIL
D137498,0.006122909,DO_NOT_MAIL
D134468,0.975021,MAIL
D138067,0.9788103,MAIL
D119567,0.140183,DO_NOT_MAIL
D105284,0.23595884,DO_NOT_MAIL
D133931,0.15816362,DO_NOT_MAIL
D107295,0.9937919,MAIL
D127061,0.98580605,MAIL
D140005,0.7466751,DO_NOT_MAIL
D108163,0.9799463,MAIL
D140655,0.0065742973,DO_NOT_MAIL
D102913,0.9274354,DO_NOT_MAIL
D141859,0.19679293,DO_NOT_MAIL
D122740,0.80330753,DO_NOT_MAIL
D136694,0.99285674,MAIL
D114026,0.25449836,DO_NOT_MAIL
D103610,0.9452333,DO_NOT_MAIL
D126168,0.038178373,DO_NOT_MAIL
D112251,0.97982794,MAIL
D113951,0.3238702,DO_NOT_MAIL
D110438,0.0001852692,DO_NOT_MAIL
D117356,0.78161925,DO_NOT_MAIL
D135643,0.002721745,DO_NOT_MAIL
D125838,0.9501605,DO_NOT_MAIL
D104767,8.8775734e-05,DO_NOT_MAIL
D114858,0.8211532,DO_NOT_MAIL
D101488,0.99537885,MAIL
D120970,0.38551566,DO_NOT_MAIL
D122185,0.0015808791,DO_NOT_MAIL
D115294,0.19886257,DO_NOT_MAIL
D109783,0.0018407466,DO_NOT_MAIL
D105017,0.13653623,DO_NOT_MAIL
D112985,0.96245515,MAIL
D117150,0.97699124,MAIL
D101328,0.86922854,DO_NOT_MAIL
D132488,0.013355098,DO_NOT_MAIL
D142856,0.04204032,DO_NOT_MAIL
D118192,0.5617754,DO_NOT_MAIL
D126093,0.9760435,MAIL
D110700,0.9624114,MAIL
D105596,0.9799029,MAIL
D106514,0.9881572,MAIL
D125112,0.0034801152,DO_NOT_MAIL
D143460,0.9769513,MAIL
D115010,0.9799463,MAIL
D120514,0.958693,MAIL
D109789,0.97138107,MAIL
D127859,0.022565372,DO_NOT_MAIL
D142242,0.018505191,DO_NOT_MAIL
D106667,0.9637091,MAIL
D116081,0.020353882,DO_NOT_MAIL
D109124,0.9779025,MAIL
D134791,0.0054231277,DO_NOT_MAIL
D105135,0.97337025,MAIL
D124965,0.2394468,DO_NOT_MAIL
D129048,0.24182323,DO_NOT_MAIL
D136593,0.035803955,DO_NOT_MAIL
D111414,0.009950013,DO_NOT_MAIL
D119290,0.96522987,MAIL
D118425,0.32524395,DO_NOT_MAIL
D134375,0.961119,MAIL
D128214,0.73969823,DO_NOT_MAIL
D140671,0.26729974,DO_NOT_MAIL
D107873,0.1963547,DO_NOT_MAIL
D100335,0.89595646,DO_NOT_MAIL
D133727,0.1477361,DO_NOT_MAIL
D133512,0.79660517,DO_NOT_MAIL
D136406,0.98628366,MAIL
D100823,0.8881307,DO_NOT_MAIL
D144669,0.04670817,DO_NOT_MAIL
D136688,0.56582487,DO_NOT_MAIL
D135157,0.005702951,DO_NOT_MAIL
D123292,0.07489818,DO_NOT_MAIL
D137385,0.23650056,DO_NOT_MAIL
D140185,0.014485612,DO_NOT_MAIL
D115851,0.2394468,DO_NOT_MAIL
D119436,0.9720347,MAIL
D128521,0.7738617,DO_NOT_MAIL
D144354,0.62060946,DO_NOT_MAIL
D122366,0.8838868,DO_NOT_MAIL
D112122,0.0043865372,DO_NOT_MAIL
D138191,0.039317206,DO_NOT_MAIL
D118713,0.93471134,DO_NOT_MAIL
D133187,0.6469854,DO_NOT_MAIL
D105159,0.0020947272,DO_NOT_MAIL
D111766,0.02282505,DO_NOT_MAIL
D127697,0.58415884,DO_NOT_MAIL
D102300,0.030015923,DO_NOT_MAIL
D107467,0.03589985,DO_NOT_MAIL
D131562,0.19895163,DO_NOT_MAIL
D123712,0.8415551,DO_NOT_MAIL
D139885,0.24290062,DO_NOT_MAIL
D101514,0.77132523,DO_NOT_MAIL
D143732,0.0021975813,DO_NOT_MAIL
D137299,0.83709186,DO_NOT_MAIL
D115127,0.028818032,DO_NOT_MAIL
D119374,0.7392137,DO_NOT_MAIL
D131525,0.15451361,DO_NOT_MAIL
D106297,0.97699124,MAIL
D114437,0.9811429,MAIL
D132189,0.986133,MAIL
D116230,0.99300885,MAIL
D141606,0.00076955435,DO_NOT_MAIL
D103965,0.89545536,DO_NOT_MAIL
D126816,0.07456787,DO_NOT_MAIL
D129250,0.97124714,MAIL
D103041,0.40314263,DO_NOT_MAIL
D109465,0.1539271,DO_NOT_MAIL
D140784,0.00032475646,DO_NOT_MAIL
D144108,0.017581008,DO_NOT_MAIL
D115703,0.99193174,MAIL
D138012,0.981805,MAIL
D133925,0.95227355,MAIL
D128684,0.033976287,DO_NOT_MAIL
D100273,0.9657949,MAIL
D120413,0.8537907,DO_NOT_MAIL
D141045,0.4275766,DO_NOT_MAIL
D126841,0.8693399,DO_NOT_MAIL
D119039,0.76365095,DO_NOT_MAIL
D121653,0.9009107,DO_NOT_MAIL
D102949,0.47663742,DO_NOT_MAIL
D103554,0.9554237,MAIL
D107240,0.00563172,DO_NOT_MAIL
D118606,0.74183184,DO_NOT_MAIL
D130135,0.1701367,DO_NOT_MAIL
D101770,0.25449836,DO_NOT_MAIL
D107161,0.059942037,DO_NOT_MAIL
D115680,0.14177631,DO_NOT_MAIL
D104648,0.9418153,DO_NOT_MAIL
D139609,0.47502625,DO_NOT_MAIL
D135125,0.0012726033,DO_NOT_MAIL
D140190,0.5962572,DO_NOT_MAIL
D110272,0.5399626,DO_NOT_MAIL
D142725,0.0015970211,DO_NOT_MAIL
D130182,0.8415551,DO_NOT_MAIL
D113125,0.014474016,DO_NOT_MAIL
D132283,0.23007919,DO_NOT_MAIL
D138631,0.30543417,DO_NOT_MAIL
D139740,0.07696559,DO_NOT_MAIL
D143817,0.009005943,DO_NOT_MAIL
D130291,0.8447092,DO_NOT_MAIL
D118725,0.70909077,DO_NOT_MAIL
D119467,0.99212754,MAIL
D124282,0.8160469,DO_NOT_MAIL
D134946,0.43956122,DO_NOT_MAIL
D138654,0.0702976,DO_NOT_MAIL
D135714,0.118316345,DO_NOT_MAIL
D117566,0.7392137,DO_NOT_MAIL
D111904,0.12563267,DO_NOT_MAIL
D143865,0.0006043516,DO_NOT_MAIL
D134999,0.0043873116,DO_NOT_MAIL
D129604,0.9415254,DO_NOT_MAIL
D110724,0.9434021,DO_NOT_MAIL
D122953,0.98628366,MAIL
D139432,0.19597046,DO_NOT_MAIL
D121888,0.9672093,MAIL
D108076,0.8472271,DO_NOT_MAIL
D144288,0.15819967,DO_NOT_MAIL
D130049,0.22120713,DO_NOT_MAIL
D131656,0.14041707,DO_NOT_MAIL
D136833,0.8726598,DO_NOT_MAIL
D128523,0.36268032,DO_NOT_MAIL
D128989,0.5410151,DO_NOT_MAIL
D124306,0.0101468405,DO_NOT_MAIL
D130991,0.9685309,MAIL
D137285,0.43296874,DO_NOT_MAIL
D101342,0.992475,MAIL
D133082,0.89498675,DO_NOT_MAIL
D134556,0.82409686,DO_NOT_MAIL
D123921,0.77132523,DO_NOT_MAIL
D124328,0.09837074,DO_NOT_MAIL
D117762,0.99224687,MAIL
D112630,0.9901883,MAIL
D122215,0.54785824,DO_NOT_MAIL
D140550,0.06387422,DO_NOT_MAIL
D132352,0.7332227,DO_NOT_MAIL
D129624,0.99481213,MAIL
D135679,0.3386997,DO_NOT_MAIL
D137489,0.96996504,MAIL
D141096,0.086788476,DO_NOT_MAIL
D100143,0.09477357,DO_NOT_MAIL
D105917,0.7304995,DO_NOT_MAIL
D138586,0.055343725,DO_NOT_MAIL
D100730,0.09670498,DO_NOT_MAIL
D122237,0.28647447,DO_NOT_MAIL
D113787,0.96500885,MAIL
D103471,0.9554237,MAIL
D113824,0.9915011,MAIL
D101084,0.8881598,DO_NOT_MAIL
D100182,0.9705354,MAIL
D136977,0.97532654,MAIL
D104843,0.0016049432,DO_NOT_MAIL
D117869,0.98834795,MAIL
D121083,0.47392645,DO_NOT_MAIL
D143863,0.0016446069,DO_NOT_MAIL
D111961,0.7646645,DO_NOT_MAIL
D117022,0.0035304904,DO_NOT_MAIL
D100247,0.0062680044,DO_NOT_MAIL
D111116,0.54785824,DO_NOT_MAIL
D112867,0.83081913,DO_NOT_MAIL
D127634,0.8852851,DO_NOT_MAIL
D140875,0.23249356,DO_NOT_MAIL
D121622,0.88336307,DO_NOT_MAIL
D131682,0.094914004,DO_NOT_MAIL
D129688,0.31341183,DO_NOT_MAIL
D127051,0.98510695,MAIL
D117973,0.019766381,DO_NOT_MAIL
D143449,0.0048006154,DO_NOT_MAIL
D105807,0.21133953,DO_NOT_MAIL
D111578,0.992718,MAIL
D140651,0.14318535,DO_NOT_MAIL
D138484,0.010768718,DO_NOT_MAIL
D117503,0.93025255,DO_NOT_MAIL
D138536,0.012826159,DO_NOT_MAIL
D129367,0.0019704837,DO_NOT_MAIL
D123203,0.84869266,DO_NOT_MAIL
D139356,0.0072430563,DO_NOT_MAIL
D109156,0.8961919,DO_NOT_MAIL
D130626,0.5538348,DO_NOT_MAIL
D107980,0.36268032,DO_NOT_MAIL
D134196,0.43327537,DO_NOT_MAIL
D134651,0.9684784,MAIL
D116336,0.046630707,DO_NOT_MAIL
D102023,0.8483679,DO_NOT_MAIL
D104575,0.064283274,DO_NOT_MAIL
D138449,0.7869501,DO_NOT_MAIL
D139591,0.055400915,DO_NOT_MAIL
D130742,0.00397327,DO_NOT_MAIL
D112836,0.8447092,DO_NOT_MAIL
D125454,0.67464757,DO_NOT_MAIL
D117010,0.9654538,MAIL
D133286,0.9092924,DO_NOT_MAIL
D127622,0.6118895,DO_NOT_MAIL
D136128,0.9629351,MAIL
D134216,0.8545162,DO_NOT_MAIL
D130541,0.9949838,MAIL
D140463,0.015501188,DO_NOT_MAIL
D141290,0.683648,DO_NOT_MAIL
D127178,0.9615289,MAIL
D104901,0.72434723,DO_NOT_MAIL
D111222,0.5925024,DO_NOT_MAIL
D116708,0.8961919,DO_NOT_MAIL
D109425,0.9329747,DO_NOT_MAIL
D111236,0.03403853,DO_NOT_MAIL
D125589,0.54785824,DO_NOT_MAIL
D114947,0.43296874,DO_NOT_MAIL
D100417,0.9928227,MAIL
D110667,0.9859477,MAIL
D144644,0.96176934,MAIL
D107703,0.9942363,MAIL
D122781,0.36273578,DO_NOT_MAIL
D101763,0.9788905,MAIL
D144650,0.9658242,MAIL
D114984,0.900835,DO_NOT_MAIL
D137486,0.32546303,DO_NOT_MAIL
D131468,0.8693399,DO_NOT_MAIL
D116990,0.78538567,DO_NOT_MAIL
D119319,0.9573095,MAIL
D101018,0.0014420822,DO_NOT_MAIL
D137505,0.14366885,DO_NOT_MAIL
D118474,0.9257085,DO_NOT_MAIL
D144494,0.85991716,DO_NOT_MAIL
D102483,0.8980944,DO_NOT_MAIL
D140078,0.037458643,DO_NOT_MAIL
D113375,0.16837806,DO_NOT_MAIL
D102524,0.118650466,DO_NOT_MAIL
D143955,0.18397701,DO_NOT_MAIL
D143606,0.00022457734,DO_NOT_MAIL
D139088,0.19745585,DO_NOT_MAIL
D104514,0.47663742,DO_NOT_MAIL
D127738,0.83505756,DO_NOT_MAIL
D102974,0.8892487,DO_NOT_MAIL
D141230,0.015131915,DO_NOT_MAIL
D127572,0.8077166,DO_NOT_MAIL
D125225,0.9332782,DO_NOT_MAIL
D106868,3.0555188e-05,DO_NOT_MAIL
D117300,0.010449405,DO_NOT_MAIL
D132601,0.9720426,MAIL
D144073,0.21718056,DO_NOT_MAIL
D126110,0.9654538,MAIL
D122232,0.89608073,DO_NOT_MAIL
D116738,0.22719273,DO_NOT_MAIL
D106601,0.9491667,DO_NOT_MAIL
D142788,0.8989707,DO_NOT_MAIL
D131325,0.87722886,DO_NOT_MAIL
D102035,0.022459747,DO_NOT_MAIL
D132510,0.9302993,DO_NOT_MAIL
D120374,0.01167983,DO_NOT_MAIL
D136468,0.8638606,DO_NOT_MAIL
D128177,0.85803354,DO_NOT_MAIL
D112104,0.0763121,DO_NOT_MAIL
D117637,0.073457524,DO_NOT_MAIL
D107733,0.84229296,DO_NOT_MAIL
D114889,0.8961919,DO_NOT_MAIL
D132053,0.08494532,DO_NOT_MAIL
D118939,0.82004774,DO_NOT_MAIL
D123729,0.07206165,DO_NOT_MAIL
D112771,0.9667681,MAIL
D103387,0.012170876,DO_NOT_MAIL
D107359,0.9701361,MAIL
D105003,0.029684631,DO_NOT_MAIL
D123629,0.7819923,DO_NOT_MAIL
D105579,0.07711141,DO_NOT_MAIL
D100703,0.97441304,MAIL
D140018,0.22785752,DO_NOT_MAIL
D135981,0.003979831,DO_NOT_MAIL
D109347,0.0030788234,DO_NOT_MAIL
D121323,0.82004774,DO_NOT_MAIL
D143582,0.07291869,DO_NOT_MAIL
D115520,0.973722,MAIL
D103603,0.70336944,DO_NOT_MAIL
D136206,0.9545625,MAIL
D127515,0.03861856,DO_NOT_MAIL
D121113,0.3127211,DO_NOT_MAIL
D117903,0.3523645,DO_NOT_MAIL
D103706,0.44560307,DO_NOT_MAIL
D131532,0.98628366,MAIL
D130761,0.3817256,DO_NOT_MAIL
D108482,0.98631525,MAIL
D112318,0.3084124,DO_NOT_MAIL
D138394,0.037850317,DO_NOT_MAIL
D112679,0.10834493,DO_NOT_MAIL
D124013,0.82965887,DO_NOT_MAIL
D128867,0.98286635,MAIL
D109795,0.12388236,DO_NOT_MAIL
D141782,0.060949072,DO_NOT_MAIL
D125473,0.9672093,MAIL
D102281,0.0012625194,DO_NOT_MAIL
D134701,0.77804,DO_NOT_MAIL
D134523,0.98721606,MAIL
D101645,0.78538567,DO_NOT_MAIL
D115739,0.80330753,DO_NOT_MAIL
D140945,0.01842597,DO_NOT_MAIL
D136492,0.113252446,DO_NOT_MAIL
D136644,0.045941517,DO_NOT_MAIL
D110570,0.969633,MAIL
D107522,0.8536362,DO_NOT_MAIL
D138019,0.668929,DO_NOT_MAIL
D139214,0.37184963,DO_NOT_MAIL
D136718,0.33754098,DO_NOT_MAIL
D106737,0.9434021,DO_NOT_MAIL
D140153,0.9892715,MAIL
D117020,0.43445835,DO_NOT_MAIL
D134966,0.13568495,DO_NOT_MAIL
D123546,0.37099186,DO_NOT_MAIL
D122358,0.9806153,MAIL
D126575,0.98631525,MAIL
D135446,0.0021212546,DO_NOT_MAIL
D144317,0.001920078,DO_NOT_MAIL
D141245,0.34446415,DO_NOT_MAIL
D134604,0.609096,DO_NOT_MAIL
D110200,0.96617204,MAIL
D114476,0.9610854,MAIL
D109145,0.95693064,MAIL
D117282,0.9418153,DO_NOT_MAIL
D139231,0.118728645,DO_NOT_MAIL
D103047,0.24231814,DO_NOT_MAIL
D116557,0.97171783,MAIL
D122971,0.8576082,DO_NOT_MAIL
D101210,0.22454406,DO_NOT_MAIL
D144690,0.010176553,DO_NOT_MAIL
D128390,0.47440314,DO_NOT_MAIL
D102216,0.17335553,DO_NOT_MAIL
D142613,0.20753357,DO_NOT_MAIL
D118289,0.040358428,DO_NOT_MAIL
D104597,0.8366616,DO_NOT_MAIL
D112201,0.9118403,DO_NOT_MAIL
D121528,0.9639058,MAIL
D122794,0.8693399,DO_NOT_MAIL
D125237,0.70336944,DO_NOT_MAIL
D141138,0.039967265,DO_NOT_MAIL
D133596,0.11376188,DO_NOT_MAIL
D144474,0.99319756,MAIL
D117052,0.02375487,DO_NOT_MAIL
D127997,0.8276394,DO_NOT_MAIL
D107457,0.955618,MAIL
D115679,0.8399911,DO_NOT_MAIL
D128383,0.00993823,DO_NOT_MAIL
D138862,0.5193751,DO_NOT_MAIL
D132302,0.8881307,DO_NOT_MAIL
D133728,0.72434723,DO_NOT_MAIL
D132344,0.81654066,DO_NOT_MAIL
D136954,0.1365083,DO_NOT_MAIL
D140676,0.8893485,DO_NOT_MAIL
D104173,0.55654967,DO_NOT_MAIL
D117591,0.005278141,DO_NOT_MAIL
D105001,0.88458824,DO_NOT_MAIL
D130077,0.0014141148,DO_NOT_MAIL
D122011,0.1713544,DO_NOT_MAIL
D100392,0.78250086,DO_NOT_MAIL
D125676,0.8516576,DO_NOT_MAIL
D109739,0.7134791,DO_NOT_MAIL
D139102,0.09242223,DO_NOT_MAIL
D108316,0.8054332,DO_NOT_MAIL
D120342,0.881872,DO_NOT_MAIL
D139044,0.0029561312,DO_NOT_MAIL
D104458,0.5000924,DO_NOT_MAIL
D120019,0.78538567,DO_NOT_MAIL
D103126,0.018387303,DO_NOT_MAIL
D134453,0.8002808,DO_NOT_MAIL
D142457,0.33525583,DO_NOT_MAIL
D101975,0.0027687175,DO_NOT_MAIL
D130719,0.03017203,DO_NOT_MAIL
D134930,0.0047385185,DO_NOT_MAIL
D126081,0.8276394,DO_NOT_MAIL
D135288,0.9796321,MAIL
D107347,0.9745087,MAIL
D116365,0.96004707,MAIL
D108991,0.657778,DO_NOT_MAIL
D111804,0.92517406,DO_NOT_MAIL
D111963,0.8447092,DO_NOT_MAIL
D138123,0.026959723,DO_NOT_MAIL
D143965,0.10577883,DO_NOT_MAIL
D143594,0.014921621,DO_NOT_MAIL
D117500,0.8881307,DO_NOT_MAIL
D106710,0.82409686,DO_NOT_MAIL
D111684,0.8555772,DO_NOT_MAIL
D101784,0.06934111,DO_NOT_MAIL
D137263,0.36268032,DO_NOT_MAIL
D116452,0.8537907,DO_NOT_MAIL
D140774,0.24001652,DO_NOT_MAIL
D127454,0.87349826,DO_NOT_MAIL
D126661,0.99087244,MAIL
D107702,0.7819923,DO_NOT_MAIL
D139631,0.01965505,DO_NOT_MAIL
D130682,0.9898553,MAIL
D113215,0.17988169,DO_NOT_MAIL
D115927,0.90379035,DO_NOT_MAIL
D105746,0.96707946,MAIL
D137321,0.20239756,DO_NOT_MAIL
D126493,0.007874512,DO_NOT_MAIL
D109799,0.97521484,MAIL
D140419,0.23518056,DO_NOT_MAIL
D121644,0.90744495,DO_NOT_MAIL
D109843,0.98002785,MAIL
D133469,0.025254631,DO_NOT_MAIL
D117882,0.8546097,DO_NOT_MAIL
D113099,0.9690147,MAIL
D120628,0.99230194,MAIL
D141333,0.27107996,DO_NOT_MAIL
D124772,0.7819923,DO_NOT_MAIL
D110547,0.43071687,DO_NOT_MAIL
D111387,0.96827155,MAIL
D127120,0.97716546,MAIL
D119342,0.7677933,DO_NOT_MAIL
D120691,0.00075540744,DO_NOT_MAIL
D117040,0.90447336,DO_NOT_MAIL
D120079,0.2394468,DO_NOT_MAIL
D119167,0.08822462,DO_NOT_MAIL
D102116,0.0032810895,DO_NOT_MAIL
D139494,0.2025896,DO_NOT_MAIL
D129455,0.977445,MAIL
D125870,0.8546097,DO_NOT_MAIL
D133227,0.9212338,DO_NOT_MAIL
D119734,0.66697764,DO_NOT_MAIL
D142528,0.06878485,DO_NOT_MAIL
D133575,0.8897022,DO_NOT_MAIL
D138597,0.07328003,DO_NOT_MAIL
D113062,0.92095155,DO_NOT_MAIL
D139916,0.03406551,DO_NOT_MAIL
D139573,0.008073848,DO_NOT_MAIL
D111280,0.0026183447,DO_NOT_MAIL
D133859,0.12918445,DO_NOT_MAIL
D137938,0.13290446,DO_NOT_MAIL
D128430,0.954501,MAIL
D136029,0.8619678,DO_NOT_MAIL
D103969,0.9185091,DO_NOT_MAIL
D139844,0.040862888,DO_NOT_MAIL
D122012,0.9433685,DO_NOT_MAIL
D135430,0.04059531,DO_NOT_MAIL
D141075,0.018570539,DO_NOT_MAIL
D139705,0.00016439459,DO_NOT_MAIL
D103541,0.88570243,DO_NOT_MAIL
D138501,0.9208809,DO_NOT_MAIL
D132018,0.85706615,DO_NOT_MAIL
D108387,0.6431161,DO_NOT_MAIL
D133102,0.011220718,DO_NOT_MAIL
D129443,0.9118403,DO_NOT_MAIL
D134558,0.93992764,DO_NOT_MAIL
D140602,0.0035601994,DO_NOT_MAIL
D132825,0.9640741,MAIL
D141539,0.0053433776,DO_NOT_MAIL
D129284,0.76219136,DO_NOT_MAIL
D106442,0.8447092,DO_NOT_MAIL
D137271,0.78250086,DO_NOT_MAIL
D103031,0.40978232,DO_NOT_MAIL
D123620,0.9788836,MAIL
D121663,0.76219136,DO_NOT_MAIL
D112899,0.9811429,MAIL
D123122,0.961119,MAIL
D109079,0.0046980446,DO_NOT_MAIL
D105410,0.96551836,MAIL
D141664,0.012142182,DO_NOT_MAIL
D127099,0.9550714,MAIL
D101543,0.955618,MAIL
D117649,0.96521676,MAIL
D130953,0.85608035,DO_NOT_MAIL
D102700,0.5943451,DO_NOT_MAIL
D109134,0.40711644,DO_NOT_MAIL
D124933,0.99193174,MAIL
D107599,0.14937375,DO_NOT_MAIL
D137986,0.71801496,DO_NOT_MAIL
D133556,0.12594922,DO_NOT_MAIL
D120590,0.3126474,DO_NOT_MAIL
D117185,0.67094314,DO_NOT_MAIL
D126507,0.676417,DO_NOT_MAIL
D129953,0.99481213,MAIL
D128592,0.6469854,DO_NOT_MAIL
D105972,0.09899366,DO_NOT_MAIL
D127609,0.9862926,MAIL
D110808,0.96004707,MAIL
D129065,0.9349788,DO_NOT_MAIL
D109552,0.6547513,DO_NOT_MAIL
D113918,0.013328289,DO_NOT_MAIL
D134477,0.8726598,DO_NOT_MAIL
D120864,0.9257085,DO_NOT_MAIL
D127841,0.96470815,MAIL
D125067,0.0004999733,DO_NOT_MAIL
D115650,0.7646645,DO_NOT_MAIL
D115448,0.9584709,MAIL
D124437,0.8881307,DO_NOT_MAIL
D141895,0.036198907,DO_NOT_MAIL
D134692,0.9086963,DO_NOT_MAIL
D120851,0.0026664548,DO_NOT_MAIL
D108198,0.9434021,DO_NOT_MAIL
D110850,0.9554237,MAIL
D116953,0.8093756,DO_NOT_MAIL
D141303,0.0049521853,DO_NOT_MAIL
D114445,0.528885,DO_NOT_MAIL
D111620,0.9508744,DO_NOT_MAIL
D137965,0.04005999,DO_NOT_MAIL
D138892,0.07825809,DO_NOT_MAIL
D113888,0.06201928,DO_NOT_MAIL
D142827,0.033603355,DO_NOT_MAIL
D130990,0.992718,MAIL
D115133,0.8595816,DO_NOT_MAIL
D112152,0.9900693,MAIL
D137813,0.0003688837,DO_NOT_MAIL
D133397,0.99122953,MAIL
D127793,0.89230096,DO_NOT_MAIL
D134155,0.24378262,DO_NOT_MAIL
D111680,0.68927664,DO_NOT_MAIL
D110520,0.94473964,DO_NOT_MAIL
D131498,0.3713033,DO_NOT_MAIL
D114227,0.03374749,DO_NOT_MAIL
D103973,0.0003829682,DO_NOT_MAIL
D125836,0.89608073,DO_NOT_MAIL
D107755,0.5617754,DO_NOT_MAIL
D137967,0.0042855255,DO_NOT_MAIL
D116870,0.9377958,DO_NOT_MAIL
D101146,0.25449836,DO_NOT_MAIL
D113501,0.62193674,DO_NOT_MAIL
D130442,0.4874761,DO_NOT_MAIL
D139420,0.01682938,DO_NOT_MAIL
D141843,0.023399428,DO_NOT_MAIL
D113699,0.88723224,DO_NOT_MAIL
D123830,0.9449887,DO_NOT_MAIL
D136964,0.20652668,DO_NOT_MAIL
D142965,0.0092144795,DO_NOT_MAIL
D124697,0.17216617,DO_NOT_MAIL
D137344,0.03045104,DO_NOT_MAIL
D144436,0.0012606238,DO_NOT_MAIL
D136117,0.88971186,DO_NOT_MAIL
D117257,0.5410151,DO_NOT_MAIL
D139863,0.9519337,MAIL
D130221,0.96521676,MAIL
D139681,0.13960314,DO_NOT_MAIL
D112434,0.028125206,DO_NOT_MAIL
D124799,0.8989707,DO_NOT_MAIL
D115297,0.824826,DO_NOT_MAIL
D129771,0.9358564,DO_NOT_MAIL
D142586,0.027960321,DO_NOT_MAIL
D101833,0.9452905,DO_NOT_MAIL
D144595,0.9662585,MAIL
D138391,0.0107649695,DO_NOT_MAIL
D119653,0.43585023,DO_NOT_MAIL
D123881,0.79993933,DO_NOT_MAIL
D133929,0.9768689,MAIL
D116117,0.970204,MAIL
D132490,0.11205417,DO_NOT_MAIL
D143752,1.8578481e-05,DO_NOT_MAIL
D104941,0.98277086,MAIL
D141076,0.068869755,DO_NOT_MAIL
D127571,0.33412683,DO_NOT_MAIL
D119629,0.3608952,DO_NOT_MAIL
D144583,0.18236564,DO_NOT_MAIL
D129691,0.72434723,DO_NOT_MAIL
D110626,0.973722,MAIL
D101625,0.941746,DO_NOT_MAIL
D117865,0.9274354,DO_NOT_MAIL
D115143,0.0040427693,DO_NOT_MAIL
D137251,0.0021869016,DO_NOT_MAIL
D133750,0.9947642,MAIL
D142862,0.05192778,DO_NOT_MAIL
D109942,0.01209263,DO_NOT_MAIL
D106145,0.83830553,DO_NOT_MAIL
D123435,0.98147535,MAIL
D108025,0.8472271,DO_NOT_MAIL
D136228,0.41996494,DO_NOT_MAIL
D129295,0.3715942,DO_NOT_MAIL
D116397,0.9799463,MAIL
D112031,0.051930096,DO_NOT_MAIL
D116111,0.8167604,DO_NOT_MAIL
D109572,0.96176934,MAIL
D135664,0.5933942,DO_NOT_MAIL
D120585,0.51962996,DO_NOT_MAIL
D114709,0.027689468,DO_NOT_MAIL
D108950,0.9747233,MAIL
D118059,0.8415551,DO_NOT_MAIL
D113906,0.8968021,DO_NOT_MAIL
D137096,0.90302545,DO_NOT_MAIL
D131856,0.97521484,MAIL
D105911,0.9508744,DO_NOT_MAIL
D134785,0.96635944,MAIL
D135894,0.95690113,MAIL
D114782,0.98510695,MAIL
D104876,0.06842361,DO_NOT_MAIL
D141662,0.8743182,DO_NOT_MAIL
D136998,0.8352783,DO_NOT_MAIL
D112962,0.97699124,MAIL
D109184,0.9334319,DO_NOT_MAIL
D103337,0.8693399,DO_NOT_MAIL
D138861,0.006848086,DO_NOT_MAIL
D104078,0.9435933,DO_NOT_MAIL
D143269,0.0060622124,DO_NOT_MAIL
D107103,0.9690147,MAIL
D141739,0.08492866,DO_NOT_MAIL
D101849,0.9452905,DO_NOT_MAIL
D118475,0.967649,MAIL
D132213,0.11911262,DO_NOT_MAIL
D109140,0.9041971,DO_NOT_MAIL
D110713,0.70131403,DO_NOT_MAIL
D115847,0.42803925,DO_NOT_MAIL
D116434,0.8291849,DO_NOT_MAIL
D104609,0.17216617,DO_NOT_MAIL
D111391,0.8693399,DO_NOT_MAIL
D140363,0.006969839,DO_NOT_MAIL
D117752,0.92517406,DO_NOT_MAIL
D138972,0.07030541,DO_NOT_MAIL
D119074,0.9294427,DO_NOT_MAIL
D137131,0.24266498,DO_NOT_MAIL
D109651,0.5139931,DO_NOT_MAIL
D123764,0.973722,MAIL
D114236,0.99001616,MAIL
D102441,0.045569185,DO_NOT_MAIL
D126583,0.9756825,MAIL
D138650,0.30091554,DO_NOT_MAIL
D121161,0.8746985,DO_NOT_MAIL
D134947,0.77132523,DO_NOT_MAIL
D114964,0.9895745,MAIL
D103219,0.657778,DO_NOT_MAIL
D139898,0.014663297,DO_NOT_MAIL
D112143,0.010769404,DO_NOT_MAIL
D133278,0.0011568366,DO_NOT_MAIL
D124505,0.008198046,DO_NOT_MAIL
D124451,0.0012941443,DO_NOT_MAIL
D135053,0.9949838,MAIL
D138880,0.01626209,DO_NOT_MAIL
D143001,0.1014639,DO_NOT_MAIL
D120227,0.9274354,DO_NOT_MAIL
D112977,0.9534661,MAIL
D136338,0.008106055,DO_NOT_MAIL
D125083,0.9349788,DO_NOT_MAIL
D113088,0.82004774,DO_NOT_MAIL
D135728,0.98021346,MAIL
D106545,0.992718,MAIL
D106822,0.22093916,DO_NOT_MAIL
D144241,0.5416405,DO_NOT_MAIL
D127771,0.5925024,DO_NOT_MAIL
D122874,0.8767479,DO_NOT_MAIL
D144618,0.18688664,DO_NOT_MAIL
D135632,0.45873958,DO_NOT_MAIL
D103338,0.045364525,DO_NOT_MAIL
D120113,0.94440866,DO_NOT_MAIL
D119796,0.106057964,DO_NOT_MAIL
D114149,0.657778,DO_NOT_MAIL
D130188,0.004156309,DO_NOT_MAIL
D131586,0.7089558,DO_NOT_MAIL
D101160,0.9433685,DO_NOT_MAIL
D108421,0.9810497,MAIL
D130357,0.6981371,DO_NOT_MAIL
D108690,0.90744495,DO_NOT_MAIL
D113261,0.69809425,DO_NOT_MAIL
D108389,0.2535005,DO_NOT_MAIL
D136348,0.7037504,DO_NOT_MAIL
D122655,0.7332227,DO_NOT_MAIL
D141832,0.010764639,DO_NOT_MAIL
D107220,0.9629351,MAIL
D144441,0.0014306954,DO_NOT_MAIL
D123767,0.45506257,DO_NOT_MAIL
D121052,0.0057730083,DO_NOT_MAIL
D132328,0.00033564377,DO_NOT_MAIL
D111072,0.88319796,DO_NOT_MAIL
D110034,0.8961919,DO_NOT_MAIL
D107223,0.77132523,DO_NOT_MAIL
D118383,0.6431161,DO_NOT_MAIL
D114650,0.9358564,DO_NOT_MAIL
D140027,0.044081155,DO_NOT_MAIL
D136164,0.118468784,DO_NOT_MAIL
D120811,0.6725385,DO_NOT_MAIL
D120093,0.9723493,MAIL
D121969,0.030873727,DO_NOT_MAIL
D119192,0.96223414,MAIL
D120305,0.84848046,DO_NOT_MAIL
D116499,0.041264858,DO_NOT_MAIL
D100699,0.05968873,DO_NOT_MAIL
D134897,0.9640741,MAIL
D137698,0.9349788,DO_NOT_MAIL
D141188,0.05406473,DO_NOT_MAIL
D112542,0.8665668,DO_NOT_MAIL
D102245,0.19347675,DO_NOT_MAIL
D111255,0.91089255,DO_NOT_MAIL
D109091,0.9908025,MAIL
D124268,0.83709186,DO_NOT_MAIL
D122940,0.82066286,DO_NOT_MAIL
D129347,0.008021421,DO_NOT_MAIL
D104994,0.96632427,MAIL
D142046,0.00024785762,DO_NOT_MAIL
D141616,0.00033623978,DO_NOT_MAIL
D136411,0.8576082,DO_NOT_MAIL
D137207,0.21964072,DO_NOT_MAIL
D110129,0.041965775,DO_NOT_MAIL
D113733,0.042363554,DO_NOT_MAIL
D129629,0.83729506,DO_NOT_MAIL
D118982,0.8693399,DO_NOT_MAIL
D143206,0.1635091,DO_NOT_MAIL
D137076,0.45030627,DO_NOT_MAIL
D115869,0.2163647,DO_NOT_MAIL
D101333,0.011412258,DO_NOT_MAIL
D118339,0.973897,MAIL
D137112,0.046280745,DO_NOT_MAIL
D112615,0.9708299,MAIL
D113770,0.8332882,DO_NOT_MAIL
D123251,0.066789925,DO_NOT_MAIL
D112473,0.85204154,DO_NOT_MAIL
D122132,0.8981577,DO_NOT_MAIL
D132094,0.9788905,MAIL
D137503,0.0012266062,DO_NOT_MAIL
D123350,0.7963604,DO_NOT_MAIL
D119746,0.6240543,DO_NOT_MAIL
D102938,0.032670066,DO_NOT_MAIL
D109437,0.6106876,DO_NOT_MAIL
D129661,0.039313983,DO_NOT_MAIL
D131363,0.3620859,DO_NOT_MAIL
D122235,0.90564024,DO_NOT_MAIL
D116246,0.35015026,DO_NOT_MAIL
D117891,0.8167604,DO_NOT_MAIL
D142703,0.66815805,DO_NOT_MAIL
D110581,0.8846277,DO_NOT_MAIL
D115867,0.4507605,DO_NOT_MAIL
D123794,0.9452905,DO_NOT_MAIL
D107671,0.92095155,DO_NOT_MAIL
D129477,0.9927463,MAIL
D123668,0.013800412,DO_NOT_MAIL
D126402,0.12744068,DO_NOT_MAIL
D110552,0.90447336,DO_NOT_MAIL
D113877,0.88971186,DO_NOT_MAIL
D130515,0.015100821,DO_NOT_MAIL
D128077,0.80123234,DO_NOT_MAIL
D109306,0.9463768,DO_NOT_MAIL
D138005,0.13706268,DO_NOT_MAIL
D119786,0.62168854,DO_NOT_MAIL
D110188,0.020974506,DO_NOT_MAIL
D124892,0.93909353,DO_NOT_MAIL
D116608,0.7297733,DO_NOT_MAIL
D144687,0.021937277,DO_NOT_MAIL
D119469,0.9698342,MAIL
D121682,0.52787226,DO_NOT_MAIL
D117249,0.8852851,DO_NOT_MAIL
D140285,0.9891606,MAIL
D120261,0.2394468,DO_NOT_MAIL
D133116,0.21738434,DO_NOT_MAIL
D101868,0.9337538,DO_NOT_MAIL
D142744,0.024390725,DO_NOT_MAIL
D115417,0.9667681,MAIL
D119182,0.958693,MAIL
D123724,0.9062348,DO_NOT_MAIL
D112090,0.63208497,DO_NOT_MAIL
D144160,0.48052496,DO_NOT_MAIL
D124970,0.89608073,DO_NOT_MAIL
D113664,0.025068015,DO_NOT_MAIL
D144496,0.30327404,DO_NOT_MAIL
D116392,0.9007552,DO_NOT_MAIL
D111016,0.9634866,MAIL
D139602,0.014522396,DO_NOT_MAIL
D139295,0.03992656,DO_NOT_MAIL
D115422,0.9947036,MAIL
D105463,0.11578144,DO_NOT_MAIL
D116347,0.56299716,DO_NOT_MAIL
D109132,0.30566475,DO_NOT_MAIL
D126142,0.0006812867,DO_NOT_MAIL
D129752,0.86922854,DO_NOT_MAIL
D142713,0.7188086,DO_NOT_MAIL
D143576,0.03682064,DO_NOT_MAIL
D106641,0.80390793,DO_NOT_MAIL
D126114,0.99181,MAIL
D143332,0.1397286,DO_NOT_MAIL
D133154,0.62193674,DO_NOT_MAIL
D107544,0.40978232,DO_NOT_MAIL
D109736100,0.9981806,MAIL
D137463,0.9226159,DO_NOT_MAIL
D119894,0.62353516,DO_NOT_MAIL
D106173,0.975021,MAIL
D114976,0.67464757,DO_NOT_MAIL
D105558,0.9698342,MAIL
D138298,0.097495824,DO_NOT_MAIL
D117534,0.0025768322,DO_NOT_MAIL
D116383,0.14676552,DO_NOT_MAIL
D127564,0.677901,DO_NOT_MAIL
D139363,0.0342981,DO_NOT_MAIL
D137826,0.18343751,DO_NOT_MAIL
D124117,0.9006484,DO_NOT_MAIL
D141872,0.67779416,DO_NOT_MAIL
D140166,0.9650082,MAIL
D101581,0.94612527,DO_NOT_MAIL
D143902,0.20411769,DO_NOT_MAIL
D120857,0.9358564,DO_NOT_MAIL
D139276,0.117320314,DO_NOT_MAIL
D100856,0.227697,DO_NOT_MAIL
D110734,0.25682938,DO_NOT_MAIL
D126783,0.970204,MAIL
D108594,0.9062348,DO_NOT_MAIL
D141342,0.024591204,DO_NOT_MAIL
D140459,0.5586636,DO_NOT_MAIL
D127073,0.002577955,DO_NOT_MAIL
D132613,0.80955744,DO_NOT_MAIL
D121952,0.032843802,DO_NOT_MAIL
D112653,0.93013823,DO_NOT_MAIL
D109545,0.977445,MAIL
D122312,0.97908825,MAIL
D143643,0.04123117,DO_NOT_MAIL
D126087,0.78538567,DO_NOT_MAIL
D102862,0.33164674,DO_NOT_MAIL
D139079,0.64222944,DO_NOT_MAIL
D133120,0.018247304,DO_NOT_MAIL
D106133,0.9332782,DO_NOT_MAIL
D109013,0.8611976,DO_NOT_MAIL
D121809,0.986133,MAIL
D102365,0.004775295,DO_NOT_MAIL
D126107,0.16757017,DO_NOT_MAIL
D131415,0.8296939,DO_NOT_MAIL
D137839,0.024068916,DO_NOT_MAIL
D109838,2.2565126e-05,DO_NOT_MAIL
D112910,0.85259837,DO_NOT_MAIL
D139196,0.3749116,DO_NOT_MAIL
D121585,0.986133,MAIL
D129304,0.018995872,DO_NOT_MAIL
D129887,0.0241638,DO_NOT_MAIL
D123745,0.14770195,DO_NOT_MAIL
D129385,0.007420108,DO_NOT_MAIL
D144418,0.76219136,DO_NOT_MAIL
D116596,0.96996504,MAIL
D102962,0.8167604,DO_NOT_MAIL
D138223,0.15388285,DO_NOT_MAIL
D118368,0.98118603,MAIL
D141858,0.9799349,MAIL
D130245,0.9092488,DO_NOT_MAIL
D132342,0.080709286,DO_NOT_MAIL
D137567,0.92146105,DO_NOT_MAIL
D144600,0.121958524,DO_NOT_MAIL
D138482,0.012734639,DO_NOT_MAIL
D120376,0.08293759,DO_NOT_MAIL
D130168,0.92709506,DO_NOT_MAIL
D100476,0.0017041536,DO_NOT_MAIL
D141849,0.024824927,DO_NOT_MAIL
D126820,0.80627024,DO_NOT_MAIL
D124981,0.9418153,DO_NOT_MAIL
D106100,0.8983231,DO_NOT_MAIL
D133781,0.9915011,MAIL
D137328,0.80627024,DO_NOT_MAIL
D134373,0.92095155,DO_NOT_MAIL
D130674,0.7927185,DO_NOT_MAIL
D136888,0.9009107,DO_NOT_MAIL
D128544,0.9788836,MAIL
D108533,0.9770189,MAIL
D107983,0.83729506,DO_NOT_MAIL
D133307,0.90302545,DO_NOT_MAIL
D128980,0.992475,MAIL
D144193,0.9705282,MAIL
D105119,0.9257085,DO_NOT_MAIL
D132774,0.975021,MAIL
D108885,0.9332782,DO_NOT_MAIL
D100933,0.992718,MAIL
D139733,0.8597032,DO_NOT_MAIL
D136258,0.9185091,DO_NOT_MAIL
D128805,0.82409686,DO_NOT_MAIL
D140531,0.21005712,DO_NOT_MAIL
D129918,0.036165215,DO_NOT_MAIL
D136227,0.3605566,DO_NOT_MAIL
D100150,0.016115746,DO_NOT_MAIL
D129560,0.036792535,DO_NOT_MAIL
D106829,0.97261816,MAIL
D118798,0.8305037,DO_NOT_MAIL
D111164,0.9937372,MAIL
D100740,0.9433685,DO_NOT_MAIL
D125633,0.7684628,DO_NOT_MAIL
D111396,0.0074003655,DO_NOT_MAIL
D124648,0.88879144,DO_NOT_MAIL
D129710,0.9658242,MAIL
D127747,0.004198151,DO_NOT_MAIL
D100708,0.77132523,DO_NOT_MAIL
D140616,0.10305794,DO_NOT_MAIL
D132310,0.004481712,DO_NOT_MAIL
D108321,0.8814339,DO_NOT_MAIL
D100548,0.0023681216,DO_NOT_MAIL
D130809,0.96483654,MAIL
D129109,0.6648818,DO_NOT_MAIL
D116454,0.13659237,DO_NOT_MAIL
D129595,0.9025419,DO_NOT_MAIL
D129762,0.88336307,DO_NOT_MAIL
D101386,0.718007,DO_NOT_MAIL
D117256,0.7646645,DO_NOT_MAIL
D130238,0.9358564,DO_NOT_MAIL
D117287,0.8799207,DO_NOT_MAIL
D122259,0.83528817,DO_NOT_MAIL
D139403,0.14286588,DO_NOT_MAIL
D103719,0.99500436,MAIL
D136732,0.52299845,DO_NOT_MAIL
D114921,0.85608035,DO_NOT_MAIL
D129328,0.9669261,MAIL
D116136,0.82409686,DO_NOT_MAIL
D100138,0.30419326,DO_NOT_MAIL
D127492,0.92095155,DO_NOT_MAIL
D115763,0.76365095,DO_NOT_MAIL
D144568,0.9818554,MAIL
D108923,0.7177682,DO_NOT_MAIL
D104926,0.27284184,DO_NOT_MAIL
D143697,0.011695308,DO_NOT_MAIL
D132152,0.96827155,MAIL
D109981,0.9711856,MAIL
D115884,0.9924231,MAIL
D119752,0.9667681,MAIL
D131993,0.98706704,MAIL
D107832,0.5740962,DO_NOT_MAIL
D136967,0.48802578,DO_NOT_MAIL
D101539,0.8087358,DO_NOT_MAIL
D128556,0.88971186,DO_NOT_MAIL
D136802,0.014988445,DO_NOT_MAIL
D110009,0.24751757,DO_NOT_MAIL
D128665,0.979267,MAIL
D102833,0.8916998,DO_NOT_MAIL
D116124,0.91175425,DO_NOT_MAIL
D121725,0.95827425,MAIL
D132195,0.00737135,DO_NOT_MAIL
D126608,0.8545162,DO_NOT_MAIL
D129125,0.030822448,DO_NOT_MAIL
D117420,0.9418153,DO_NOT_MAIL
D107854,0.6246146,DO_NOT_MAIL
D107041,0.9450459,DO_NOT_MAIL
D101992,0.8810793,DO_NOT_MAIL
D136350,0.024349384,DO_NOT_MAIL
D106042,0.8536362,DO_NOT_MAIL
D106899,0.6118895,DO_NOT_MAIL
D117798,0.9401205,DO_NOT_MAIL
D127403,0.8611976,DO_NOT_MAIL
D113632,0.9642926,MAIL
D124682,0.2519172,DO_NOT_MAIL
D139754,0.34789965,DO_NOT_MAIL
D111966,0.7969786,DO_NOT_MAIL
D140677,0.9652245,MAIL
D135268,0.23999223,DO_NOT_MAIL
D129634,0.9615289,MAIL
D130265,0.074728176,DO_NOT_MAIL
D134412,0.9669261,MAIL
D101538,0.7177682,DO_NOT_MAIL
D119272,0.13540557,DO_NOT_MAIL
D143719,0.05079776,DO_NOT_MAIL
D121459,0.9278522,DO_NOT_MAIL
D106245,0.96470815,MAIL
D104517,0.13382505,DO_NOT_MAIL
D125333,0.6431161,DO_NOT_MAIL
D141944,0.9675821,MAIL
D124530,0.0051386775,DO_NOT_MAIL
D129808,0.30899093,DO_NOT_MAIL
D107067,0.029207818,DO_NOT_MAIL
D137772,0.0012799822,DO_NOT_MAIL
D118944,0.09038577,DO_NOT_MAIL
D100040,0.4371574,DO_NOT_MAIL
D133237,0.039210804,DO_NOT_MAIL
D108914,0.9675739,MAIL
D101872,0.92517847,DO_NOT_MAIL
D135526,0.105126284,DO_NOT_MAIL
D111678,0.0064552394,DO_NOT_MAIL
D141847,0.17395419,DO_NOT_MAIL
D108351,0.88723224,DO_NOT_MAIL
D117938,0.82213485,DO_NOT_MAIL
D107013,0.8576082,DO_NOT_MAIL
D142587,0.93196577,DO_NOT_MAIL
D123969,0.9884421,MAIL
D109041,0.9185091,DO_NOT_MAIL
D141225,0.023720326,DO_NOT_MAIL
D143150,0.83526,DO_NOT_MAIL
D143325,0.0071485774,DO_NOT_MAIL
D138116,0.019558514,DO_NOT_MAIL
D127447,0.45866597,DO_NOT_MAIL
D101913,0.9844475,MAIL
D119332,0.49162942,DO_NOT_MAIL
D139239,0.025345108,DO_NOT_MAIL
D111152,0.56334084,DO_NOT_MAIL
D132106,0.29273427,DO_NOT_MAIL
D126498,0.97337025,MAIL
D121781,0.004076614,DO_NOT_MAIL
D114587,0.8576082,DO_NOT_MAIL
D142928,0.19755016,DO_NOT_MAIL
D118682,0.93806165,DO_NOT_MAIL
D125149,0.96294856,MAIL
D112050,0.26241124,DO_NOT_MAIL
D109272,0.99169123,MAIL
D112940,0.8869641,DO_NOT_MAIL
D121383,0.85706615,DO_NOT_MAIL
D121433,0.62060946,DO_NOT_MAIL
D135405,0.0056220675,DO_NOT_MAIL
D111974,0.19187157,DO_NOT_MAIL
D124060,0.03463705,DO_NOT_MAIL
D119509,0.9802091,MAIL
D134574,0.23864153,DO_NOT_MAIL
D144201,0.9912066,MAIL
D126464,0.5925024,DO_NOT_MAIL
D118175,0.93909353,DO_NOT_MAIL
D132720,0.023706902,DO_NOT_MAIL
D129191,0.040802628,DO_NOT_MAIL
D142341,0.36870053,DO_NOT_MAIL
D106585,0.035951253,DO_NOT_MAIL
D123182,0.96184963,MAIL
D138015,0.030791292,DO_NOT_MAIL
D142408,0.100015335,DO_NOT_MAIL
D124381,0.8746685,DO_NOT_MAIL
D142738,0.014002626,DO_NOT_MAIL
D101922,0.96258026,MAIL
D114673,0.92679274,DO_NOT_MAIL
D110692,0.9118403,DO_NOT_MAIL
D141640,0.0030627206,DO_NOT_MAIL
D131758,0.9657949,MAIL
D138170,0.050042022,DO_NOT_MAIL
D112898,0.7677933,DO_NOT_MAIL
D108453,0.8576082,DO_NOT_MAIL
D116080,0.92150646,DO_NOT_MAIL
D142065,0.5108741,DO_NOT_MAIL
D135366,0.97441304,MAIL
D109271,0.55611193,DO_NOT_MAIL
D114309,0.9006484,DO_NOT_MAIL
D122600,0.05548706,DO_NOT_MAIL
D126695,0.03878174,DO_NOT_MAIL
D126916,0.958693,MAIL
D137017,0.0007387389,DO_NOT_MAIL
D134802,0.0023956469,DO_NOT_MAIL
D106207,0.97908825,MAIL
D117199,0.009461465,DO_NOT_MAIL
D138084,0.006458106,DO_NOT_MAIL
D136777,0.0036567042,DO_NOT_MAIL
D131063,0.01281515,DO_NOT_MAIL
D100576,0.5925024,DO_NOT_MAIL
D128694,0.016248891,DO_NOT_MAIL
D100735,0.7597075,DO_NOT_MAIL
D112005,0.8989707,DO_NOT_MAIL
D125781,0.92664266,DO_NOT_MAIL
D121203,0.9770189,MAIL
D132605,0.69809425,DO_NOT_MAIL
D124909,0.5139931,DO_NOT_MAIL
D127345,0.8576082,DO_NOT_MAIL
D136512,0.11043447,DO_NOT_MAIL
D129441,0.9640741,MAIL
D130567,0.2862608,DO_NOT_MAIL
D103463,0.0052493387,DO_NOT_MAIL
D100763,0.40479574,DO_NOT_MAIL
D124832,0.9793005,MAIL
D116641,0.88723224,DO_NOT_MAIL
D104511,0.5200114,DO_NOT_MAIL
D124496,0.091758095,DO_NOT_MAIL
D130189,0.9656056,MAIL
D134827,0.94288254,DO_NOT_MAIL
D121214,0.00060374424,DO_NOT_MAIL
D113747,0.03536025,DO_NOT_MAIL
D128681,0.9225519,DO_NOT_MAIL
D129405,0.9581196,MAIL
D106216,0.955618,MAIL
D120758,0.45473167,DO_NOT_MAIL
D118698,0.97720313,MAIL
D118869,0.97171783,MAIL
D105880,0.9764578,MAIL
D100710,0.96551836,MAIL
D143791,0.017323904,DO_NOT_MAIL
D101663,0.9544166,MAIL
D140965,0.26380816,DO_NOT_MAIL
D113620,0.3817256,DO_NOT_MAIL
D142626,0.43752804,DO_NOT_MAIL
D112076,0.00035540032,DO_NOT_MAIL
D110139,0.8332882,DO_NOT_MAIL
D128767,0.5943451,DO_NOT_MAIL
D110474,0.9834034,MAIL
D104236,0.63618916,DO_NOT_MAIL
D106673,0.8091832,DO_NOT_MAIL
D113304,0.63445467,DO_NOT_MAIL
D112044,0.009548998,DO_NOT_MAIL
D114155,0.8693399,DO_NOT_MAIL
D122735,0.9491667,DO_NOT_MAIL
D104049,0.80166894,DO_NOT_MAIL
D100837,0.9675739,MAIL
D136897,0.9775313,MAIL
D122744,0.0027642655,DO_NOT_MAIL
D130904,0.08337996,DO_NOT_MAIL
D105702,0.15900613,DO_NOT_MAIL
D114102,0.5932417,DO_NOT_MAIL
D104055,0.38857698,DO_NOT_MAIL
D138178,0.09015255,DO_NOT_MAIL
D124180,0.16756622,DO_NOT_MAIL
D140126,0.048259273,DO_NOT_MAIL
D128126,0.8693399,DO_NOT_MAIL
D102715,0.9806153,MAIL
D107776,0.20968533,DO_NOT_MAIL
D109662,0.9658242,MAIL
D120791,0.94078404,DO_NOT_MAIL
D135396,0.0011767958,DO_NOT_MAIL
D109365,0.06760073,DO_NOT_MAIL
D112155,0.96626717,MAIL
D113565,0.8892806,DO_NOT_MAIL
D109370,0.7304995,DO_NOT_MAIL
D104477,0.71599865,DO_NOT_MAIL
D140322,0.28339753,DO_NOT_MAIL
D141639,0.021022748,DO_NOT_MAIL
D104827,0.03992563,DO_NOT_MAIL
D111407,0.82409686,DO_NOT_MAIL
D119176,0.9225519,DO_NOT_MAIL
D142709,0.0027983617,DO_NOT_MAIL
D110153,0.5025273,DO_NOT_MAIL
D140205,0.018497488,DO_NOT_MAIL
D139592,0.2544323,DO_NOT_MAIL
D136285,0.23209183,DO_NOT_MAIL
D110233,0.0056868102,DO_NOT_MAIL
D130691,0.8077166,DO_NOT_MAIL
D103406,0.024741955,DO_NOT_MAIL
D139193,0.004233125,DO_NOT_MAIL
D125703,0.40061572,DO_NOT_MAIL
D130148,0.9698342,MAIL
D133634,0.0049113054,DO_NOT_MAIL
D102558,0.5943451,DO_NOT_MAIL
D118834,0.9770189,MAIL
D141526,0.99152464,MAIL
D124636,0.012108409,DO_NOT_MAIL
D128759,0.11769156,DO_NOT_MAIL
D102772,0.89545536,DO_NOT_MAIL
D127788,0.9278522,DO_NOT_MAIL
D114294,0.9866388,MAIL
D108479,0.9039037,DO_NOT_MAIL
D140249,0.09424975,DO_NOT_MAIL
D136354,0.022390354,DO_NOT_MAIL
D123129,0.5103401,DO_NOT_MAIL
D124515,0.009933239,DO_NOT_MAIL
D107088,0.88319796,DO_NOT_MAIL
D115985,0.9092488,DO_NOT_MAIL
D126361,0.17471816,DO_NOT_MAIL
D100267,0.00848122,DO_NOT_MAIL
D105173,0.029553393,DO_NOT_MAIL
D131090,0.03781505,DO_NOT_MAIL
D132324,0.83528817,DO_NOT_MAIL
D137715,0.027189765,DO_NOT_MAIL
D103318,0.0023824433,DO_NOT_MAIL
D109055,0.96632427,MAIL
D103461,0.5753245,DO_NOT_MAIL
D143974,0.14940067,DO_NOT_MAIL
D136087,0.54785824,DO_NOT_MAIL
D110080,0.9588186,MAIL
D139548,0.014637704,DO_NOT_MAIL
D142276,0.30975384,DO_NOT_MAIL
D101626,0.0062398305,DO_NOT_MAIL
D103108,0.977009,MAIL
D144077,0.009511926,DO_NOT_MAIL
D103242,0.95827425,MAIL
D112285,0.99181455,MAIL
D120046,0.9105622,DO_NOT_MAIL
D106421,0.39836207,DO_NOT_MAIL
D140145,0.00509939,DO_NOT_MAIL
D127767,0.90744495,DO_NOT_MAIL
D139933,0.09956234,DO_NOT_MAIL
D141431,0.9636932,MAIL
D109441,0.9412208,DO_NOT_MAIL
D132381,0.84848046,DO_NOT_MAIL
D141684,0.99446154,MAIL
D108050,0.52650124,DO_NOT_MAIL
D108238,0.7819923,DO_NOT_MAIL
D124156,0.11303298,DO_NOT_MAIL
D124606,0.0005873778,DO_NOT_MAIL
D138606,0.019956287,DO_NOT_MAIL
D109918,0.8023649,DO_NOT_MAIL
D100363,0.94612527,DO_NOT_MAIL
D142661,0.42466652,DO_NOT_MAIL
D127247,0.85204154,DO_NOT_MAIL
D137436,0.9787844,MAIL
D121131,0.96011126,MAIL
D106445,0.7089558,DO_NOT_MAIL
D132182,0.9220957,DO_NOT_MAIL
D115850,0.09586478,DO_NOT_MAIL
D139181,0.11080943,DO_NOT_MAIL
D105758,0.09997215,DO_NOT_MAIL
D130844,0.09138719,DO_NOT_MAIL
D137757,0.07264416,DO_NOT_MAIL
D123892,0.20304945,DO_NOT_MAIL
D129763,0.026432905,DO_NOT_MAIL
D125385,0.98476833,MAIL
D105892,0.8077166,DO_NOT_MAIL
D137875,0.00082502,DO_NOT_MAIL
D144130,0.012283482,DO_NOT_MAIL
D123792,0.8332882,DO_NOT_MAIL
D135449,0.52650124,DO_NOT_MAIL
D109320,0.96705776,MAIL
D106303,0.023925839,DO_NOT_MAIL
D117001,0.95827425,MAIL
D116466,0.79437804,DO_NOT_MAIL
D129110,0.9306288,DO_NOT_MAIL
D129841,0.43296874,DO_NOT_MAIL
D144023,0.2458286,DO_NOT_MAIL
D104190,0.75056857,DO_NOT_MAIL
D142742,0.14999166,DO_NOT_MAIL
D139398,0.08506415,DO_NOT_MAIL
D134306,0.8852851,DO_NOT_MAIL
D108716,0.881872,DO_NOT_MAIL
D116766,0.93618584,DO_NOT_MAIL
D141175,0.016767187,DO_NOT_MAIL
D136144,0.7861124,DO_NOT_MAIL
D105160,0.06353392,DO_NOT_MAIL
D126915,0.05439636,DO_NOT_MAIL
D115173,0.84229296,DO_NOT_MAIL
D125662,0.0026710518,DO_NOT_MAIL
D125964,0.99134326,MAIL
D105529,0.9900693,MAIL
D124786,0.40620667,DO_NOT_MAIL
D105506,0.9915011,MAIL
D116381,0.96000904,MAIL
D138820,0.99404365,MAIL
D109947,0.97171783,MAIL
D127300,0.62584805,DO_NOT_MAIL
D101275,0.97699124,MAIL
D135256,0.8892487,DO_NOT_MAIL
D116164,0.82066286,DO_NOT_MAIL
D140487,0.7120713,DO_NOT_MAIL
D136628,0.12502244,DO_NOT_MAIL
D125681,0.8536362,DO_NOT_MAIL
D101256,0.9669261,MAIL
D126979,0.8809452,DO_NOT_MAIL
D123658,0.9025419,DO_NOT_MAIL
D124972,0.9859477,MAIL
D104830,0.23133083,DO_NOT_MAIL
D111619,0.9714092,MAIL
D137980,0.011396625,DO_NOT_MAIL
D121820,0.4507605,DO_NOT_MAIL
D120259,0.94418365,DO_NOT_MAIL
D103409,0.97908825,MAIL
D124987,0.96996504,MAIL
D144068,0.09074747,DO_NOT_MAIL
D111360,0.04368885,DO_NOT_MAIL
D115545,0.96413136,MAIL
D109856,0.9714092,MAIL
D115342,0.024919065,DO_NOT_MAIL
D122660,0.973722,MAIL
D117615,0.9588186,MAIL
D123758,0.7037504,DO_NOT_MAIL
D126702,0.01740759,DO_NOT_MAIL
D119461,0.78915006,DO_NOT_MAIL
D100772,0.6431161,DO_NOT_MAIL
D142235,0.83293414,DO_NOT_MAIL
D111258,0.973722,MAIL
D108078,0.6640927,DO_NOT_MAIL
D124252,0.2989098,DO_NOT_MAIL
D123331,0.19239531,DO_NOT_MAIL
D135932,0.99194884,MAIL
D101697,0.9747233,MAIL
D125144,0.9788103,MAIL
D112074,0.09024237,DO_NOT_MAIL
D106086,0.72434723,DO_NOT_MAIL
D130593,0.83830553,DO_NOT_MAIL
D138088,0.84348047,DO_NOT_MAIL
D130939,0.8472271,DO_NOT_MAIL
D112387,0.25449836,DO_NOT_MAIL
D118247,0.338638,DO_NOT_MAIL
D129442,0.99283326,MAIL
D132378,0.96126956,MAIL
D102655,0.0044696108,DO_NOT_MAIL
D125890,0.94260883,DO_NOT_MAIL
D143825,0.0015444726,DO_NOT_MAIL
D107075,0.84869266,DO_NOT_MAIL
D123407,0.227697,DO_NOT_MAIL
D105427,0.93806165,DO_NOT_MAIL
D116876,0.8077166,DO_NOT_MAIL
D102843,0.9908206,MAIL
D141673,0.16695741,DO_NOT_MAIL
D116748,0.48687914,DO_NOT_MAIL
D124189,0.0003748203,DO_NOT_MAIL
D107726,0.16561528,DO_NOT_MAIL
D112100,0.10254185,DO_NOT_MAIL
D106139,0.76365095,DO_NOT_MAIL
D142149,0.30976924,DO_NOT_MAIL
D125078,0.83081913,DO_NOT_MAIL
D105038,0.015382297,DO_NOT_MAIL
D111435,0.40978232,DO_NOT_MAIL
D110013,0.86891735,DO_NOT_MAIL
D104342,0.87342274,DO_NOT_MAIL
D108506,0.2177416,DO_NOT_MAIL
D142133,0.98056626,MAIL
D108373,0.0037107328,DO_NOT_MAIL
D135385,0.5243425,DO_NOT_MAIL
D105883,0.91175425,DO_NOT_MAIL
D127179,0.8572682,DO_NOT_MAIL
D125395,0.96596277,MAIL
D119086,0.20420283,DO_NOT_MAIL
D111917,0.69809425,DO_NOT_MAIL
D127824,0.9232493,DO_NOT_MAIL
D143316,0.627617,DO_NOT_MAIL
D143246,0.90592986,DO_NOT_MAIL
D144372,0.9514298,DO_NOT_MAIL
D122503,0.9775019,MAIL
D142865,0.0061407196,DO_NOT_MAIL
D142981,0.8719085,DO_NOT_MAIL
D106655,0.961997,MAIL
D128736,0.9675739,MAIL
D131900,0.1598724,DO_NOT_MAIL
D139686,0.11592705,DO_NOT_MAIL
D104802,0.5750983,DO_NOT_MAIL
D107146,0.02210798,DO_NOT_MAIL
D123593,0.56831396,DO_NOT_MAIL
D117547,0.96659976,MAIL
D130400,0.18736547,DO_NOT_MAIL
D127806,0.015223931,DO_NOT_MAIL
D107773,0.06466713,DO_NOT_MAIL
D113134,0.78538567,DO_NOT_MAIL
D121059,0.9672093,MAIL
D136373,0.2394468,DO_NOT_MAIL
D135973,0.9799463,MAIL
D107987,0.89608073,DO_NOT_MAIL
D136317,0.012802199,DO_NOT_MAIL
D125139,0.93806165,DO_NOT_MAIL
D112806,0.99192226,MAIL
D128285,0.26111245,DO_NOT_MAIL
D115326,0.97877216,MAIL
D107798,0.97441304,MAIL
D115255,0.016732916,DO_NOT_MAIL
D120776,0.9782883,MAIL
D119385,0.63461775,DO_NOT_MAIL
D139385,8.9006884e-05,DO_NOT_MAIL
D104115,0.36268032,DO_NOT_MAIL
D103875,0.3242175,DO_NOT_MAIL
D117041,0.8427521,DO_NOT_MAIL
D119758,0.007901653,DO_NOT_MAIL
D111953,0.9755788,MAIL
D111082,0.34749573,DO_NOT_MAIL
D110383,0.9665992,MAIL
D122105,0.016570356,DO_NOT_MAIL
D101261,0.97942126,MAIL
D134893,0.0016309929,DO_NOT_MAIL
D102024,0.95227355,MAIL
D106027,0.8447092,DO_NOT_MAIL
D112981,0.37985092,DO_NOT_MAIL
D106289,0.0010617337,DO_NOT_MAIL
D117565,0.97441304,MAIL
D119108,0.8276394,DO_NOT_MAIL
D100961,0.96551836,MAIL
D113319,0.007901653,DO_NOT_MAIL
D110823,0.0005639384,DO_NOT_MAIL
D107460,0.25449836,DO_NOT_MAIL
D103152,0.84686965,DO_NOT_MAIL
D111025,0.961997,MAIL
D105072,0.9302993,DO_NOT_MAIL
D140443,0.98241884,MAIL
D122443,0.9583937,MAIL
D116259,0.9401205,DO_NOT_MAIL
D107877,0.042184032,DO_NOT_MAIL
D136166,0.009838873,DO_NOT_MAIL
D107574,0.9929743,MAIL
D118265,0.8537907,DO_NOT_MAIL
D121685,0.9274354,DO_NOT_MAIL
D125135,0.90447336,DO_NOT_MAIL
D124135,0.83709186,DO_NOT_MAIL
D106936,0.009387928,DO_NOT_MAIL
D115882,0.77132523,DO_NOT_MAIL
D102951,0.9942363,MAIL
D135774,0.657778,DO_NOT_MAIL
D129206,0.7969786,DO_NOT_MAIL
D122176,0.5584837,DO_NOT_MAIL
D122922,0.99346536,MAIL
D132277,0.0020592737,DO_NOT_MAIL
D115932,0.9490709,DO_NOT_MAIL
D118257,0.98628366,MAIL
D143639,0.18255188,DO_NOT_MAIL
D111495,0.010626862,DO_NOT_MAIL
D114706,0.00022396214,DO_NOT_MAIL
D122188,0.9762113,MAIL
D143768,0.7287518,DO_NOT_MAIL
D102284,0.80330753,DO_NOT_MAIL
D129759,0.8291849,DO_NOT_MAIL
D120742,0.8093756,DO_NOT_MAIL
D110657,0.96157783,MAIL
D135432,0.34308317,DO_NOT_MAIL
D126258,0.0040427693,DO_NOT_MAIL
D126235,0.85991716,DO_NOT_MAIL
D133378,0.56445444,DO_NOT_MAIL
D136192,0.85204154,DO_NOT_MAIL
D127123,0.9658472,MAIL
D102266,0.56048465,DO_NOT_MAIL
D136347,0.027614595,DO_NOT_MAIL
D114232,0.99001616,MAIL
D116237,0.9257085,DO_NOT_MAIL
D100027,0.053716883,DO_NOT_MAIL
D109504,0.29116926,DO_NOT_MAIL
D107931,0.14503302,DO_NOT_MAIL
D138890,0.99421424,MAIL
D121848,0.08331463,DO_NOT_MAIL
D106403,0.25900018,DO_NOT_MAIL
D140841,0.05450023,DO_NOT_MAIL
D110716,0.15791436,DO_NOT_MAIL
D108397,0.9681835,MAIL
D100156,0.5476098,DO_NOT_MAIL
D119021,0.8602647,DO_NOT_MAIL
D120321,0.97942126,MAIL
D120295,0.92751646,DO_NOT_MAIL
D135620,0.123193786,DO_NOT_MAIL
D103592,0.975021,MAIL
D130896,0.0030207543,DO_NOT_MAIL
D108202,0.95227355,MAIL
D110654,0.5925024,DO_NOT_MAIL
D131226,0.0032781495,DO_NOT_MAIL
D107327,0.1329027,DO_NOT_MAIL
D132122,0.85991716,DO_NOT_MAIL
D137709,0.022101816,DO_NOT_MAIL
D132207,0.7969786,DO_NOT_MAIL
D128117,0.9469066,DO_NOT_MAIL
D112324,0.9642926,MAIL
D142712,0.3134852,DO_NOT_MAIL
D117034,0.9265517,DO_NOT_MAIL
D131359,0.16433616,DO_NOT_MAIL
D101413,0.63313884,DO_NOT_MAIL
D110171,0.6727493,DO_NOT_MAIL
D128857,0.9760435,MAIL
D120766,0.8472271,DO_NOT_MAIL
D128395,0.0013827487,DO_NOT_MAIL
D101120,0.6469854,DO_NOT_MAIL
D102831,0.23254956,DO_NOT_MAIL
D117856,0.43296874,DO_NOT_MAIL
D130662,0.8472271,DO_NOT_MAIL
D119882,0.8726598,DO_NOT_MAIL
D119498,0.028662398,DO_NOT_MAIL
D136791,0.024138827,DO_NOT_MAIL
D144144,0.25326636,DO_NOT_MAIL
D118611,0.9303611,DO_NOT_MAIL
D106396,0.025363054,DO_NOT_MAIL
D125091,0.36268032,DO_NOT_MAIL
D103092,0.9901883,MAIL
D144295,0.012993787,DO_NOT_MAIL
D102902,0.16757017,DO_NOT_MAIL
D114803,0.9490709,DO_NOT_MAIL
D119954,0.9452905,DO_NOT_MAIL
D132292,0.9358564,DO_NOT_MAIL
D132001,0.42478162,DO_NOT_MAIL
D143823,0.0027356122,DO_NOT_MAIL
D126359,0.85608035,DO_NOT_MAIL
D127918,0.6961646,DO_NOT_MAIL
D131974,0.5943451,DO_NOT_MAIL
D108385,0.98380095,MAIL
D135178,0.7287747,DO_NOT_MAIL
D105321,0.79437804,DO_NOT_MAIL
D127362,0.08483568,DO_NOT_MAIL
D143354,0.00048883026,DO_NOT_MAIL
D116120,0.8968021,DO_NOT_MAIL
D136325,0.84686965,DO_NOT_MAIL
D120884,0.86073977,DO_NOT_MAIL
D109541,0.996567,MAIL
D127448,0.96294856,MAIL
D117118,0.9654538,MAIL
D107213,0.012740707,DO_NOT_MAIL
D138245,0.8932323,DO_NOT_MAIL
D131034,0.00092880736,DO_NOT_MAIL
D134515,0.9854085,MAIL
D118235,0.83709186,DO_NOT_MAIL
D116793,0.017866025,DO_NOT_MAIL
D122861,0.9610854,MAIL
D114584,0.028341593,DO_NOT_MAIL
D132709,0.30485165,DO_NOT_MAIL
D136042,0.002673863,DO_NOT_MAIL
D120481,0.8881598,DO_NOT_MAIL
D136580,0.98499227,MAIL
D124943,0.9278522,DO_NOT_MAIL
D132373,0.0449634,DO_NOT_MAIL
D128987,0.03511824,DO_NOT_MAIL
D133489,0.84229296,DO_NOT_MAIL
D135694,0.0018260707,DO_NOT_MAIL
D126703,0.02186859,DO_NOT_MAIL
D136642,0.18234923,DO_NOT_MAIL
D140281,0.020669099,DO_NOT_MAIL
D127071,0.0060674353,DO_NOT_MAIL
D137677,0.04957879,DO_NOT_MAIL
D139257,0.0015693868,DO_NOT_MAIL
D140008,0.45251465,DO_NOT_MAIL
D131008,0.120217435,DO_NOT_MAIL
D102886,0.021127209,DO_NOT_MAIL
D123510,0.98773813,MAIL
D102199,0.044782247,DO_NOT_MAIL
D138190,0.026427248,DO_NOT_MAIL
D135922,0.16512176,DO_NOT_MAIL
D109976,0.9401205,DO_NOT_MAIL
D119660,0.45428044,DO_NOT_MAIL
D112196,0.831485,DO_NOT_MAIL
D104280,0.76517606,DO_NOT_MAIL
D124640,0.89545536,DO_NOT_MAIL
D122384,0.16757017,DO_NOT_MAIL
D115170,0.8892487,DO_NOT_MAIL
D143299,0.014706066,DO_NOT_MAIL
D101619,0.9720426,MAIL
D122639,0.9690147,MAIL
D116791,0.69664717,DO_NOT_MAIL
D125588,0.96521676,MAIL
D117772,0.9811509,MAIL
D124331,0.9924143,MAIL
D142370,0.117943704,DO_NOT_MAIL
D106351,0.9584709,MAIL
D144665,0.9745524,MAIL
D116122,0.1851527,DO_NOT_MAIL
D119100,0.9662585,MAIL
D109993,0.007830041,DO_NOT_MAIL
D133150,0.7445528,DO_NOT_MAIL
D101653,0.97171783,MAIL
D139832,0.1018989,DO_NOT_MAIL
D115862,0.6816522,DO_NOT_MAIL
D143392,0.054737683,DO_NOT_MAIL
D136485,0.9290283,DO_NOT_MAIL
D130174,0.8447092,DO_NOT_MAIL
D115208,0.12569737,DO_NOT_MAIL
D128327,0.26111245,DO_NOT_MAIL
D103339,0.0118187545,DO_NOT_MAIL
D138834,0.9857245,MAIL
D110913,0.36738923,DO_NOT_MAIL
D128904,0.26219386,DO_NOT_MAIL
D142155,0.01187288,DO_NOT_MAIL
D140174,0.43330693,DO_NOT_MAIL
D110799,0.47663742,DO_NOT_MAIL
D136648,0.9415254,DO_NOT_MAIL
D130554,0.99141425,MAIL
D104442,0.01071862,DO_NOT_MAIL
D127981,0.9782286,MAIL
D141899,0.28707787,DO_NOT_MAIL
D127664,0.77132523,DO_NOT_MAIL
D117825,0.07561168,DO_NOT_MAIL
D115038,0.82409686,DO_NOT_MAIL
D142197,0.09132823,DO_NOT_MAIL
D106007,0.097642824,DO_NOT_MAIL
D114297,0.9736867,MAIL
D138494,0.25907516,DO_NOT_MAIL
D109474,0.01902078,DO_NOT_MAIL
D116547,0.4794146,DO_NOT_MAIL
D106969,0.85872084,DO_NOT_MAIL
D116712,0.9667681,MAIL
D113166,0.9105622,DO_NOT_MAIL
D141871,0.0011373087,DO_NOT_MAIL
D136815,0.0023583162,DO_NOT_MAIL
D143045,0.9853762,MAIL
D132821,0.4066942,DO_NOT_MAIL
D142801,0.0510726,DO_NOT_MAIL
D108877,0.8846277,DO_NOT_MAIL
D107708,0.034940723,DO_NOT_MAIL
D109398,0.9811429,MAIL
D121715,0.9441003,DO_NOT_MAIL
D104552,0.94612527,DO_NOT_MAIL
D115976,0.62193674,DO_NOT_MAIL
D123585,0.97963756,MAIL
D128416,0.89230096,DO_NOT_MAIL
D134346,0.02028034,DO_NOT_MAIL
D126363,0.17942116,DO_NOT_MAIL
D138103,0.8332882,DO_NOT_MAIL
D130872,0.37099186,DO_NOT_MAIL
D105457,0.88263696,DO_NOT_MAIL
D123520,0.7287747,DO_NOT_MAIL
D133950,0.10382331,DO_NOT_MAIL
D102743,0.66958344,DO_NOT_MAIL
D110788,0.95294404,MAIL
D135147,0.9922355,MAIL
D109837,0.8892806,DO_NOT_MAIL
D144236,0.95543987,MAIL
D121814,0.98471385,MAIL
D116999,0.90302545,DO_NOT_MAIL
D121633,0.9720347,MAIL
D125873,0.2542185,DO_NOT_MAIL
D135691,0.03607498,DO_NOT_MAIL
D103306,0.010110177,DO_NOT_MAIL
D142288,0.36742932,DO_NOT_MAIL
D102381,0.020698166,DO_NOT_MAIL
D134144,0.01874733,DO_NOT_MAIL
D132807,0.98377293,MAIL
D133903,0.9452333,DO_NOT_MAIL
D141286,0.00080166716,DO_NOT_MAIL
D135962,0.24478187,DO_NOT_MAIL
D139951,0.218933,DO_NOT_MAIL
D118809,0.23297898,DO_NOT_MAIL
D134085,0.9023609,DO_NOT_MAIL
D131138,0.4594168,DO_NOT_MAIL
D108214,0.21132515,DO_NOT_MAIL
D135196,0.7646645,DO_NOT_MAIL
D105487,0.66958344,DO_NOT_MAIL
D101426,0.5557928,DO_NOT_MAIL
D121797,0.831485,DO_NOT_MAIL
D138366,0.04957879,DO_NOT_MAIL
D119000,0.7304995,DO_NOT_MAIL
D122753,0.9802091,MAIL
D125192,0.9037608,DO_NOT_MAIL
D131001,0.030642541,DO_NOT_MAIL
D141537,0.0004934507,DO_NOT_MAIL
D114670,0.97928065,MAIL
D109624,0.0037621902,DO_NOT_MAIL
D113712,0.9833103,MAIL
D136049,0.7969786,DO_NOT_MAIL
D125398,0.7254994,DO_NOT_MAIL
D100535,0.032068416,DO_NOT_MAIL
D112631,0.23661792,DO_NOT_MAIL
D130325,0.7287747,DO_NOT_MAIL
D126320,0.79437804,DO_NOT_MAIL
D144004,0.95781773,MAIL
D100921,0.83709186,DO_NOT_MAIL
D128460,0.0014918353,DO_NOT_MAIL
D130078,0.8054332,DO_NOT_MAIL
D131627,0.86922854,DO_NOT_MAIL
D133994,0.9675739,MAIL
D139911,0.05302227,DO_NOT_MAIL
D117498,0.970204,MAIL
D112011,0.92751646,DO_NOT_MAIL
D126085,0.4050116,DO_NOT_MAIL
D134825,0.053958878,DO_NOT_MAIL
D127955,0.961997,MAIL
D106963,0.9271437,DO_NOT_MAIL
D113451,0.82004774,DO_NOT_MAIL
D133656,0.9025419,DO_NOT_MAIL
D125881,0.50811106,DO_NOT_MAIL
D110298,0.8838868,DO_NOT_MAIL
D104232,0.4441534,DO_NOT_MAIL
D139713,0.30769685,DO_NOT_MAIL
D100155,0.91956353,DO_NOT_MAIL
D126002,0.9583937,MAIL
D140973,0.4906902,DO_NOT_MAIL
D119856,0.98021346,MAIL
D102496,0.14706217,DO_NOT_MAIL
D144112,0.0087249875,DO_NOT_MAIL
D124601,0.94418365,DO_NOT_MAIL
D111638,0.33541846,DO_NOT_MAIL
D138611,0.2712898,DO_NOT_MAIL
D102838,0.98192203,MAIL
D132547,0.80390793,DO_NOT_MAIL
D119874,0.9698342,MAIL
D129271,0.9720426,MAIL
D102705,0.93806165,DO_NOT_MAIL
D101559,0.9747233,MAIL
D104399,0.96137804,MAIL
D106577,0.52300394,DO_NOT_MAIL
D133402,0.92521757,DO_NOT_MAIL
D136961,0.675517,DO_NOT_MAIL
D134738,0.013876085,DO_NOT_MAIL
D115281,0.9434021,DO_NOT_MAIL
D100899,0.94990015,DO_NOT_MAIL
D115063,0.48640117,DO_NOT_MAIL
D108229,0.9736867,MAIL
D139104,0.0195696,DO_NOT_MAIL
D126308,0.9433685,DO_NOT_MAIL
D119135,0.32076392,DO_NOT_MAIL
D126604,0.82965887,DO_NOT_MAIL
D132256,0.88336307,DO_NOT_MAIL
D131574,0.04323154,DO_NOT_MAIL
D126300,0.32198167,DO_NOT_MAIL
D105772,0.9654538,MAIL
D123426,0.007838419,DO_NOT_MAIL
D135453,0.046108045,DO_NOT_MAIL
D138791,0.10604403,DO_NOT_MAIL
D124080,0.9412208,DO_NOT_MAIL
D111140,0.83709186,DO_NOT_MAIL
D121418,0.85608035,DO_NOT_MAIL
D127653,0.25449836,DO_NOT_MAIL
D102712,0.94288254,DO_NOT_MAIL
D131780,0.8611976,DO_NOT_MAIL
D106089,0.9441003,DO_NOT_MAIL
D141376,0.7843218,DO_NOT_MAIL
D112545,0.9358564,DO_NOT_MAIL
D111081,0.9792474,MAIL
D107448,0.84848046,DO_NOT_MAIL
D101392,0.47305262,DO_NOT_MAIL
D125706,0.7304995,DO_NOT_MAIL
D117232,0.8883942,DO_NOT_MAIL
D144435,0.82213485,DO_NOT_MAIL
D128280,0.003251595,DO_NOT_MAIL
D121970,0.20904711,DO_NOT_MAIL
D132224,0.11281348,DO_NOT_MAIL
D115969,0.015802965,DO_NOT_MAIL
D137800,0.0009778697,DO_NOT_MAIL
D108485,0.5943451,DO_NOT_MAIL
D125085,0.042207338,DO_NOT_MAIL
D108761,0.55617845,DO_NOT_MAIL
D115978,0.5872672,DO_NOT_MAIL
D130529,0.81759864,DO_NOT_MAIL
D128780,0.9760435,MAIL
D120465,0.06303062,DO_NOT_MAIL
D111298,0.00975523,DO_NOT_MAIL
D135879,0.47663742,DO_NOT_MAIL
D120343,0.7304995,DO_NOT_MAIL
D138158,0.005282396,DO_NOT_MAIL
D122110,0.5925024,DO_NOT_MAIL
D137424,0.13793221,DO_NOT_MAIL
D106170,0.84869266,DO_NOT_MAIL
D130501,0.8693399,DO_NOT_MAIL
D100654,0.70989704,DO_NOT_MAIL
D140913,0.1755339,DO_NOT_MAIL
D124494,0.8930408,DO_NOT_MAIL
D125744,0.6725385,DO_NOT_MAIL
D129329,0.89230096,DO_NOT_MAIL
D144557,0.72201484,DO_NOT_MAIL
D130975,0.04059531,DO_NOT_MAIL
D126917,0.98631525,MAIL
D106203,0.03226093,DO_NOT_MAIL
D132540,0.5925024,DO_NOT_MAIL
D114854,0.8961919,DO_NOT_MAIL
D131383,0.029216373,DO_NOT_MAIL
D129748,0.7740165,DO_NOT_MAIL
D138404,0.012898374,DO_NOT_MAIL
D105959,0.43296874,DO_NOT_MAIL
D140479,0.9791372,MAIL
D105971,0.9828721,MAIL
D116251,0.22687677,DO_NOT_MAIL
D103441,0.54785824,DO_NOT_MAIL
D108234,0.43585023,DO_NOT_MAIL
D105920,0.9714092,MAIL
D130779,0.9276103,DO_NOT_MAIL
D117810,0.96827155,MAIL
D103243,0.0014248854,DO_NOT_MAIL
D139723,0.07795351,DO_NOT_MAIL
D107365,0.7287747,DO_NOT_MAIL
D111300,0.85991716,DO_NOT_MAIL
D135069,0.9745087,MAIL
D127250,0.5456925,DO_NOT_MAIL
D136571,0.969633,MAIL
D120163,0.9720426,MAIL
D139112,0.1144235,DO_NOT_MAIL
D141417,0.2569271,DO_NOT_MAIL
D103208,0.79660517,DO_NOT_MAIL
D121854,0.99405515,MAIL
D115856,0.6816522,DO_NOT_MAIL
D107446,0.9271437,DO_NOT_MAIL
D101904,0.37881243,DO_NOT_MAIL
D128256,0.06655088,DO_NOT_MAIL
D122533,0.7677933,DO_NOT_MAIL
D133775,0.7819923,DO_NOT_MAIL
D142903,0.0038290753,DO_NOT_MAIL
D124524,0.9873095,MAIL
D110534,0.9462837,DO_NOT_MAIL
D129397,0.25080064,DO_NOT_MAIL
D138891,0.16332929,DO_NOT_MAIL
D104779,0.006455897,DO_NOT_MAIL
D112169,0.76365095,DO_NOT_MAIL
D118066,0.8555772,DO_NOT_MAIL
D133420,0.03656227,DO_NOT_MAIL
D117193,0.81131417,DO_NOT_MAIL
D105663,0.99283326,MAIL
D139374,0.93951154,DO_NOT_MAIL
D111131,0.7646645,DO_NOT_MAIL
D124791,0.81503797,DO_NOT_MAIL
D112366,0.9743326,MAIL
D111493,0.031681806,DO_NOT_MAIL
D123702,0.80390793,DO_NOT_MAIL
D103814,0.90179396,DO_NOT_MAIL
D132989,0.9278522,DO_NOT_MAIL
D121422,0.22687677,DO_NOT_MAIL
D103067,0.90379035,DO_NOT_MAIL
D141637,0.3537182,DO_NOT_MAIL
D103384,0.79660517,DO_NOT_MAIL
D139672,0.0034405158,DO_NOT_MAIL
D115323,0.9006484,DO_NOT_MAIL
D123643,0.0662242,DO_NOT_MAIL
D103918,0.850333,DO_NOT_MAIL
D109282,0.0010126281,DO_NOT_MAIL
D102183,0.06507114,DO_NOT_MAIL
D111832,0.9274354,DO_NOT_MAIL
D112892,0.62060946,DO_NOT_MAIL
D105798,0.4669549,DO_NOT_MAIL
D141877,0.0051321457,DO_NOT_MAIL
D107551,0.65935063,DO_NOT_MAIL
D132037,0.002158611,DO_NOT_MAIL
D110863,0.96212685,MAIL
D136491,0.695777,DO_NOT_MAIL
D111003,0.9554237,MAIL
D136626,0.016497914,DO_NOT_MAIL
D102246,0.97351915,MAIL
D103521,0.88336307,DO_NOT_MAIL
D135399,0.56445444,DO_NOT_MAIL
D122855,0.9945648,MAIL
D132109,0.8291849,DO_NOT_MAIL
D133182,0.87915915,DO_NOT_MAIL
D143991,0.006281774,DO_NOT_MAIL
D129481,0.8332882,DO_NOT_MAIL
D111373,0.93806165,DO_NOT_MAIL
D135868,0.91902435,DO_NOT_MAIL
D129990,0.8892487,DO_NOT_MAIL
D125604,0.87599576,DO_NOT_MAIL
D127932,0.32868117,DO_NOT_MAIL
D130710,0.8987183,DO_NOT_MAIL
D115105,0.47305262,DO_NOT_MAIL
D119512,0.9762113,MAIL
D137797,0.021185173,DO_NOT_MAIL
D107955,0.010794063,DO_NOT_MAIL
D109777,0.97969925,MAIL
D108160,0.0066368734,DO_NOT_MAIL
D116558,0.92517406,DO_NOT_MAIL
D142461,0.46137145,DO_NOT_MAIL
D129995,0.96827155,MAIL
D140580,0.005764265,DO_NOT_MAIL
D131260,0.0021633788,DO_NOT_MAIL
D111230,0.7304995,DO_NOT_MAIL
D122103,0.013076913,DO_NOT_MAIL
D142389,0.19472402,DO_NOT_MAIL
D140558,0.023924286,DO_NOT_MAIL
D118038,0.9711856,MAIL
D122400,0.0047602826,DO_NOT_MAIL
D132835,0.32535732,DO_NOT_MAIL
D113942,0.007925488,DO_NOT_MAIL
D138225,0.022703545,DO_NOT_MAIL
D130958,0.90379035,DO_NOT_MAIL
D108946,0.8178698,DO_NOT_MAIL
D129579,0.0019550622,DO_NOT_MAIL
D143538,0.0076368125,DO_NOT_MAIL
D130603,0.022415934,DO_NOT_MAIL
D137177,0.6942996,DO_NOT_MAIL
D128127,0.008096441,DO_NOT_MAIL
D132746,0.26350263,DO_NOT_MAIL
D141246,0.16908464,DO_NOT_MAIL
D117138,0.8809452,DO_NOT_MAIL
D112582,0.99101263,MAIL
D136060,0.9132189,DO_NOT_MAIL
D134293,0.06301412,DO_NOT_MAIL
D135699,0.83528817,DO_NOT_MAIL
D122579,0.9685309,MAIL
D123334,0.9554237,MAIL
D122242,0.9519325,DO_NOT_MAIL
D112905,0.13734213,DO_NOT_MAIL
D100749,0.83709186,DO_NOT_MAIL
D115425,0.029207818,DO_NOT_MAIL
D144099,0.26956534,DO_NOT_MAIL
D111381,0.7332227,DO_NOT_MAIL
D114003,0.9906378,MAIL
D142379,0.071367875,DO_NOT_MAIL
D136918,0.013423032,DO_NOT_MAIL
D124714,0.36268032,DO_NOT_MAIL
D101365,0.9637091,MAIL
D140899,0.23174834,DO_NOT_MAIL
D113768,0.6469854,DO_NOT_MAIL
D128218,0.12158961,DO_NOT_MAIL
D101141,0.93471134,DO_NOT_MAIL
D116169,0.9329747,DO_NOT_MAIL
D128161,0.45604536,DO_NOT_MAIL
D143438,0.017824914,DO_NOT_MAIL
D116576,0.54785824,DO_NOT_MAIL
D121129,0.9062348,DO_NOT_MAIL
D118156,0.9763776,MAIL
D118134,0.94418365,DO_NOT_MAIL
D108970,0.9337538,DO_NOT_MAIL
D123007,0.9895745,MAIL
D102877,0.9715028,MAIL
D119187,0.43252394,DO_NOT_MAIL
D119400,0.0042497534,DO_NOT_MAIL
D132688,0.00039517475,DO_NOT_MAIL
D112646,0.6431161,DO_NOT_MAIL
D124740,0.0066343183,DO_NOT_MAIL
D134181,0.07277522,DO_NOT_MAIL
D132615,0.007866604,DO_NOT_MAIL
D139836,0.047415707,DO_NOT_MAIL
D143374,0.9915876,MAIL
D120989,0.021754675,DO_NOT_MAIL
D103778,0.98471385,MAIL
D116300,0.91026044,DO_NOT_MAIL
D111971,0.02000019,DO_NOT_MAIL
D138694,0.6343474,DO_NOT_MAIL
D105535,0.824826,DO_NOT_MAIL
D121772,0.93474895,DO_NOT_MAIL
D124214,0.9738531,MAIL
D131773,0.011658767,DO_NOT_MAIL
D137478,0.9170652,DO_NOT_MAIL
D135927,0.9039037,DO_NOT_MAIL
D100664,0.9770189,MAIL
D136772,0.049335245,DO_NOT_MAIL
D103708,0.98471385,MAIL
D114619,0.6690531,DO_NOT_MAIL
D135676,0.0017075455,DO_NOT_MAIL
D141358,0.025123985,DO_NOT_MAIL
D118788,0.969633,MAIL
D106735,0.9701361,MAIL
D114099,0.012065642,DO_NOT_MAIL
D111605,0.99212754,MAIL
D108819,0.08391001,DO_NOT_MAIL
D120352,0.99292165,MAIL
D108113,0.016334135,DO_NOT_MAIL
D101760,0.97298795,MAIL
D113115,0.8986892,DO_NOT_MAIL
D109317,0.92679274,DO_NOT_MAIL
D122818,0.2394468,DO_NOT_MAIL
D139190,0.010001543,DO_NOT_MAIL
D105184,0.93471134,DO_NOT_MAIL
D134800,0.67970353,DO_NOT_MAIL
D101650,0.9667681,MAIL
D136582,0.259494,DO_NOT_MAIL
D134475,0.023562746,DO_NOT_MAIL
D127119,0.97942126,MAIL
D113586,0.88723224,DO_NOT_MAIL
D120323,0.8619678,DO_NOT_MAIL
D100452,0.96000904,MAIL
D115393,0.66697764,DO_NOT_MAIL
D123803,0.99181,MAIL
D138540,0.032716624,DO_NOT_MAIL
D114429,0.843054,DO_NOT_MAIL
D112329,0.97298795,MAIL
D133172,0.8536362,DO_NOT_MAIL
D112618,0.9415254,DO_NOT_MAIL
D107418,0.97699124,MAIL
D123142,0.06186559,DO_NOT_MAIL
D105467,0.9803861,MAIL
D110421,0.11800947,DO_NOT_MAIL
D104945,0.01324512,DO_NOT_MAIL
D122593,0.4507605,DO_NOT_MAIL
D139212,0.100146085,DO_NOT_MAIL
D113358,0.83505756,DO_NOT_MAIL
D114953,0.37099186,DO_NOT_MAIL
D120528,0.3127211,DO_NOT_MAIL
D109631,0.9463768,DO_NOT_MAIL
D100607,6.4003034e-05,DO_NOT_MAIL
D101829,0.7969786,DO_NOT_MAIL
D123525,0.93300116,DO_NOT_MAIL
D122769,0.9591863,MAIL
D141527,0.31294355,DO_NOT_MAIL
D116480,0.90564024,DO_NOT_MAIL
D127984,0.02428574,DO_NOT_MAIL
D129116,0.6431161,DO_NOT_MAIL
D100063,0.34360895,DO_NOT_MAIL
D113272,0.22687677,DO_NOT_MAIL
D102082,0.0064929435,DO_NOT_MAIL
D142298,0.04742551,DO_NOT_MAIL
D143296,0.075362064,DO_NOT_MAIL
D144283,0.27936107,DO_NOT_MAIL
D109982,0.40061572,DO_NOT_MAIL
D133761,0.99134326,MAIL
D110533,0.83081913,DO_NOT_MAIL
D136806,0.07657942,DO_NOT_MAIL
D126958,0.83729506,DO_NOT_MAIL
D119501,0.91175425,DO_NOT_MAIL
D108092,0.0042468286,DO_NOT_MAIL
D132089,0.03610244,DO_NOT_MAIL
D129679,0.73969823,DO_NOT_MAIL
D133110,0.0038669659,DO_NOT_MAIL
D105898,0.0036443486,DO_NOT_MAIL
D137052,0.008690043,DO_NOT_MAIL
D106583,0.9232493,DO_NOT_MAIL
D141095,0.33396184,DO_NOT_MAIL
D143579,0.00209623,DO_NOT_MAIL
D117604,0.8415551,DO_NOT_MAIL
D108603,0.22687677,DO_NOT_MAIL
D125667,0.9009107,DO_NOT_MAIL
D143342,0.99656564,MAIL
D104689,0.19401912,DO_NOT_MAIL
D128535,0.63288635,DO_NOT_MAIL
D117148,0.9685309,MAIL
D138425,0.0005848043,DO_NOT_MAIL
D140504,0.4663173,DO_NOT_MAIL
D144314,0.017778067,DO_NOT_MAIL
D135316,0.9809021,MAIL
D124474,0.076571725,DO_NOT_MAIL
D136993,0.041610923,DO_NOT_MAIL
D110708,0.56445444,DO_NOT_MAIL
D138319,0.022560798,DO_NOT_MAIL
D137896,0.005674219,DO_NOT_MAIL
D121005,0.9450459,DO_NOT_MAIL
D127774,0.07283971,DO_NOT_MAIL
D139235,0.10423926,DO_NOT_MAIL
D110365,0.34293318,DO_NOT_MAIL
D140657,0.6121323,DO_NOT_MAIL
D114614,0.9681835,MAIL
D113381,0.48686296,DO_NOT_MAIL
D144221,0.042045232,DO_NOT_MAIL
D106555,0.5092457,DO_NOT_MAIL
D120825,0.9025419,DO_NOT_MAIL
D114643,0.93806165,DO_NOT_MAIL
D103476,0.5243425,DO_NOT_MAIL
D132237,0.039261576,DO_NOT_MAIL
D134432,0.93909353,DO_NOT_MAIL
D110621,0.36268032,DO_NOT_MAIL
D113024,0.9656056,MAIL
D134134,0.94764185,DO_NOT_MAIL
D107639,0.83729506,DO_NOT_MAIL
D124958,0.84229296,DO_NOT_MAIL
D137590,0.18797614,DO_NOT_MAIL
D102728,0.8472271,DO_NOT_MAIL
D142345,0.0055627483,DO_NOT_MAIL
D126849,0.9259016,DO_NOT_MAIL
D122398,0.96245515,MAIL
D135813,0.941746,DO_NOT_MAIL
D106675,0.973897,MAIL
D129742,0.0071950415,DO_NOT_MAIL
D120502,0.8447092,DO_NOT_MAIL
D106108,0.969633,MAIL
D122139,0.8968021,DO_NOT_MAIL
D130739,0.007851531,DO_NOT_MAIL
D113611,7.670085e-05,DO_NOT_MAIL
D142134,0.22338343,DO_NOT_MAIL
D106400,0.37099186,DO_NOT_MAIL
D101419,0.6469854,DO_NOT_MAIL
D107896,0.9023609,DO_NOT_MAIL
D118251,0.07165694,DO_NOT_MAIL
D101927,0.8399911,DO_NOT_MAIL
D112775,0.9418153,DO_NOT_MAIL
D130716,0.0029057981,DO_NOT_MAIL
D109016,0.5139931,DO_NOT_MAIL
D111844,0.10106009,DO_NOT_MAIL
D102500,0.4735783,DO_NOT_MAIL
D143897,0.615741,DO_NOT_MAIL
D114660,0.86661476,DO_NOT_MAIL
D134106,0.9581196,MAIL
D132832,0.99187404,MAIL
D120771,0.90447336,DO_NOT_MAIL
D119215,0.961119,MAIL
D144360,0.98623824,MAIL
D101862,0.9462837,DO_NOT_MAIL
D116302,0.07003565,DO_NOT_MAIL
D133349,0.4333138,DO_NOT_MAIL
D120482,0.9274354,DO_NOT_MAIL
D132844,0.8161327,DO_NOT_MAIL
D128848,0.2394468,DO_NOT_MAIL
D119197,0.9701361,MAIL
D124885,0.16696076,DO_NOT_MAIL
D110963,0.9908025,MAIL
D141632,0.20310766,DO_NOT_MAIL
D132932,0.99234337,MAIL
D103162,0.17529832,DO_NOT_MAIL
D100892,0.8165528,DO_NOT_MAIL
D101800,0.59878206,DO_NOT_MAIL
D125425,0.9714092,MAIL
D140898,0.18038055,DO_NOT_MAIL
D129982,0.97908825,MAIL
D144165,0.99031687,MAIL
D138843,0.035052177,DO_NOT_MAIL
D144185,0.046668105,DO_NOT_MAIL
D108407,0.0053935926,DO_NOT_MAIL
D103076,0.84686965,DO_NOT_MAIL
D128520,0.8852851,DO_NOT_MAIL
D104670,0.9274354,DO_NOT_MAIL
D135518,0.012554771,DO_NOT_MAIL
D141325,0.119198695,DO_NOT_MAIL
D109894,0.909134,DO_NOT_MAIL
D118190,0.16705261,DO_NOT_MAIL
D107641,0.86922854,DO_NOT_MAIL
D110433,0.032927234,DO_NOT_MAIL
D133395,0.33419067,DO_NOT_MAIL
D119341,0.9949838,MAIL
D134886,0.83081913,DO_NOT_MAIL
D120772,0.7597075,DO_NOT_MAIL
D117209,0.88891864,DO_NOT_MAIL
D110405,0.8722838,DO_NOT_MAIL
D135052,0.079670675,DO_NOT_MAIL
D115115,0.8054332,DO_NOT_MAIL
D133539,0.121125564,DO_NOT_MAIL
D114992,0.9003407,DO_NOT_MAIL
D125821,0.8968021,DO_NOT_MAIL
D128153,0.941746,DO_NOT_MAIL
D126073,0.0422175,DO_NOT_MAIL
D101947,0.9976138,MAIL
D123972,0.8087358,DO_NOT_MAIL
D113730,0.9736867,MAIL
D122935,0.87722886,DO_NOT_MAIL
D117991,0.8881307,DO_NOT_MAIL
D104387,0.025633832,DO_NOT_MAIL
D115370,0.84869266,DO_NOT_MAIL
D144608,0.34884006,DO_NOT_MAIL
D100932,0.25449836,DO_NOT_MAIL
D125120,0.7646645,DO_NOT_MAIL
D126465,0.8987183,DO_NOT_MAIL
D114211,0.88453716,DO_NOT_MAIL
D110468,0.96632427,MAIL
D130992,0.870335,DO_NOT_MAIL
D106341,0.9777964,MAIL
D117684,0.96659976,MAIL
D136357,0.36268032,DO_NOT_MAIL
D105554,0.009553537,DO_NOT_MAIL
D111486,0.8023649,DO_NOT_MAIL
D126954,0.8710625,DO_NOT_MAIL
D125981,0.9009107,DO_NOT_MAIL
D125152,0.06004601,DO_NOT_MAIL
D108057,0.78538567,DO_NOT_MAIL
D127206,0.81131417,DO_NOT_MAIL
D143774,0.009909183,DO_NOT_MAIL
D109696,0.9657949,MAIL
D128230,0.10737853,DO_NOT_MAIL
D132494,0.5410151,DO_NOT_MAIL
D119233,0.98778266,MAIL
D107587,0.85608035,DO_NOT_MAIL
D108985,0.86891735,DO_NOT_MAIL
D124107,0.961119,MAIL
D106219,0.0018182375,DO_NOT_MAIL
D123145,0.27146354,DO_NOT_MAIL
D132994,0.6545905,DO_NOT_MAIL
D138672,0.124398574,DO_NOT_MAIL
D134726,0.96780664,MAIL
D116476,0.00895901,DO_NOT_MAIL
D129353,0.7037504,DO_NOT_MAIL
D100293,0.048914526,DO_NOT_MAIL
D126559,0.23432696,DO_NOT_MAIL
D130258,0.024433414,DO_NOT_MAIL
D127940,0.9799222,MAIL
D108707,0.5410151,DO_NOT_MAIL
D106654,0.37881243,DO_NOT_MAIL
D126126,0.86891735,DO_NOT_MAIL
D108476,0.81131417,DO_NOT_MAIL
D140043,0.9649053,MAIL
D107210,0.9009107,DO_NOT_MAIL
D120760,0.9900693,MAIL
D113022,0.7633664,DO_NOT_MAIL
D114170,0.9881572,MAIL
D104303,0.049796917,DO_NOT_MAIL
D132628,0.9658472,MAIL
D127395,0.5139931,DO_NOT_MAIL
D133844,0.96521676,MAIL
D121979,0.8764,DO_NOT_MAIL
D112508,0.81240374,DO_NOT_MAIL
D121076,0.9278522,DO_NOT_MAIL
D102446,0.0027070413,DO_NOT_MAIL
D130556,0.90379035,DO_NOT_MAIL
D107855,0.03878174,DO_NOT_MAIL
D101189,0.71599865,DO_NOT_MAIL
D118380,0.9401205,DO_NOT_MAIL
D115653,0.9290283,DO_NOT_MAIL
D135160,0.081793174,DO_NOT_MAIL
D118537,0.9217734,DO_NOT_MAIL
D132143,0.98021346,MAIL
D127346,0.1133889,DO_NOT_MAIL
D134082,0.96596277,MAIL
D106278,0.7287747,DO_NOT_MAIL
D125815,0.98621076,MAIL
D132632,0.8572682,DO_NOT_MAIL
D139413,0.72004354,DO_NOT_MAIL
D103253,0.94260883,DO_NOT_MAIL
D122925,0.74183184,DO_NOT_MAIL
D143730,0.010215595,DO_NOT_MAIL
D134443,0.9658242,MAIL
D103491,0.93183327,DO_NOT_MAIL
D105162,0.9807499,MAIL
D111802,0.9418153,DO_NOT_MAIL
D104614,0.5399626,DO_NOT_MAIL
D133699,0.09089684,DO_NOT_MAIL
D116807,0.982675,MAIL
D129802,0.95690113,MAIL
D118542,0.9278522,DO_NOT_MAIL
D102739,0.029769953,DO_NOT_MAIL
D105958,0.9302993,DO_NOT_MAIL
D134766,0.9800851,MAIL
D113521,0.00247747,DO_NOT_MAIL
D102277,0.01708423,DO_NOT_MAIL
D110766,0.19625589,DO_NOT_MAIL
D113827,0.2557202,DO_NOT_MAIL
D128679,0.9894521,MAIL
D130209,0.99212754,MAIL
D136244,0.14491715,DO_NOT_MAIL
D105954,0.8332882,DO_NOT_MAIL
D115401,0.9799222,MAIL
D128422,0.062155943,DO_NOT_MAIL
D123834,0.83081913,DO_NOT_MAIL
D120141,0.7597075,DO_NOT_MAIL
D110599,0.4006576,DO_NOT_MAIL
D114148,0.96996504,MAIL
D129078,0.06842361,DO_NOT_MAIL
D111231,0.4850973,DO_NOT_MAIL
D108428,0.81474036,DO_NOT_MAIL
D108747,0.9658242,MAIL
D134063,0.048349727,DO_NOT_MAIL
D138704,0.87822604,DO_NOT_MAIL
D105854,0.7599763,DO_NOT_MAIL
D109965,0.9583937,MAIL
D136982,0.083503395,DO_NOT_MAIL
D137766,0.009339918,DO_NOT_MAIL
D111861,0.9508744,DO_NOT_MAIL
D141310,0.9661247,MAIL
D111629,0.6815531,DO_NOT_MAIL
D104835,0.9358389,DO_NOT_MAIL
D106358,0.9788103,MAIL
D121535,0.43296874,DO_NOT_MAIL
D103642,0.9039037,DO_NOT_MAIL
D127259,0.017956462,DO_NOT_MAIL
D113430,0.6545905,DO_NOT_MAIL
D128121,0.955618,MAIL
D133452,0.92532676,DO_NOT_MAIL
D112794,0.954501,MAIL
D106752,0.78481853,DO_NOT_MAIL
D101044,0.99171,MAIL
D138973,0.7538618,DO_NOT_MAIL
D120735,0.881872,DO_NOT_MAIL
D131073,0.93909353,DO_NOT_MAIL
D111433,0.0361688,DO_NOT_MAIL
D117851,0.8585085,DO_NOT_MAIL
D119538,0.96121466,MAIL
D144315,0.008772829,DO_NOT_MAIL
D132313,0.70989704,DO_NOT_MAIL
D112780,0.92517406,DO_NOT_MAIL
D130865,0.08097751,DO_NOT_MAIL
D132380,0.8415551,DO_NOT_MAIL
D107600,0.9658242,MAIL
D109702,0.9640741,MAIL
D115056,0.41177005,DO_NOT_MAIL
D104720,0.15715638,DO_NOT_MAIL
D115633,0.99230194,MAIL
D114022,0.98464113,MAIL
D123615,0.9581196,MAIL
D110096,0.25449836,DO_NOT_MAIL
D135083,0.96413136,MAIL
D132422,0.9271437,DO_NOT_MAIL
D100787,0.99302906,MAIL
D122797,0.008607589,DO_NOT_MAIL
D131809,0.47663742,DO_NOT_MAIL
D106368,0.9623464,MAIL
D117091,0.11830872,DO_NOT_MAIL
D109056,0.5139931,DO_NOT_MAIL
D124181,0.0026437505,DO_NOT_MAIL
D129922,0.93806165,DO_NOT_MAIL
D136398,0.008107853,DO_NOT_MAIL
D110786,0.5925024,DO_NOT_MAIL
D121176,0.99171,MAIL
D110389,0.9838995,MAIL
D103370,0.62193674,DO_NOT_MAIL
D103176,0.47663742,DO_NOT_MAIL
D120523,0.81474036,DO_NOT_MAIL
D137440,0.5410151,DO_NOT_MAIL
D120632,0.9906378,MAIL
D103749,0.8869641,DO_NOT_MAIL
D108849,0.14200449,DO_NOT_MAIL
D108320,0.8576082,DO_NOT_MAIL
D134264,0.9062348,DO_NOT_MAIL
D128456,0.06501718,DO_NOT_MAIL
D143048,0.12241335,DO_NOT_MAIL
D108633,0.9463768,DO_NOT_MAIL
D110398,0.8881598,DO_NOT_MAIL
D113211,0.96828955,MAIL
D130479,0.93909353,DO_NOT_MAIL
D137135,0.84869266,DO_NOT_MAIL
D103225,0.90179396,DO_NOT_MAIL
D122160,0.56299716,DO_NOT_MAIL
D107803,0.8732268,DO_NOT_MAIL
D119146,0.96176934,MAIL
D118022,0.1914983,DO_NOT_MAIL
D122644,0.70336944,DO_NOT_MAIL
D124783,0.40061572,DO_NOT_MAIL
D103477,0.00028276021,DO_NOT_MAIL
D100190,0.12081976,DO_NOT_MAIL
D101149,0.7287747,DO_NOT_MAIL
D102233,0.08229796,DO_NOT_MAIL
D132732,0.986133,MAIL
D137750,0.006017712,DO_NOT_MAIL
D119637,0.96828955,MAIL
D138030,0.043077156,DO_NOT_MAIL
D117319,0.5399626,DO_NOT_MAIL
D125048,0.977009,MAIL
D103952,0.81654066,DO_NOT_MAIL
D138195,0.0010694468,DO_NOT_MAIL
D123031,0.98332673,MAIL
D134461,0.67075264,DO_NOT_MAIL
D132457,0.9658472,MAIL
D103622,0.8693399,DO_NOT_MAIL
D126846,0.9654538,MAIL
D130550,0.9039037,DO_NOT_MAIL
D104422,0.0040205643,DO_NOT_MAIL
D113122,0.97521484,MAIL
D107659,0.98631525,MAIL
D142982,0.7579821,DO_NOT_MAIL
D139499,0.14184412,DO_NOT_MAIL
D143615,0.03350422,DO_NOT_MAIL
D116307,0.9640741,MAIL
D136877,0.31587273,DO_NOT_MAIL
D105956,0.93471134,DO_NOT_MAIL
D141450,0.42451566,DO_NOT_MAIL
D107400,0.0003251499,DO_NOT_MAIL
D109745,0.8576082,DO_NOT_MAIL
D130405,0.31952313,DO_NOT_MAIL
D134935,0.043115117,DO_NOT_MAIL
D107464,0.13449833,DO_NOT_MAIL
D136974,0.36409292,DO_NOT_MAIL
D136236,0.025898306,DO_NOT_MAIL
D139337,0.9814943,MAIL
D113253,0.15178378,DO_NOT_MAIL
D109180,0.745132,DO_NOT_MAIL
D129406,0.9748004,MAIL
D110358,0.824826,DO_NOT_MAIL
D114173,0.9891366,MAIL
D105662,0.98307866,MAIL
D122459,0.8808743,DO_NOT_MAIL
D102347,0.06823271,DO_NOT_MAIL
D136663,0.96707946,MAIL
D106927,0.114620954,DO_NOT_MAIL
D121130,0.86891735,DO_NOT_MAIL
D116755,0.007154062,DO_NOT_MAIL
D133628,0.02629265,DO_NOT_MAIL
D128205,0.93025255,DO_NOT_MAIL
D138129,0.057298582,DO_NOT_MAIL
D101175,0.053653836,DO_NOT_MAIL
D106856,0.9658472,MAIL
D130443,0.44484824,DO_NOT_MAIL
D119408,0.958693,MAIL
D102264,0.92435217,DO_NOT_MAIL
D135209,0.98014534,MAIL
D103130,0.95638907,MAIL
D114220,0.94612527,DO_NOT_MAIL
D102156,0.80955744,DO_NOT_MAIL
D133975,0.42088345,DO_NOT_MAIL
D140767,0.2349876,DO_NOT_MAIL
D129571,0.9905811,MAIL
D140596,0.010272402,DO_NOT_MAIL
D122217,0.9434021,DO_NOT_MAIL
D132696,0.037648764,DO_NOT_MAIL
D104992,0.6545329,DO_NOT_MAIL
D102788,0.85481644,DO_NOT_MAIL
D144439,0.9947036,MAIL
D135525,0.90564024,DO_NOT_MAIL
D134069,0.00035169482,DO_NOT_MAIL
D131527,0.97699124,MAIL
D102056,0.97767377,MAIL
D112431,0.0059200083,DO_NOT_MAIL
D144309,0.00769319,DO_NOT_MAIL
D112885,0.79437804,DO_NOT_MAIL
D132930,0.8276394,DO_NOT_MAIL
D141642,0.12298526,DO_NOT_MAIL
D129787,0.8881307,DO_NOT_MAIL
D127538,0.09957405,DO_NOT_MAIL
D109478,0.022143506,DO_NOT_MAIL
D110637,0.9006484,DO_NOT_MAIL
D123759,0.94245774,DO_NOT_MAIL
D138868,0.016971089,DO_NOT_MAIL
D104848,0.9731653,MAIL
D119344,0.9669261,MAIL
D135476,0.8809452,DO_NOT_MAIL
D131319,0.034099806,DO_NOT_MAIL
D131563,0.99212754,MAIL
D106098,0.3127211,DO_NOT_MAIL
D109553,0.38839027,DO_NOT_MAIL
D120266,0.5049413,DO_NOT_MAIL
D111245,0.9009107,DO_NOT_MAIL
D103834,0.02888036,DO_NOT_MAIL
D106908,0.89545536,DO_NOT_MAIL
D117795,0.9658242,MAIL
D140138,0.9972435,MAIL
D124615,0.4326834,DO_NOT_MAIL
D142991,0.0018410006,DO_NOT_MAIL
D122759,0.9859477,MAIL
D107746,0.37985092,DO_NOT_MAIL
D130217,0.37099186,DO_NOT_MAIL
D139336,0.018387303,DO_NOT_MAIL
D137583,0.94260883,DO_NOT_MAIL
D112622,0.93471134,DO_NOT_MAIL
D124299,0.024876047,DO_NOT_MAIL
D123095,0.6469854,DO_NOT_MAIL
D122996,0.93909353,DO_NOT_MAIL
D130003,0.9132189,DO_NOT_MAIL
D127003,0.6952741,DO_NOT_MAIL
D118525,0.5617754,DO_NOT_MAIL
D110885,0.88891864,DO_NOT_MAIL
D139501,0.022900304,DO_NOT_MAIL
D103186,0.6519596,DO_NOT_MAIL
D119901,0.47305262,DO_NOT_MAIL
D102763,0.66958344,DO_NOT_MAIL
D105845,0.005278329,DO_NOT_MAIL
D116202,0.83967143,DO_NOT_MAIL
D103748,0.92095155,DO_NOT_MAIL
D130659,0.000113108974,DO_NOT_MAIL
D133738,0.29248932,DO_NOT_MAIL
D101225,0.96176934,MAIL
D114458,0.9470951,DO_NOT_MAIL
D121601,0.96921176,MAIL
D106951,0.029051052,DO_NOT_MAIL
D141156,0.99291295,MAIL
D101371,0.9781587,MAIL
D133487,0.609096,DO_NOT_MAIL
D132482,0.8706012,DO_NOT_MAIL
D118849,0.009995987,DO_NOT_MAIL
D144503,0.10126049,DO_NOT_MAIL
D130228,0.44369474,DO_NOT_MAIL
D100348,0.8981577,DO_NOT_MAIL
D107718,0.9843615,MAIL
D106329,0.90447336,DO_NOT_MAIL
D131130,0.77132523,DO_NOT_MAIL
D138853,0.9950794,MAIL
D106364,0.9548616,MAIL
D143103,0.018502815,DO_NOT_MAIL
D118486,0.6547513,DO_NOT_MAIL
D107257,0.90564024,DO_NOT_MAIL
D143382,0.01708021,DO_NOT_MAIL
D141447,0.006853777,DO_NOT_MAIL
D117175,0.95294404,MAIL
D124199,0.81846744,DO_NOT_MAIL
D128623,0.9225519,DO_NOT_MAIL
D125028,0.9779025,MAIL
D107840,0.9806153,MAIL
D132781,0.47669256,DO_NOT_MAIL
D107964,0.9796536,MAIL
D132866,0.07828523,DO_NOT_MAIL
D101695,0.88723224,DO_NOT_MAIL
D140200,0.10172784,DO_NOT_MAIL
D122617,0.8968021,DO_NOT_MAIL
D129981,0.63461775,DO_NOT_MAIL
D143070,0.00019947867,DO_NOT_MAIL
D112765,0.83081913,DO_NOT_MAIL
D128514,0.9452456,DO_NOT_MAIL
D107348,0.9025419,DO_NOT_MAIL
D107494,0.9009107,DO_NOT_MAIL
D118140,0.28003022,DO_NOT_MAIL
D119722,0.8165528,DO_NOT_MAIL
D138691,0.94287694,DO_NOT_MAIL
D120214,0.9006484,DO_NOT_MAIL
D120898,0.9775019,MAIL
D130378,0.92521757,DO_NOT_MAIL
D138174,0.0025819563,DO_NOT_MAIL
D109396,0.94288254,DO_NOT_MAIL
D117079,0.2519172,DO_NOT_MAIL
D122353,0.9913448,MAIL
D110705,0.9720426,MAIL
D109261,0.7332227,DO_NOT_MAIL
D114233,0.27792022,DO_NOT_MAIL
D104192,0.9389156,DO_NOT_MAIL
D120241,0.96294856,MAIL
D121315,0.63461775,DO_NOT_MAIL
D132635,0.9185091,DO_NOT_MAIL
D135766,0.9775019,MAIL
D123252,0.33490536,DO_NOT_MAIL
D110988,0.9105622,DO_NOT_MAIL
D108019,0.9349788,DO_NOT_MAIL
D112304,0.9943077,MAIL
D104389,0.025131,DO_NOT_MAIL
D109083,0.8981577,DO_NOT_MAIL
D141937,0.0021212546,DO_NOT_MAIL
D118981,0.97298795,MAIL
D127910,0.89015585,DO_NOT_MAIL
D109070,0.018020563,DO_NOT_MAIL
D126371,0.9896332,MAIL
D140261,0.111180454,DO_NOT_MAIL
D108094,0.8846277,DO_NOT_MAIL
D132889,0.750602,DO_NOT_MAIL
D117651,0.9672093,MAIL
D142675,0.085903294,DO_NOT_MAIL
D113682,0.9690147,MAIL
D141671,0.004696328,DO_NOT_MAIL
D143430,0.9644493,MAIL
D127294,0.79437804,DO_NOT_MAIL
D133883,0.3832815,DO_NOT_MAIL
D111871,0.9718807,MAIL
D103303,0.94473964,DO_NOT_MAIL
D135886,0.96828955,MAIL
D102762,0.99169123,MAIL
D107792,0.831485,DO_NOT_MAIL
D117292,0.62060946,DO_NOT_MAIL
D136661,0.70749307,DO_NOT_MAIL
D136632,0.85481644,DO_NOT_MAIL
D123777,0.3817256,DO_NOT_MAIL
D113887,0.06690991,DO_NOT_MAIL
D105582,0.9290283,DO_NOT_MAIL
D137651,0.006579993,DO_NOT_MAIL
D105534,0.8087358,DO_NOT_MAIL
D124345,0.3096065,DO_NOT_MAIL
D132485,0.9535937,MAIL
D141066,0.8474771,DO_NOT_MAIL
D100979,0.10455596,DO_NOT_MAIL
D142378,0.22140712,DO_NOT_MAIL
D122416,0.77132523,DO_NOT_MAIL
D104128,0.8676816,DO_NOT_MAIL
D141205,0.20015855,DO_NOT_MAIL
D104396,0.1106298,DO_NOT_MAIL
D134192,0.1702362,DO_NOT_MAIL
D107337,0.93806165,DO_NOT_MAIL
D127094,0.97693527,MAIL
D129017,0.017663509,DO_NOT_MAIL
D126291,0.0013083391,DO_NOT_MAIL
D109804,0.6690531,DO_NOT_MAIL
D126991,0.5139931,DO_NOT_MAIL
D137523,0.82409686,DO_NOT_MAIL
D100989,0.9675739,MAIL
D117336,0.881872,DO_NOT_MAIL
D113680,0.9928227,MAIL
D121917,0.7287747,DO_NOT_MAIL
D116435,0.8722838,DO_NOT_MAIL
D104446,0.9583937,MAIL
D131286,0.65935063,DO_NOT_MAIL
D133913,0.8545162,DO_NOT_MAIL
D126370,0.8546097,DO_NOT_MAIL
D103838,0.14505135,DO_NOT_MAIL
D138525,0.15895513,DO_NOT_MAIL
D141080,0.98497295,MAIL
D128714,0.1961794,DO_NOT_MAIL
D102206,0.9624114,MAIL
D127746,0.971221,MAIL
D131029,0.06377363,DO_NOT_MAIL
D125099,0.9305908,DO_NOT_MAIL
D135044,0.9105622,DO_NOT_MAIL
D139745,0.9641175,MAIL
D108304,0.6687022,DO_NOT_MAIL
D107616,0.023435129,DO_NOT_MAIL
D120361,0.9629351,MAIL
D123913,0.00013509888,DO_NOT_MAIL
D122884,0.83709186,DO_NOT_MAIL
D132541,0.7819923,DO_NOT_MAIL
D123112,0.43296874,DO_NOT_MAIL
D129554,0.027022285,DO_NOT_MAIL
D135672,0.30717692,DO_NOT_MAIL
D121223,0.9658242,MAIL
D132449,0.0021809132,DO_NOT_MAIL
D143764,0.010538803,DO_NOT_MAIL
D113145,0.9023609,DO_NOT_MAIL
D124763,0.011189226,DO_NOT_MAIL
D124801,0.99051017,MAIL
D124976,0.9675739,MAIL
D138206,0.97337025,MAIL
D144628,0.8211532,DO_NOT_MAIL
D100064,0.0088891415,DO_NOT_MAIL
D111115,0.4589601,DO_NOT_MAIL
D117059,0.9782883,MAIL
D130187,0.7037504,DO_NOT_MAIL
D104445,0.068294875,DO_NOT_MAIL
D129237,0.036096673,DO_NOT_MAIL
D118844,0.91849846,DO_NOT_MAIL
D111093,0.99440235,MAIL
D143597,0.02629996,DO_NOT_MAIL
D107296,0.96223414,MAIL
D101699,0.9548616,MAIL
D110577,0.8968021,DO_NOT_MAIL
D101761,0.91666985,DO_NOT_MAIL
D107405,0.70154554,DO_NOT_MAIL
D143092,0.8447092,DO_NOT_MAIL
D111235,0.34780744,DO_NOT_MAIL
D122651,0.9711856,MAIL
D140790,0.06287014,DO_NOT_MAIL
D114051,0.0010294062,DO_NOT_MAIL
D139643,0.00592459,DO_NOT_MAIL
D103344,0.70336944,DO_NOT_MAIL
D101887,0.16013,DO_NOT_MAIL
D138872,0.001563709,DO_NOT_MAIL
D124855,0.38889492,DO_NOT_MAIL
D104704,0.87192446,DO_NOT_MAIL
D107780,0.4352122,DO_NOT_MAIL
D126964,0.77132523,DO_NOT_MAIL
D109403,0.41010794,DO_NOT_MAIL
D125173,0.0021136275,DO_NOT_MAIL
D101728,0.96626717,MAIL
D132218,0.93471134,DO_NOT_MAIL
D131299,0.46339044,DO_NOT_MAIL
D137594,0.16435938,DO_NOT_MAIL
D100486,0.98816675,MAIL
D129425,0.86922854,DO_NOT_MAIL
D115256,0.9257085,DO_NOT_MAIL
D114511,0.3238702,DO_NOT_MAIL
D121050,0.83081913,DO_NOT_MAIL
D107112,0.9747672,MAIL
D119307,0.0050534946,DO_NOT_MAIL
D123947,0.8054332,DO_NOT_MAIL
D104347,0.9462837,DO_NOT_MAIL
D116980,0.98118603,MAIL
D141130,0.07298214,DO_NOT_MAIL
D143445,0.25715324,DO_NOT_MAIL
D102895,0.87722886,DO_NOT_MAIL
D133922,0.046593104,DO_NOT_MAIL
D107824,0.8981577,DO_NOT_MAIL
D128032,0.13477664,DO_NOT_MAIL
D135078,0.22687677,DO_NOT_MAIL
D122602,0.62193674,DO_NOT_MAIL
D116951,0.0017672813,DO_NOT_MAIL
D109666,0.99171,MAIL
D138092,0.008660726,DO_NOT_MAIL
D135634,0.93386847,DO_NOT_MAIL
D142543,0.026341595,DO_NOT_MAIL
D106376,0.002236066,DO_NOT_MAIL
D131922,0.031096306,DO_NOT_MAIL
D125492,0.93161374,DO_NOT_MAIL
D115416,0.9711374,MAIL
D106141,0.039313983,DO_NOT_MAIL
D141053,0.05921296,DO_NOT_MAIL
D127322,0.9894521,MAIL
D122958,0.19069403,DO_NOT_MAIL
D115094,0.99181,MAIL
D139877,0.2561688,DO_NOT_MAIL
D124043,0.96294856,MAIL
D138040,0.0027029405,DO_NOT_MAIL
D108402,0.9926387,MAIL
D109155,0.3060162,DO_NOT_MAIL
D110761,0.36268032,DO_NOT_MAIL
D134465,0.029783895,DO_NOT_MAIL
D108956,0.16915512,DO_NOT_MAIL
D141262,0.17209573,DO_NOT_MAIL
D101709,0.56445444,DO_NOT_MAIL
D101595,0.5753784,DO_NOT_MAIL
D142076,0.90533656,DO_NOT_MAIL
D123051,0.0049113054,DO_NOT_MAIL
D105553,0.9039037,DO_NOT_MAIL
D119079,0.9549817,MAIL
D138777,0.06365388,DO_NOT_MAIL
D102257,0.12400701,DO_NOT_MAIL
D131616,2.4431201e-05,DO_NOT_MAIL
D131818,0.30533975,DO_NOT_MAIL
D136912,0.022501873,DO_NOT_MAIL
D138926,0.06454324,DO_NOT_MAIL
D101088,0.96558905,MAIL
D127299,0.055220935,DO_NOT_MAIL
D103196,0.96617204,MAIL
D107514,0.9914744,MAIL
D101594,0.9434021,DO_NOT_MAIL
D110370,0.082888484,DO_NOT_MAIL
D137199,0.9583937,MAIL
D140546,0.064416274,DO_NOT_MAIL
D103776,0.982675,MAIL
D127508,0.8167604,DO_NOT_MAIL
D109204,0.03607498,DO_NOT_MAIL
D127444,0.01982249,DO_NOT_MAIL
D116687,0.32481673,DO_NOT_MAIL
D136944,0.025281148,DO_NOT_MAIL
D108133,0.6788467,DO_NOT_MAIL
D120751,0.9906378,MAIL
D104274,0.62193674,DO_NOT_MAIL
D142958,0.07549753,DO_NOT_MAIL
D104547,0.82066286,DO_NOT_MAIL
D107461,0.97166663,MAIL
D140315,0.038091294,DO_NOT_MAIL
D117036,0.73969823,DO_NOT_MAIL
D110584,0.36059743,DO_NOT_MAIL
D113607,0.5195254,DO_NOT_MAIL
D100973,0.973722,MAIL
D143735,0.09777751,DO_NOT_MAIL
D134843,0.89828795,DO_NOT_MAIL
D135512,0.02317541,DO_NOT_MAIL
D106090,0.72434723,DO_NOT_MAIL
D132633,0.97337025,MAIL
D107510,0.6106876,DO_NOT_MAIL
D103813,0.99481213,MAIL
D121184,0.9947036,MAIL
D143315,0.040785294,DO_NOT_MAIL
D117793,0.91089255,DO_NOT_MAIL
D100241,0.008096441,DO_NOT_MAIL
D111659,0.05276675,DO_NOT_MAIL
D139358,0.018387303,DO_NOT_MAIL
D109905,0.8595816,DO_NOT_MAIL
D138883,0.18892223,DO_NOT_MAIL
D113694,0.7177682,DO_NOT_MAIL
D110436,0.22579005,DO_NOT_MAIL
D107416,0.8961919,DO_NOT_MAIL
D138068,0.035223067,DO_NOT_MAIL
D124174,0.00931058,DO_NOT_MAIL
D143291,0.1757739,DO_NOT_MAIL
D141039,0.0004539497,DO_NOT_MAIL
D141984,0.5242783,DO_NOT_MAIL
D143439,0.0033928906,DO_NOT_MAIL
D100939,0.28115314,DO_NOT_MAIL
D108218,0.9140733,DO_NOT_MAIL
D107193,0.9473946,DO_NOT_MAIL
D143521,0.77446795,DO_NOT_MAIL
D108237,0.9685309,MAIL
D126386,0.9642926,MAIL
D112198,0.97521484,MAIL
D121094,0.81654066,DO_NOT_MAIL
D104203,0.8832719,DO_NOT_MAIL
D103668,0.63461775,DO_NOT_MAIL
D138934,0.98241884,MAIL
D142537,0.00420134,DO_NOT_MAIL
D131883,0.07645282,DO_NOT_MAIL
D108965,0.5024684,DO_NOT_MAIL
D141369,0.020437444,DO_NOT_MAIL
D114651,0.9807391,MAIL
D112118,0.6469854,DO_NOT_MAIL
D141496,0.016494578,DO_NOT_MAIL
D106254,0.9642926,MAIL
D128283,0.9747233,MAIL
D125778,0.6423473,DO_NOT_MAIL
D106987,0.04224429,DO_NOT_MAIL
D136778,0.96827155,MAIL
D135598,0.5580276,DO_NOT_MAIL
D109925,0.8898116,DO_NOT_MAIL
D104947,0.0033149752,DO_NOT_MAIL
D142032,0.008571685,DO_NOT_MAIL
D100994,0.85991716,DO_NOT_MAIL
D129754,0.98286635,MAIL
D102505,0.00060869695,DO_NOT_MAIL
D129909,0.83709186,DO_NOT_MAIL
D135012,0.0046980446,DO_NOT_MAIL
D133063,0.9675739,MAIL
D136705,0.9672093,MAIL
D102770,0.22687677,DO_NOT_MAIL
D104831,0.039546292,DO_NOT_MAIL
D108683,0.83830553,DO_NOT_MAIL
D122754,0.99087244,MAIL
D103459,0.05457688,DO_NOT_MAIL
D142860,0.130551,DO_NOT_MAIL
D111076,0.114033684,DO_NOT_MAIL
D110019,0.0008528064,DO_NOT_MAIL
D105821,0.99292165,MAIL
D133327,0.9654538,MAIL
D104298,0.9545625,MAIL
D130434,0.92087764,DO_NOT_MAIL
D141962,0.16065338,DO_NOT_MAIL
D125397,0.37881243,DO_NOT_MAIL
D133580,0.92709506,DO_NOT_MAIL
D131868,0.0074007264,DO_NOT_MAIL
D103711,0.9259016,DO_NOT_MAIL
D106988,0.008405673,DO_NOT_MAIL
D108952,0.9672093,MAIL
D117380,0.5243425,DO_NOT_MAIL
D130394,0.9981754,MAIL
D140066,0.18299235,DO_NOT_MAIL
D142614,0.24519333,DO_NOT_MAIL
D133485,0.8427629,DO_NOT_MAIL
D131196,0.0012236993,DO_NOT_MAIL
D113329,0.831485,DO_NOT_MAIL
D132164,0.0763121,DO_NOT_MAIL
D129104,0.4507605,DO_NOT_MAIL
D128580,0.17884424,DO_NOT_MAIL
D139353,0.07274847,DO_NOT_MAIL
D136262,0.8276394,DO_NOT_MAIL
D105212,0.8483679,DO_NOT_MAIL
D103094,0.87722886,DO_NOT_MAIL
D110623,0.06692159,DO_NOT_MAIL
D140797,0.023834469,DO_NOT_MAIL
D128169,0.81474036,DO_NOT_MAIL
D137260,0.025981985,DO_NOT_MAIL
D131096,0.9092488,DO_NOT_MAIL
D132004,0.37985092,DO_NOT_MAIL
D115243,0.8611976,DO_NOT_MAIL
D108554,0.9922355,MAIL
D121185,0.35597932,DO_NOT_MAIL
D122658,0.99169123,MAIL
D114567,0.2751077,DO_NOT_MAIL
D118234,0.8434482,DO_NOT_MAIL
D138748,0.1654854,DO_NOT_MAIL
D142068,0.44066587,DO_NOT_MAIL
D101096,0.8447092,DO_NOT_MAIL
D135376,0.8904611,DO_NOT_MAIL
D100918,0.935124,DO_NOT_MAIL
D102841,0.0039808387,DO_NOT_MAIL
D130780,0.02779229,DO_NOT_MAIL
D117640,0.008285076,DO_NOT_MAIL
D114716,0.76365095,DO_NOT_MAIL
D121430,0.95436054,MAIL
D124857,0.94440866,DO_NOT_MAIL
D126427,0.9770189,MAIL
D132993,0.25070816,DO_NOT_MAIL
D107612,0.96632427,MAIL
D116018,0.18963997,DO_NOT_MAIL
D105344,0.25449836,DO_NOT_MAIL
D112798,0.072426215,DO_NOT_MAIL
D132155,0.93025255,DO_NOT_MAIL
D118625,0.89891535,DO_NOT_MAIL
D104471,0.8968021,DO_NOT_MAIL
D116695,0.5139931,DO_NOT_MAIL
D138800,0.14546074,DO_NOT_MAIL
D101759,0.71599865,DO_NOT_MAIL
D103095,0.8077166,DO_NOT_MAIL
D122811,0.051087245,DO_NOT_MAIL
D130084,0.9141982,DO_NOT_MAIL
D128821,0.93909353,DO_NOT_MAIL
D139941,0.9165653,DO_NOT_MAIL
D127037,0.26181927,DO_NOT_MAIL
D126910,0.7332227,DO_NOT_MAIL
D121511,0.93909353,DO_NOT_MAIL
D114894,0.0061362423,DO_NOT_MAIL
D103970,0.9294427,DO_NOT_MAIL
D133481,0.0008155824,DO_NOT_MAIL
D134662,0.98002785,MAIL
D143214,0.3238222,DO_NOT_MAIL
D140251,0.22987221,DO_NOT_MAIL
D105098,0.88319796,DO_NOT_MAIL
D140977,0.8120889,DO_NOT_MAIL
D112449,0.85706615,DO_NOT_MAIL
D142285,0.03227001,DO_NOT_MAIL
D142836,0.0029627471,DO_NOT_MAIL
D106012,0.9565626,MAIL
D113086,0.9679946,MAIL
D109670,0.9685309,MAIL
D122446,0.18990168,DO_NOT_MAIL
D107238,0.8399336,DO_NOT_MAIL
D112320,0.8536362,DO_NOT_MAIL
D115648,0.9271437,DO_NOT_MAIL
D116852,0.9025419,DO_NOT_MAIL
D138620,0.0045138104,DO_NOT_MAIL
D132878,0.9606411,MAIL
D125185,0.0038993245,DO_NOT_MAIL
D114527,0.76365095,DO_NOT_MAIL
D119727,0.8576082,DO_NOT_MAIL
D103659,0.7647052,DO_NOT_MAIL
D143816,0.008362751,DO_NOT_MAIL
D107742,0.9763776,MAIL
D131345,0.9725566,MAIL
D120581,0.9434021,DO_NOT_MAIL
D126202,0.66958344,DO_NOT_MAIL
D130383,0.63208497,DO_NOT_MAIL
D130452,0.96176934,MAIL
D119453,0.8881307,DO_NOT_MAIL
D124446,0.08992088,DO_NOT_MAIL
D105551,0.6924537,DO_NOT_MAIL
D104884,0.9914619,MAIL
D109674,0.47305262,DO_NOT_MAIL
D115108,0.88336307,DO_NOT_MAIL
D143471,0.13077621,DO_NOT_MAIL
D120311,0.657778,DO_NOT_MAIL
D104157,0.009722992,DO_NOT_MAIL
D126819,0.6690531,DO_NOT_MAIL
D101489,0.95424277,MAIL
D115397,0.9782883,MAIL
D121704,0.98002785,MAIL
D137865,0.11495146,DO_NOT_MAIL
D137121,0.98580605,MAIL
D131423,0.0028536126,DO_NOT_MAIL
D115561,0.8434482,DO_NOT_MAIL
D105086,0.73969823,DO_NOT_MAIL
D126962,0.8611976,DO_NOT_MAIL
D128845,0.8968021,DO_NOT_MAIL
D129731,0.7304995,DO_NOT_MAIL
D111862,0.8881307,DO_NOT_MAIL
D137074,0.43296874,DO_NOT_MAIL
D127922,0.00015259699,DO_NOT_MAIL
D143236,0.02734803,DO_NOT_MAIL
D137580,0.9581196,MAIL
D126745,0.80627024,DO_NOT_MAIL
D135698,0.15650573,DO_NOT_MAIL
D131551,0.009506878,DO_NOT_MAIL
D102780,0.092163414,DO_NOT_MAIL
D120248,0.657778,DO_NOT_MAIL
D106877,0.969633,MAIL
D133591,0.90179396,DO_NOT_MAIL
D133651,0.014875524,DO_NOT_MAIL
D137697,0.81194735,DO_NOT_MAIL
D101531,0.8968021,DO_NOT_MAIL
D100944,0.9290283,DO_NOT_MAIL
D118341,0.40978232,DO_NOT_MAIL
D138786,0.9936854,MAIL
D132534,0.0484463,DO_NOT_MAIL
D115453,0.0027938,DO_NOT_MAIL
D100492,0.78538567,DO_NOT_MAIL
D137305,0.0009012471,DO_NOT_MAIL
D106224,0.9271437,DO_NOT_MAIL
D114066,0.8332882,DO_NOT_MAIL
D122039,0.62517834,DO_NOT_MAIL
D140723,0.57509357,DO_NOT_MAIL
D114000,0.9257085,DO_NOT_MAIL
D106314,0.36026216,DO_NOT_MAIL
D110504,0.015105609,DO_NOT_MAIL
D128306,0.9476047,DO_NOT_MAIL
D133037,0.8538114,DO_NOT_MAIL
D144662,0.7597075,DO_NOT_MAIL
D132530,0.9274354,DO_NOT_MAIL
D137703,0.81131417,DO_NOT_MAIL
D102049,0.8555243,DO_NOT_MAIL
D115090,0.038150426,DO_NOT_MAIL
D107281,0.97600263,MAIL
D110464,0.56445444,DO_NOT_MAIL
D133421,0.97530806,MAIL
D142450,0.3504172,DO_NOT_MAIL
D129888,0.8968021,DO_NOT_MAIL
D140560,0.034458563,DO_NOT_MAIL
D120458,0.3817256,DO_NOT_MAIL
D140047,0.2812687,DO_NOT_MAIL
D109131,0.70989704,DO_NOT_MAIL
D117077,0.92521757,DO_NOT_MAIL
D105951,0.004960468,DO_NOT_MAIL
D111356,0.22687677,DO_NOT_MAIL
D119152,0.8693399,DO_NOT_MAIL
D124737,0.86922854,DO_NOT_MAIL
D119097,0.9654538,MAIL
D109754,0.99169123,MAIL
D138771,0.08039942,DO_NOT_MAIL
D138176,0.25979993,DO_NOT_MAIL
D140206,0.22921492,DO_NOT_MAIL
D122757,0.9637091,MAIL
D113018,0.006007339,DO_NOT_MAIL
D102591,4.527448e-05,DO_NOT_MAIL
D140874,0.09111783,DO_NOT_MAIL
D140708,0.009676584,DO_NOT_MAIL
D134331,0.9519325,DO_NOT_MAIL
D137257,0.6547513,DO_NOT_MAIL
D126038,0.8961919,DO_NOT_MAIL
D119200,0.0053897183,DO_NOT_MAIL
D136902,0.6923435,DO_NOT_MAIL
D126571,0.001672559,DO_NOT_MAIL
D142798,0.38028482,DO_NOT_MAIL
D106557,0.9788836,MAIL
D104722,0.010500981,DO_NOT_MAIL
D119166,0.024535999,DO_NOT_MAIL
D115684,0.16223516,DO_NOT_MAIL
D119561,0.07735986,DO_NOT_MAIL
D108340,0.5925024,DO_NOT_MAIL
D119427,0.8544579,DO_NOT_MAIL
D123854,0.9756825,MAIL
D107066,0.026308756,DO_NOT_MAIL
D131341,0.93300116,DO_NOT_MAIL
D117613,0.84229296,DO_NOT_MAIL
D130879,0.12846796,DO_NOT_MAIL
D143020,0.597723,DO_NOT_MAIL
D119987,0.99193174,MAIL
D114132,0.9306288,DO_NOT_MAIL
D116060,0.9412208,DO_NOT_MAIL
D120275,0.8809452,DO_NOT_MAIL
D128541,0.9003407,DO_NOT_MAIL
D105817,0.97908825,MAIL
D136065,0.9274354,DO_NOT_MAIL
D134593,0.84869266,DO_NOT_MAIL
D129901,0.9281149,DO_NOT_MAIL
D101592,0.029864553,DO_NOT_MAIL
D115832,0.9656056,MAIL
D110817,0.98778266,MAIL
D116450,0.9921514,MAIL
D137458,0.05294818,DO_NOT_MAIL
D121552,0.89230096,DO_NOT_MAIL
D113785,0.9881572,MAIL
D121074,0.9637091,MAIL
D142843,0.0022434464,DO_NOT_MAIL
D119693,0.7969786,DO_NOT_MAIL
D115775,0.74183184,DO_NOT_MAIL
D103423,5.031127e-05,DO_NOT_MAIL
D127474,0.004167683,DO_NOT_MAIL
D129264,0.8576082,DO_NOT_MAIL
D113898,0.881872,DO_NOT_MAIL
D124397,0.8536362,DO_NOT_MAIL
D111704,0.0042974674,DO_NOT_MAIL
D124407,0.7304995,DO_NOT_MAIL
D136790,0.017822618,DO_NOT_MAIL
D141536,0.13542047,DO_NOT_MAIL
D124137,0.7969786,DO_NOT_MAIL
D104383,0.28792837,DO_NOT_MAIL
D116014,0.25449836,DO_NOT_MAIL
D100649,0.85991716,DO_NOT_MAIL
D135564,0.19098973,DO_NOT_MAIL
D138607,0.09295503,DO_NOT_MAIL
D100368,0.96432096,MAIL
D102151,0.9498495,DO_NOT_MAIL
D141540,0.034592886,DO_NOT_MAIL
D119394,0.98895055,MAIL
D106134,0.62193674,DO_NOT_MAIL
D129960,0.6307727,DO_NOT_MAIL
D104757,0.87599576,DO_NOT_MAIL
D110902,0.9003407,DO_NOT_MAIL
D131493,0.0038412444,DO_NOT_MAIL
D106273,0.535038,DO_NOT_MAIL
D107970,0.98621076,MAIL
D121174,0.2394468,DO_NOT_MAIL
D110862,0.97373116,MAIL
D134161,0.78538567,DO_NOT_MAIL
D103185,0.9171358,DO_NOT_MAIL
D102217,0.528885,DO_NOT_MAIL
D121104,0.67464757,DO_NOT_MAIL
D133317,0.971221,MAIL
D138809,0.97940296,MAIL
D109054,0.843054,DO_NOT_MAIL
D115317,0.80627024,DO_NOT_MAIL
D138087,0.71599865,DO_NOT_MAIL
D134772,0.8638606,DO_NOT_MAIL
D137276,0.8185417,DO_NOT_MAIL
D103488,0.8211532,DO_NOT_MAIL
D119105,0.45506257,DO_NOT_MAIL
D101147,0.47921485,DO_NOT_MAIL
D111064,0.69672674,DO_NOT_MAIL
D100874,0.9433685,DO_NOT_MAIL
D112826,0.8961919,DO_NOT_MAIL
D127133,0.017056283,DO_NOT_MAIL
D140939,0.7804234,DO_NOT_MAIL
D142398,0.07507022,DO_NOT_MAIL
D131795,0.537474,DO_NOT_MAIL
D124599,0.95227355,MAIL
D104714,0.45786312,DO_NOT_MAIL
D139379,0.016259786,DO_NOT_MAIL
D113471,0.66958344,DO_NOT_MAIL
D125807,0.11223611,DO_NOT_MAIL
D128332,0.018097438,DO_NOT_MAIL
D132600,0.973722,MAIL
D144277,0.831485,DO_NOT_MAIL
D102308,0.054256063,DO_NOT_MAIL
D107533,0.92521757,DO_NOT_MAIL
D136157,0.98628366,MAIL
D128182,0.90379035,DO_NOT_MAIL
D120711,0.99192226,MAIL
D135116,0.17624682,DO_NOT_MAIL
D110130,0.94473964,DO_NOT_MAIL
D142938,0.3824865,DO_NOT_MAIL
D103361,0.044479396,DO_NOT_MAIL
D122798,0.028822877,DO_NOT_MAIL
D137657,0.06436765,DO_NOT_MAIL
D102396,0.03769613,DO_NOT_MAIL
D133839,0.0016686447,DO_NOT_MAIL
D118296,0.84869266,DO_NOT_MAIL
D102130,0.9693406,MAIL
D128420,0.43585023,DO_NOT_MAIL
D133876,0.13296536,DO_NOT_MAIL
D139227,0.90456396,DO_NOT_MAIL
D127269,0.22758242,DO_NOT_MAIL
D129229,0.0061617377,DO_NOT_MAIL
D131816,0.49064657,DO_NOT_MAIL
D108749,0.7597075,DO_NOT_MAIL
D130173,0.85706615,DO_NOT_MAIL
D109974,0.5925024,DO_NOT_MAIL
D138871,0.060905896,DO_NOT_MAIL
D136621,0.57443076,DO_NOT_MAIL
D127319,0.8167604,DO_NOT_MAIL
D118572,0.94440866,DO_NOT_MAIL
D110853,0.9212338,DO_NOT_MAIL
D144532,0.93025255,DO_NOT_MAIL
D140114,0.4803739,DO_NOT_MAIL
D136015,0.02230595,DO_NOT_MAIL
D107383,0.8834172,DO_NOT_MAIL
D106912,0.66076255,DO_NOT_MAIL
D113003,0.9896332,MAIL
D130072,0.90179396,DO_NOT_MAIL
D123296,0.9132189,DO_NOT_MAIL
D112816,0.9418153,DO_NOT_MAIL
D110488,0.850333,DO_NOT_MAIL
D109312,0.43124834,DO_NOT_MAIL
D127982,0.022135682,DO_NOT_MAIL
D134168,0.9862926,MAIL
D136267,0.0027029405,DO_NOT_MAIL
D100212,0.38244665,DO_NOT_MAIL
D141046,0.16277099,DO_NOT_MAIL
D129593,0.8054332,DO_NOT_MAIL
D113499,0.028000785,DO_NOT_MAIL
D119765,0.84686965,DO_NOT_MAIL
D124083,0.8881307,DO_NOT_MAIL
D112288,0.0023535138,DO_NOT_MAIL
D138142,0.003100478,DO_NOT_MAIL
D103856,0.014684242,DO_NOT_MAIL
D120564,0.97441304,MAIL
D109991,0.40010303,DO_NOT_MAIL
D129235,0.0026653884,DO_NOT_MAIL
D100567,0.99212754,MAIL
D119785,0.63461775,DO_NOT_MAIL
D108765,0.9836315,MAIL
D108998,0.94473964,DO_NOT_MAIL
D114718,0.93909353,DO_NOT_MAIL
D130108,0.69796133,DO_NOT_MAIL
D131056,0.096218444,DO_NOT_MAIL
D142995,0.9741011,MAIL
D134498,0.22693714,DO_NOT_MAIL
D120814,0.36774158,DO_NOT_MAIL
D143599,0.026470756,DO_NOT_MAIL
D118837,0.9923178,MAIL
D122647,0.9859477,MAIL
D125719,0.94473964,DO_NOT_MAIL
D139334,0.14501326,DO_NOT_MAIL
D141722,0.5756476,DO_NOT_MAIL
D111289,0.86891735,DO_NOT_MAIL
D126204,0.8077166,DO_NOT_MAIL
D138488,0.03012144,DO_NOT_MAIL
D141305,0.060868096,DO_NOT_MAIL
D117418,0.22687677,DO_NOT_MAIL
D131504,0.022796936,DO_NOT_MAIL
D139015,0.04696382,DO_NOT_MAIL
D116869,0.843054,DO_NOT_MAIL
D115576,0.16154996,DO_NOT_MAIL
D123104,0.94473964,DO_NOT_MAIL
D113450,0.045979094,DO_NOT_MAIL
D113066,0.3127211,DO_NOT_MAIL
D124863,0.9498495,DO_NOT_MAIL
D137014,0.6242303,DO_NOT_MAIL
D118712,0.8794906,DO_NOT_MAIL
D117877,0.39419907,DO_NOT_MAIL
D101469,0.71599865,DO_NOT_MAIL
D139215,0.0830419,DO_NOT_MAIL
D131572,0.851463,DO_NOT_MAIL
D116330,0.8576082,DO_NOT_MAIL
D121032,0.01316926,DO_NOT_MAIL
D118406,0.6725385,DO_NOT_MAIL
D114443,0.0722609,DO_NOT_MAIL
D112923,0.37932524,DO_NOT_MAIL
D114469,0.13092388,DO_NOT_MAIL
D128656,0.9862926,MAIL
D109066,0.079864375,DO_NOT_MAIL
D116844,0.59878206,DO_NOT_MAIL
D131097,0.06672793,DO_NOT_MAIL
D138183,0.06948335,DO_NOT_MAIL
D124267,0.0025747053,DO_NOT_MAIL
D139284,0.048616823,DO_NOT_MAIL
D126144,0.28544256,DO_NOT_MAIL
D120926,0.9745087,MAIL
D139784,0.14428811,DO_NOT_MAIL
D107975,0.0056503415,DO_NOT_MAIL
D139741,0.005681377,DO_NOT_MAIL
D137057,0.027839622,DO_NOT_MAIL
D131802,0.9763776,MAIL
D142444,0.49737102,DO_NOT_MAIL
D118123,0.12872751,DO_NOT_MAIL
D103912,0.97578216,MAIL
D141256,0.98675936,MAIL
D143312,0.01775223,DO_NOT_MAIL
D102223,0.9009107,DO_NOT_MAIL
D129217,0.65463436,DO_NOT_MAIL
D130663,0.08822462,DO_NOT_MAIL
D132365,0.004844828,DO_NOT_MAIL
D115419,0.84869266,DO_NOT_MAIL
D118952,0.8611976,DO_NOT_MAIL
D120116,0.8595816,DO_NOT_MAIL
D112992,0.13954669,DO_NOT_MAIL
D100784,0.69809425,DO_NOT_MAIL
D106593,0.50560784,DO_NOT_MAIL
D138992,0.00040923554,DO_NOT_MAIL
D121563,0.9720426,MAIL
D139424,0.1066322,DO_NOT_MAIL
D102181,0.8722838,DO_NOT_MAIL
D142355,0.19392838,DO_NOT_MAIL
D136783,0.3351052,DO_NOT_MAIL
D139515,0.07828523,DO_NOT_MAIL
D111965,0.89608073,DO_NOT_MAIL
D138618,0.51786435,DO_NOT_MAIL
D105155,0.56445444,DO_NOT_MAIL
D130954,0.98464113,MAIL
D136709,0.67464757,DO_NOT_MAIL
D121335,0.748415,DO_NOT_MAIL
D125495,0.4507605,DO_NOT_MAIL
D133778,0.9470951,DO_NOT_MAIL
D140021,0.05235693,DO_NOT_MAIL
D143678,0.041315753,DO_NOT_MAIL
D111527,0.8851097,DO_NOT_MAIL
D134426,0.0047602826,DO_NOT_MAIL
D139919,0.008706918,DO_NOT_MAIL
D135540,0.5658708,DO_NOT_MAIL
D102466,0.7263341,DO_NOT_MAIL
D100523,0.8590711,DO_NOT_MAIL
D134977,0.88723224,DO_NOT_MAIL
D142644,0.10839722,DO_NOT_MAIL
D124322,0.873993,DO_NOT_MAIL
D133905,0.7089558,DO_NOT_MAIL
D136546,0.04593403,DO_NOT_MAIL
D120696,0.98479754,MAIL
D137571,0.9458556,DO_NOT_MAIL
D130625,0.9118403,DO_NOT_MAIL
D130150,0.9554237,MAIL
D140231,0.022916336,DO_NOT_MAIL
D116982,0.8987183,DO_NOT_MAIL
D104808,0.05526799,DO_NOT_MAIL
D111480,0.0037405556,DO_NOT_MAIL
D118069,0.955618,MAIL
D129522,0.85608035,DO_NOT_MAIL
D130393,0.65463436,DO_NOT_MAIL
D112055,0.80390793,DO_NOT_MAIL
D144210,0.0016561073,DO_NOT_MAIL
D135722,0.97887796,MAIL
D108780,0.54141515,DO_NOT_MAIL
D111281,0.008662339,DO_NOT_MAIL
D131877,0.82409686,DO_NOT_MAIL
D110399,0.98706704,MAIL
D112459,0.38921452,DO_NOT_MAIL
D113019,0.227697,DO_NOT_MAIL
D106872,0.013533307,DO_NOT_MAIL
D123746,0.9690147,MAIL
D117883,0.06198578,DO_NOT_MAIL
D137767,0.004115564,DO_NOT_MAIL
D123753,0.94245774,DO_NOT_MAIL
D138318,0.002025104,DO_NOT_MAIL
D119142,0.38920325,DO_NOT_MAIL
D129514,0.030589813,DO_NOT_MAIL
D100958,0.7304995,DO_NOT_MAIL
D137016,0.020427419,DO_NOT_MAIL
D126977,0.023842115,DO_NOT_MAIL
D111528,0.12443991,DO_NOT_MAIL
D109299,0.6033134,DO_NOT_MAIL
D143602,0.03763613,DO_NOT_MAIL
D105348,0.9259016,DO_NOT_MAIL
D137029,0.034574192,DO_NOT_MAIL
D130285,0.035161935,DO_NOT_MAIL
D109125,0.33634496,DO_NOT_MAIL
D144370,0.00991543,DO_NOT_MAIL
D107786,0.9669261,MAIL
D119986,0.9470951,DO_NOT_MAIL
D109103,0.71599865,DO_NOT_MAIL
D135706,0.8809452,DO_NOT_MAIL
D139210,0.77567184,DO_NOT_MAIL
D124982,0.92150646,DO_NOT_MAIL
D137829,0.031714138,DO_NOT_MAIL
D113419,0.96707946,MAIL
D104304,0.9549817,MAIL
D121882,0.76219136,DO_NOT_MAIL
D104411,0.50780874,DO_NOT_MAIL
D138209,0.9927463,MAIL
D105201,0.021185355,DO_NOT_MAIL
D139444,0.013578561,DO_NOT_MAIL
D139168,0.47940052,DO_NOT_MAIL
D102875,0.9332782,DO_NOT_MAIL
D105592,0.8638606,DO_NOT_MAIL
D137218,0.34077978,DO_NOT_MAIL
D116570,0.039313983,DO_NOT_MAIL
D100505,0.85991716,DO_NOT_MAIL
D104210,0.9544166,MAIL
D116470,0.9713525,MAIL
D124152,0.6240543,DO_NOT_MAIL
D118400,0.98464113,MAIL
D112109,0.92848164,DO_NOT_MAIL
D126276,0.9917236,MAIL
D107422,0.78538567,DO_NOT_MAIL
D116500,0.9305908,DO_NOT_MAIL
D117781,0.09004612,DO_NOT_MAIL
D135450,0.044828277,DO_NOT_MAIL
D104201,0.66436815,DO_NOT_MAIL
D103427,0.018823462,DO_NOT_MAIL
D140662,0.014515362,DO_NOT_MAIL
D142616,0.033495933,DO_NOT_MAIL
D110276,0.0014886148,DO_NOT_MAIL
D118915,0.6106876,DO_NOT_MAIL
D123089,0.013287066,DO_NOT_MAIL
D104373,0.8415551,DO_NOT_MAIL
D122277,0.93728566,DO_NOT_MAIL
D133238,0.16757017,DO_NOT_MAIL
D124434,0.97982794,MAIL
D122247,0.48687914,DO_NOT_MAIL
D130757,0.27205735,DO_NOT_MAIL
D112606,0.59878206,DO_NOT_MAIL
D129154,0.05333405,DO_NOT_MAIL
D129145,0.84229296,DO_NOT_MAIL
D143514,0.3019456,DO_NOT_MAIL
D100181,0.9548509,MAIL
D126953,0.9540989,MAIL
D142342,0.5637188,DO_NOT_MAIL
D122891,0.16757017,DO_NOT_MAIL
D144202,0.78025746,DO_NOT_MAIL
D102836,0.9250297,DO_NOT_MAIL
D109932,0.97234666,MAIL
D141327,0.756579,DO_NOT_MAIL
D119173,0.82409686,DO_NOT_MAIL
D139881,0.44957638,DO_NOT_MAIL
D117717,0.032460112,DO_NOT_MAIL
D105866,0.12296788,DO_NOT_MAIL
D131821,0.8764,DO_NOT_MAIL
D116523,0.992718,MAIL
D100949,0.038896624,DO_NOT_MAIL
D142863,0.89251536,DO_NOT_MAIL
D109902,0.052470986,DO_NOT_MAIL
D126313,0.8869641,DO_NOT_MAIL
D106835,0.94440866,DO_NOT_MAIL
D121562,0.07537903,DO_NOT_MAIL
D101838,0.84848046,DO_NOT_MAIL
D105748,0.8023649,DO_NOT_MAIL
D127174,0.0010515503,DO_NOT_MAIL
D110650,0.9584207,MAIL
D108654,0.8722838,DO_NOT_MAIL
D140258,0.31384858,DO_NOT_MAIL
D100170,0.006427865,DO_NOT_MAIL
D137383,0.98380095,MAIL
D107730,0.02089347,DO_NOT_MAIL
D105047,0.91079324,DO_NOT_MAIL
D123566,0.11630416,DO_NOT_MAIL
D102802,0.8576082,DO_NOT_MAIL
D132219,0.83709186,DO_NOT_MAIL
D140577,0.27537155,DO_NOT_MAIL
D129613,0.9665404,MAIL
D103959,0.02371025,DO_NOT_MAIL
D108445,0.012140129,DO_NOT_MAIL
D120933,0.88723224,DO_NOT_MAIL
D101169,0.9009107,DO_NOT_MAIL
D103697,0.9027794,DO_NOT_MAIL
D127039,0.8838868,DO_NOT_MAIL
D108976,0.992207,MAIL
D137193,0.5617754,DO_NOT_MAIL
D118514,0.01354321,DO_NOT_MAIL
D123224,0.03215093,DO_NOT_MAIL
D140521,0.0025861447,DO_NOT_MAIL
D100251,0.0017076471,DO_NOT_MAIL
D138034,0.609096,DO_NOT_MAIL
D101103,0.97124714,MAIL
D102533,0.9349788,DO_NOT_MAIL
D119046,0.90447336,DO_NOT_MAIL
D103750,0.9672093,MAIL
D139950,0.9891509,MAIL
D111489,0.8165528,DO_NOT_MAIL
D132484,0.93860894,DO_NOT_MAIL
D103415,0.12794131,DO_NOT_MAIL
D109089,0.30372268,DO_NOT_MAIL
D125848,0.9271437,DO_NOT_MAIL
D104649,0.40978232,DO_NOT_MAIL
D130778,0.19017911,DO_NOT_MAIL
D109030,0.5905435,DO_NOT_MAIL
D142405,0.16297151,DO_NOT_MAIL
D109588,0.03254092,DO_NOT_MAIL
D120618,0.87722886,DO_NOT_MAIL
D130881,0.9294427,DO_NOT_MAIL
D143827,0.0045487774,DO_NOT_MAIL
D142970,0.060688645,DO_NOT_MAIL
D105043,0.6431161,DO_NOT_MAIL
D133189,0.843054,DO_NOT_MAIL
D123386,0.024765143,DO_NOT_MAIL
D129758,0.84869266,DO_NOT_MAIL
D122990,0.008941786,DO_NOT_MAIL
D114604,0.8576082,DO_NOT_MAIL
D131077,0.25449836,DO_NOT_MAIL
D127110,0.009925682,DO_NOT_MAIL
D103069,0.05342054,DO_NOT_MAIL
D101972,0.90564024,DO_NOT_MAIL
D100451,0.047704864,DO_NOT_MAIL
D122630,0.9062348,DO_NOT_MAIL
D118183,0.6431161,DO_NOT_MAIL
D111768,0.9718807,MAIL
D107511,0.004147132,DO_NOT_MAIL
D108685,0.13549815,DO_NOT_MAIL
D103935,0.003929787,DO_NOT_MAIL
D129908,0.8332882,DO_NOT_MAIL
D101723,0.8809452,DO_NOT_MAIL
D121466,0.9747672,MAIL
D123736,0.003152121,DO_NOT_MAIL
D125259,0.05538925,DO_NOT_MAIL
D139650,0.20222998,DO_NOT_MAIL
D134298,0.18759006,DO_NOT_MAIL
D118222,0.94288254,DO_NOT_MAIL
D104434,0.020698166,DO_NOT_MAIL
D138268,0.06914527,DO_NOT_MAIL
D127303,0.83709186,DO_NOT_MAIL
D137038,0.8320804,DO_NOT_MAIL
D137615,0.37606567,DO_NOT_MAIL
D112381,0.8652884,DO_NOT_MAIL
D117266,0.831485,DO_NOT_MAIL
D141535,0.75451386,DO_NOT_MAIL
D140400,0.114009336,DO_NOT_MAIL
D104101,0.009748193,DO_NOT_MAIL
D114738,0.5139931,DO_NOT_MAIL
D116975,0.8276394,DO_NOT_MAIL
D119273,0.83709186,DO_NOT_MAIL
D137758,0.8955738,DO_NOT_MAIL
D139570,0.23399997,DO_NOT_MAIL
D127629,0.8483679,DO_NOT_MAIL
D120121,0.009383193,DO_NOT_MAIL
D118465,0.98580605,MAIL
D129701,0.008736059,DO_NOT_MAIL
D104319,0.8810793,DO_NOT_MAIL
D105479,0.97521484,MAIL
D105687,0.56299716,DO_NOT_MAIL
D100734,0.9927463,MAIL
D121252,0.8989707,DO_NOT_MAIL
D132576,0.967649,MAIL
D133239,0.88723224,DO_NOT_MAIL
D134044,0.9775019,MAIL
D128734,0.020767322,DO_NOT_MAIL
D126136,0.04584466,DO_NOT_MAIL
D139853,0.08455463,DO_NOT_MAIL
D125386,0.97124714,MAIL
D103280,0.9171358,DO_NOT_MAIL
D142942,0.9948361,MAIL
D105032,0.024893727,DO_NOT_MAIL
D118884,0.8073583,DO_NOT_MAIL
D112841,0.56299716,DO_NOT_MAIL
D113132,0.36059967,DO_NOT_MAIL
D143683,0.025836475,DO_NOT_MAIL
D124762,0.005018106,DO_NOT_MAIL
D129968,0.0071654413,DO_NOT_MAIL
D134449,0.14706905,DO_NOT_MAIL
D128122,0.15128574,DO_NOT_MAIL
D129497,0.8881598,DO_NOT_MAIL
D126952,0.039313983,DO_NOT_MAIL
D129775,0.12001977,DO_NOT_MAIL
D108146,0.0056955423,DO_NOT_MAIL
D137190,0.9347862,DO_NOT_MAIL
D103908,0.18525937,DO_NOT_MAIL
D126086,0.004755983,DO_NOT_MAIL
D129321,0.0038788072,DO_NOT_MAIL
D108148,0.96470815,MAIL
D115509,0.43585023,DO_NOT_MAIL
D139317,0.026942402,DO_NOT_MAIL
D139376,0.0011509362,DO_NOT_MAIL
D102682,0.8665668,DO_NOT_MAIL
D140337,0.36328286,DO_NOT_MAIL
D117348,0.6690531,DO_NOT_MAIL
D133895,0.96828955,MAIL
D107509,0.9736867,MAIL
D106658,0.98721606,MAIL
D138574,0.005239011,DO_NOT_MAIL
D111145,0.8693399,DO_NOT_MAIL
D118748,0.90179396,DO_NOT_MAIL
D105021,0.006509553,DO_NOT_MAIL
D105000,0.0033537513,DO_NOT_MAIL
D132985,0.98377293,MAIL
D141669,0.087599166,DO_NOT_MAIL
D126818,0.9602031,MAIL
D142972,0.9975642,MAIL
D142464,0.085153766,DO_NOT_MAIL
D139459,0.023165848,DO_NOT_MAIL
D104171,0.3334495,DO_NOT_MAIL
D100427,0.7969786,DO_NOT_MAIL
D124416,0.9844475,MAIL
D124123,0.0010938597,DO_NOT_MAIL
D114423,0.74183184,DO_NOT_MAIL
D127154,0.9470951,DO_NOT_MAIL
D118049,0.9540989,MAIL
D119140,0.9332782,DO_NOT_MAIL
D115812,0.9581196,MAIL
D128572,0.8434482,DO_NOT_MAIL
D107520,0.98895055,MAIL
D115124,0.9672093,MAIL
D117998,0.9685309,MAIL
D122987,0.3817256,DO_NOT_MAIL
D120401,0.9545625,MAIL
D101037,0.7646645,DO_NOT_MAIL
D144541,0.92095155,DO_NOT_MAIL
D143187,0.00012876734,DO_NOT_MAIL
D133276,0.35375708,DO_NOT_MAIL
D133014,0.0069262655,DO_NOT_MAIL
D103944,0.7889207,DO_NOT_MAIL
D141546,0.07660597,DO_NOT_MAIL
D131471,0.6548456,DO_NOT_MAIL
D133888,0.20772536,DO_NOT_MAIL
D143781,0.11574898,DO_NOT_MAIL
D137243,0.8108917,DO_NOT_MAIL
D100472,0.9450459,DO_NOT_MAIL
D100745,0.46723473,DO_NOT_MAIL
D132783,0.027304806,DO_NOT_MAIL
D103182,0.98380095,MAIL
D120366,0.80054456,DO_NOT_MAIL
D138192,0.03316618,DO_NOT_MAIL
D112167,0.9434021,DO_NOT_MAIL
D125166,0.6690531,DO_NOT_MAIL
D142912,0.0065204077,DO_NOT_MAIL
D105547,0.102685794,DO_NOT_MAIL
D132179,0.0057686637,DO_NOT_MAIL
D142116,0.067418054,DO_NOT_MAIL
D101764,0.8117646,DO_NOT_MAIL
D128993,0.88879144,DO_NOT_MAIL
D112930,0.9232493,DO_NOT_MAIL
D110242,0.47305262,DO_NOT_MAIL
D123847,0.23251495,DO_NOT_MAIL
D106982,0.9152594,DO_NOT_MAIL
D125521,0.6221123,DO_NOT_MAIL
D141297,0.005003794,DO_NOT_MAIL
D139961,0.001174589,DO_NOT_MAIL
D124369,0.70908004,DO_NOT_MAIL
D131705,0.8987183,DO_NOT_MAIL
D135424,0.8555243,DO_NOT_MAIL
D100083,0.08565851,DO_NOT_MAIL
D141801,0.626013,DO_NOT_MAIL
D137957,0.14124459,DO_NOT_MAIL
D109142,0.086417414,DO_NOT_MAIL
D128296,0.09634397,DO_NOT_MAIL
D102995,0.9588186,MAIL
D106093,0.8054332,DO_NOT_MAIL
D132369,0.0035990567,DO_NOT_MAIL
D127040,0.0020310818,DO_NOT_MAIL
D137318,0.093493395,DO_NOT_MAIL
D132446,0.9716717,MAIL
D144575,0.3070421,DO_NOT_MAIL
D120325,0.8892806,DO_NOT_MAIL
D105825,0.5821681,DO_NOT_MAIL
D120003,0.83709186,DO_NOT_MAIL
D129292,0.7304995,DO_NOT_MAIL
D128634,0.077400275,DO_NOT_MAIL
D125757,0.89891535,DO_NOT_MAIL
D129068,0.969633,MAIL
D106440,0.8883942,DO_NOT_MAIL
D125329,0.23706174,DO_NOT_MAIL
D124818,0.9711856,MAIL
D138944,0.87397003,DO_NOT_MAIL
D103218,0.9662585,MAIL
D133168,0.96245515,MAIL
D108549,0.62193674,DO_NOT_MAIL
D107795110,0.9981806,MAIL
D130632,0.9675739,MAIL
D117051,0.9418153,DO_NOT_MAIL
D135447,0.011603075,DO_NOT_MAIL
D128836,0.97699124,MAIL
D101970,0.0038709997,DO_NOT_MAIL
D135393,0.6241102,DO_NOT_MAIL
D112581,0.657778,DO_NOT_MAIL
D130433,0.8638606,DO_NOT_MAIL
D102354,0.010652451,DO_NOT_MAIL
D105226,0.78250086,DO_NOT_MAIL
D114994,0.54785824,DO_NOT_MAIL
D101454,0.9258597,DO_NOT_MAIL
D139163,0.2856642,DO_NOT_MAIL
D102790,0.9742589,MAIL
D128667,0.9947642,MAIL
D134140,0.9548616,MAIL
D132942,0.9654538,MAIL
D110841,0.8726598,DO_NOT_MAIL
D139507,0.011954489,DO_NOT_MAIL
D104856,0.09764492,DO_NOT_MAIL
D128036,0.00065511983,DO_NOT_MAIL
D142425,0.008697815,DO_NOT_MAIL
D136537,0.9915011,MAIL
D143157,0.006104403,DO_NOT_MAIL
D142055,0.17454314,DO_NOT_MAIL
D122894,0.68927664,DO_NOT_MAIL
D104596,0.096540555,DO_NOT_MAIL
D144062,0.80815744,DO_NOT_MAIL
D103398,0.9003407,DO_NOT_MAIL
D128394,0.0047484166,DO_NOT_MAIL
D134812,0.021531293,DO_NOT_MAIL
D142636,0.017773304,DO_NOT_MAIL
D136149,0.8620547,DO_NOT_MAIL
D102261,0.9862721,MAIL
D116256,0.92150646,DO_NOT_MAIL
D137113,0.57365626,DO_NOT_MAIL
D141367,0.04481083,DO_NOT_MAIL
D133339,0.99096054,MAIL
D112307,0.021378284,DO_NOT_MAIL
D120368,0.7022852,DO_NOT_MAIL
D116859,0.96551836,MAIL
D112853,0.98895055,MAIL
D131046,0.00576162,DO_NOT_MAIL
D129681,0.954501,MAIL
D132357,0.78161925,DO_NOT_MAIL
D106819,0.831485,DO_NOT_MAIL
D121307,0.979267,MAIL
D112599,0.87722886,DO_NOT_MAIL
D130226,0.9306288,DO_NOT_MAIL
D104623,0.8981577,DO_NOT_MAIL
D100775,0.99034715,MAIL
D107214,0.0026162683,DO_NOT_MAIL
D113987,0.92709506,DO_NOT_MAIL
D109499,0.00038108695,DO_NOT_MAIL
D123347,0.009192499,DO_NOT_MAIL
D140054,0.09509204,DO_NOT_MAIL
D117390,0.9185091,DO_NOT_MAIL
D120593,0.9869551,MAIL
D142039,0.068114296,DO_NOT_MAIL
D128254,0.62193674,DO_NOT_MAIL
D127953,0.9615289,MAIL
D109988,0.9927463,MAIL
D122297,0.7443303,DO_NOT_MAIL
D112739,0.4599466,DO_NOT_MAIL
D110750,0.89891535,DO_NOT_MAIL
D117308,0.7738617,DO_NOT_MAIL
D121935,0.031588443,DO_NOT_MAIL
D132424,0.95764256,MAIL
D101969,0.88319796,DO_NOT_MAIL
D116145,0.8054332,DO_NOT_MAIL
D136892,0.024753371,DO_NOT_MAIL
D108997,0.9915882,MAIL
D126195,0.94857216,DO_NOT_MAIL
D113949,0.043720976,DO_NOT_MAIL
D118492,0.97441304,MAIL
D101945,0.0071123615,DO_NOT_MAIL
D129589,0.2394468,DO_NOT_MAIL
D125718,0.9441003,DO_NOT_MAIL
D105188,0.014671469,DO_NOT_MAIL
D109853,0.82066286,DO_NOT_MAIL
D126729,0.88891864,DO_NOT_MAIL
D110177,0.98286635,MAIL
D131348,0.8595816,DO_NOT_MAIL
D124354,0.06987791,DO_NOT_MAIL
D108326,0.96707946,MAIL
D144585,0.96176934,MAIL
D102632,0.40978232,DO_NOT_MAIL
D124774,0.0072424496,DO_NOT_MAIL
D137773,0.0055027595,DO_NOT_MAIL
D129840,0.3127211,DO_NOT_MAIL
D128325,0.88971186,DO_NOT_MAIL
D137128,0.9796536,MAIL
D123375,0.9623464,MAIL
D135175,0.002760249,DO_NOT_MAIL
D108457,0.19552206,DO_NOT_MAIL
D132704,0.16757017,DO_NOT_MAIL
D139198,0.002046904,DO_NOT_MAIL
D105934,0.8537907,DO_NOT_MAIL
D134361,0.63208497,DO_NOT_MAIL
D129224,0.60149235,DO_NOT_MAIL
D123429,0.92709506,DO_NOT_MAIL
D144480,0.696413,DO_NOT_MAIL
D103607,0.47308186,DO_NOT_MAIL
D115444,0.8427521,DO_NOT_MAIL
D101035,0.8087358,DO_NOT_MAIL
D108863,0.97124714,MAIL
D129139,0.84686965,DO_NOT_MAIL
D142682,0.32986355,DO_NOT_MAIL
D104073,0.5260566,DO_NOT_MAIL
D119353,0.9905811,MAIL
D137630,0.97261816,MAIL
D143839,0.025951114,DO_NOT_MAIL
D139484,0.013347359,DO_NOT_MAIL
D121610,0.0015525306,DO_NOT_MAIL
D101958,0.97963756,MAIL
D111726,0.9606411,MAIL
D139059,0.4879281,DO_NOT_MAIL
D111648,0.8483679,DO_NOT_MAIL
D119834,0.961997,MAIL
D124845,0.011423038,DO_NOT_MAIL
D111129,0.63208497,DO_NOT_MAIL
D118241,0.9302993,DO_NOT_MAIL
D113835,0.96705776,MAIL
D110095,0.5923805,DO_NOT_MAIL
D111041,0.9294427,DO_NOT_MAIL
D117674,0.5031778,DO_NOT_MAIL
D130488,0.8638606,DO_NOT_MAIL
D134200,0.97337025,MAIL
D126459,0.92095155,DO_NOT_MAIL
D107660,0.00013722845,DO_NOT_MAIL
D105540,0.17230265,DO_NOT_MAIL
D111029,0.29273427,DO_NOT_MAIL
D140014,0.052105047,DO_NOT_MAIL
D140862,0.005409257,DO_NOT_MAIL
D108072,0.6545905,DO_NOT_MAIL
D119813,0.039313983,DO_NOT_MAIL
D117653,0.92751646,DO_NOT_MAIL
D140637,0.21375215,DO_NOT_MAIL
D113217,0.05374281,DO_NOT_MAIL
D122568,0.9854085,MAIL
D116666,0.9895745,MAIL
D132396,0.95827425,MAIL
D130319,0.657778,DO_NOT_MAIL
D107707,0.97271967,MAIL
D133565,0.9006484,DO_NOT_MAIL
D134873,0.035958774,DO_NOT_MAIL
D116962,0.8077166,DO_NOT_MAIL
D130472,0.0017409605,DO_NOT_MAIL
D112451,0.9535937,MAIL
D122122,0.8787021,DO_NOT_MAIL
D122213,0.36059743,DO_NOT_MAIL
D144041,0.005565864,DO_NOT_MAIL
D123956,0.85991716,DO_NOT_MAIL
D119275,0.9685836,MAIL
D120960,0.69809425,DO_NOT_MAIL
D112736,0.054495797,DO_NOT_MAIL
D103532,0.9583937,MAIL
D127959,0.0016938556,DO_NOT_MAIL
D122584,0.9854085,MAIL
D124906,0.97693527,MAIL
D108411,0.9662585,MAIL
D119718,0.005586991,DO_NOT_MAIL
D113008,0.973722,MAIL
D122721,0.057066813,DO_NOT_MAIL
D119092,0.8869641,DO_NOT_MAIL
D119912,0.9003407,DO_NOT_MAIL
D115011,0.11903732,DO_NOT_MAIL
D105775,0.92150646,DO_NOT_MAIL
D130940,0.99101263,MAIL
D129786,0.9334319,DO_NOT_MAIL
D103377,0.9923178,MAIL
D104673,0.36268032,DO_NOT_MAIL
D143905,0.25234014,DO_NOT_MAIL
D142807,0.1223538,DO_NOT_MAIL
D125314,0.93013823,DO_NOT_MAIL
D104558,0.95294404,MAIL
D103716,0.9638973,MAIL
D115160,0.054593924,DO_NOT_MAIL
D132434,0.63461775,DO_NOT_MAIL
D116802,0.8881307,DO_NOT_MAIL
D144266,0.015174334,DO_NOT_MAIL
D100327,0.3035395,DO_NOT_MAIL
D109733,0.80627024,DO_NOT_MAIL
D131333,0.831485,DO_NOT_MAIL
D135299,0.013484467,DO_NOT_MAIL
D102871,0.9092488,DO_NOT_MAIL
D117351,0.78161925,DO_NOT_MAIL
D113614,0.96827155,MAIL
D141474,0.0062974826,DO_NOT_MAIL
D122963,0.015682202,DO_NOT_MAIL
D134442,0.9554237,MAIL
D143777,0.99470407,MAIL
D135533,0.85991716,DO_NOT_MAIL
D140456,0.09052313,DO_NOT_MAIL
D140469,0.056145016,DO_NOT_MAIL
D124854,0.81654066,DO_NOT_MAIL
D131165,0.3817256,DO_NOT_MAIL
D110058,0.5410151,DO_NOT_MAIL
D119121,0.0085593825,DO_NOT_MAIL
D142849,0.11744562,DO_NOT_MAIL
D128396,0.25851044,DO_NOT_MAIL
D112047,0.9003407,DO_NOT_MAIL
D104870,0.8167604,DO_NOT_MAIL
D119832,0.04409437,DO_NOT_MAIL
D116422,0.29273427,DO_NOT_MAIL
D107208,0.9506359,DO_NOT_MAIL
D118204,0.0038139832,DO_NOT_MAIL
D112522,0.9452456,DO_NOT_MAIL
D136951,0.5788609,DO_NOT_MAIL
D117245,0.8968021,DO_NOT_MAIL
D139372,0.027062736,DO_NOT_MAIL
D130201,0.028492048,DO_NOT_MAIL
D126874,0.7304995,DO_NOT_MAIL
D130075,0.98380095,MAIL
D133955,0.04035465,DO_NOT_MAIL
D113483,0.97839326,MAIL
D109565,0.0002470434,DO_NOT_MAIL
D140706,0.007030935,DO_NOT_MAIL
D118922,0.2009062,DO_NOT_MAIL
D132561,0.8427521,DO_NOT_MAIL
D112133,0.49406993,DO_NOT_MAIL
D114196,0.9337538,DO_NOT_MAIL
D127338,0.9662585,MAIL
D108219,0.973722,MAIL
D114605,0.6690531,DO_NOT_MAIL
D135079,0.019411786,DO_NOT_MAIL
D102094,0.8764,DO_NOT_MAIL
D106711,0.0009921191,DO_NOT_MAIL
D107444,0.06987225,DO_NOT_MAIL
D129798,0.83081913,DO_NOT_MAIL
D114805,0.85481644,DO_NOT_MAIL
D128119,0.005637598,DO_NOT_MAIL
D137335,0.025014529,DO_NOT_MAIL
D142123,0.009732459,DO_NOT_MAIL
D113780,0.8165528,DO_NOT_MAIL
D130851,0.9788905,MAIL
D134543,0.8054332,DO_NOT_MAIL
D108353,0.8983231,DO_NOT_MAIL
D144228,0.005739026,DO_NOT_MAIL
D125557,0.40872267,DO_NOT_MAIL
D139048,0.0002859699,DO_NOT_MAIL
D142388,0.48666924,DO_NOT_MAIL
D119431,0.8576082,DO_NOT_MAIL
D134395,0.657778,DO_NOT_MAIL
D134014,0.094189845,DO_NOT_MAIL
D133367,0.843054,DO_NOT_MAIL
D129461,0.9105622,DO_NOT_MAIL
D118745,0.9669261,MAIL
D134752,0.9548616,MAIL
D123899,0.9781587,MAIL
D113856,0.9306288,DO_NOT_MAIL
D112253,0.87902814,DO_NOT_MAIL
D116799,0.9884421,MAIL
D111988,0.9914744,MAIL
D133916,0.9714092,MAIL
D110791,0.90564024,DO_NOT_MAIL
D120828,0.8023649,DO_NOT_MAIL
D109150,0.9278522,DO_NOT_MAIL
D107581,0.83729506,DO_NOT_MAIL
D102342,0.01699176,DO_NOT_MAIL
D102576,0.9329747,DO_NOT_MAIL
D101853,0.7412519,DO_NOT_MAIL
D116928,0.9862926,MAIL
D128642,0.8916998,DO_NOT_MAIL
D101117,0.9257085,DO_NOT_MAIL
D114133,0.9701361,MAIL
D129270,0.6765861,DO_NOT_MAIL
D105049,0.16312173,DO_NOT_MAIL
D131069,0.5179832,DO_NOT_MAIL
D107687,0.9720347,MAIL
D112833,0.90179396,DO_NOT_MAIL
D106509,0.70336944,DO_NOT_MAIL
D125178,0.30118683,DO_NOT_MAIL
D100954,0.78484243,DO_NOT_MAIL
D117347,0.8595816,DO_NOT_MAIL
D144471,0.29273427,DO_NOT_MAIL
D125866,0.85204154,DO_NOT_MAIL
D120161,0.85608035,DO_NOT_MAIL
D110507,0.9006484,DO_NOT_MAIL
D126407,0.8434482,DO_NOT_MAIL
D133952,0.6431161,DO_NOT_MAIL
D140266,0.0126634,DO_NOT_MAIL
D111933,0.0116202915,DO_NOT_MAIL
D131355,0.96000904,MAIL
D112095,0.9285023,DO_NOT_MAIL
D144433,0.81474036,DO_NOT_MAIL
D124564,0.0018545267,DO_NOT_MAIL
D116892,0.62353516,DO_NOT_MAIL
D116753,0.9337538,DO_NOT_MAIL
D103774,0.85608035,DO_NOT_MAIL
D104338,0.5943451,DO_NOT_MAIL
D117634,0.82066286,DO_NOT_MAIL
D120782,0.94418365,DO_NOT_MAIL
D125723,0.77132523,DO_NOT_MAIL
D120332,0.90179396,DO_NOT_MAIL
D125511,0.6106876,DO_NOT_MAIL
D120206,0.80390793,DO_NOT_MAIL
D107526,0.8981577,DO_NOT_MAIL
D122078,0.7392137,DO_NOT_MAIL
D130683,0.000113108974,DO_NOT_MAIL
D107324,0.89545536,DO_NOT_MAIL
D107477,0.8809452,DO_NOT_MAIL
D132197,0.5925024,DO_NOT_MAIL
D115883,0.5617754,DO_NOT_MAIL
D131590,0.9118403,DO_NOT_MAIL
D110220,0.8415551,DO_NOT_MAIL
D100107,0.005664292,DO_NOT_MAIL
D124223,0.005861803,DO_NOT_MAIL
D112015,0.9615289,MAIL
D106283,0.7518724,DO_NOT_MAIL
D127376,0.7677933,DO_NOT_MAIL
D112533,0.9271437,DO_NOT_MAIL
D117283,0.7287747,DO_NOT_MAIL
D138272,0.6158566,DO_NOT_MAIL
D105552,0.7646645,DO_NOT_MAIL
D103171,0.9274354,DO_NOT_MAIL
D128756,0.028098654,DO_NOT_MAIL
D106515,0.036705203,DO_NOT_MAIL
D137028,0.010764639,DO_NOT_MAIL
D114694,0.9763776,MAIL
D123770,0.032422926,DO_NOT_MAIL
D134694,0.9792474,MAIL
D113274,0.67464757,DO_NOT_MAIL
D124309,0.00038545096,DO_NOT_MAIL
D102479,0.001983538,DO_NOT_MAIL
D108056,0.85204154,DO_NOT_MAIL
D142083,0.009128855,DO_NOT_MAIL
D142921,0.99484515,MAIL
D143143,0.95323867,MAIL
D121811,0.8093756,DO_NOT_MAIL
D133992,0.6545905,DO_NOT_MAIL
D111847,0.9171358,DO_NOT_MAIL
D116906,0.7597075,DO_NOT_MAIL
D130608,0.9690147,MAIL
D116848,0.8555772,DO_NOT_MAIL
D117197,0.9412208,DO_NOT_MAIL
D103298,0.5617754,DO_NOT_MAIL
D105430,0.2882285,DO_NOT_MAIL
D133430,0.010869258,DO_NOT_MAIL
D134215,0.0015903248,DO_NOT_MAIL
D114167,0.118860886,DO_NOT_MAIL
D139256,0.19827218,DO_NOT_MAIL
D112132,0.9486797,DO_NOT_MAIL
D134027,0.017965848,DO_NOT_MAIL
D128414,0.8399911,DO_NOT_MAIL
D115245,0.5410151,DO_NOT_MAIL
D134855,0.6690531,DO_NOT_MAIL
D105648,0.96432096,MAIL
D124226,0.33679396,DO_NOT_MAIL
D114115,0.86891735,DO_NOT_MAIL
D136226,0.85991716,DO_NOT_MAIL
D128413,0.10667221,DO_NOT_MAIL
D106264,0.99481213,MAIL
D131160,0.008485801,DO_NOT_MAIL
D143425,0.87508804,DO_NOT_MAIL
D134984,0.7410223,DO_NOT_MAIL
D106280,0.87157553,DO_NOT_MAIL
D111654,0.70131403,DO_NOT_MAIL
D121250,0.015283258,DO_NOT_MAIL
D109701,0.9581196,MAIL
D114046,0.43585023,DO_NOT_MAIL
D110046,0.6690531,DO_NOT_MAIL
D107154,0.29350796,DO_NOT_MAIL
D137838,0.0009470468,DO_NOT_MAIL
D114818,0.00046409492,DO_NOT_MAIL
D130096,0.9788836,MAIL
D105591,0.81131417,DO_NOT_MAIL
D103273,0.95690113,MAIL
D110929,0.5410151,DO_NOT_MAIL
D108109,0.0018696631,DO_NOT_MAIL
D104902,0.42758936,DO_NOT_MAIL
D110204,0.8087358,DO_NOT_MAIL
D144525,0.94837177,DO_NOT_MAIL
D139527,0.038085774,DO_NOT_MAIL
D114940,0.8077166,DO_NOT_MAIL
D127998,0.0026859334,DO_NOT_MAIL
D113681,0.002146756,DO_NOT_MAIL
D128238,0.16442731,DO_NOT_MAIL
D126404,0.98002785,MAIL
D105914,0.7969786,DO_NOT_MAIL
D142751,0.019504488,DO_NOT_MAIL
D114492,0.6106876,DO_NOT_MAIL
D141663,0.037006423,DO_NOT_MAIL
D144427,0.9332782,DO_NOT_MAIL
D108285,0.37051606,DO_NOT_MAIL
D112491,0.94473964,DO_NOT_MAIL
D100980,0.98307866,MAIL
D131328,0.74183184,DO_NOT_MAIL
D121821,0.843054,DO_NOT_MAIL
D106643,0.7332227,DO_NOT_MAIL
D103825,0.2209807,DO_NOT_MAIL
D132005,0.9185091,DO_NOT_MAIL
D110180,0.94440866,DO_NOT_MAIL
D135659,0.002220746,DO_NOT_MAIL
D112395,0.81474036,DO_NOT_MAIL
D140111,0.009746463,DO_NOT_MAIL
D135124,0.98834795,MAIL
D126009,0.9900693,MAIL
D137654,0.028477158,DO_NOT_MAIL
D141695,0.10172041,DO_NOT_MAIL
D111278,0.002736915,DO_NOT_MAIL
D141721,0.10514643,DO_NOT_MAIL
D113862,0.99101263,MAIL
D144430,0.95568097,MAIL
D112643,0.43526915,DO_NOT_MAIL
D112790,0.45116755,DO_NOT_MAIL
D113241,0.2719016,DO_NOT_MAIL
D128210,0.05514437,DO_NOT_MAIL
D117176,0.8595816,DO_NOT_MAIL
D138305,0.013336775,DO_NOT_MAIL
D107789,0.97037226,MAIL
D126679,0.9434021,DO_NOT_MAIL
D118067,0.76219136,DO_NOT_MAIL
D108699,0.023195535,DO_NOT_MAIL
D139683,0.024131496,DO_NOT_MAIL
D116090,0.6913615,DO_NOT_MAIL
D130471,0.4615115,DO_NOT_MAIL
D126243,0.96558905,MAIL
D138177,0.21834193,DO_NOT_MAIL
D101034,0.9306288,DO_NOT_MAIL
D116391,0.6106876,DO_NOT_MAIL
D126765,0.0286211,DO_NOT_MAIL
D141442,0.08135331,DO_NOT_MAIL
D108809,0.78161925,DO_NOT_MAIL
D116151,0.2600807,DO_NOT_MAIL
D138858,0.11175584,DO_NOT_MAIL
D112700,0.11800947,DO_NOT_MAIL
D142338,0.06622308,DO_NOT_MAIL
D103032,0.22687677,DO_NOT_MAIL
D114970,0.9690147,MAIL
D141365,0.30988896,DO_NOT_MAIL
D138441,0.0044246567,DO_NOT_MAIL
D137920,0.0056338543,DO_NOT_MAIL
D116356,0.80441886,DO_NOT_MAIL
D125266,0.9698342,MAIL
D115334,0.86922854,DO_NOT_MAIL
D128035,0.016405426,DO_NOT_MAIL
D144434,0.87721014,DO_NOT_MAIL
D113013,0.69809425,DO_NOT_MAIL
D123624,0.86922854,DO_NOT_MAIL
D137178,0.9917148,MAIL
D113726,0.9462837,DO_NOT_MAIL
D110028,0.92751646,DO_NOT_MAIL
D107043,0.08506996,DO_NOT_MAIL
D137171,0.9658242,MAIL
D124758,0.63461775,DO_NOT_MAIL
D139057,0.060345765,DO_NOT_MAIL
D144124,0.5135278,DO_NOT_MAIL
D107364,0.9118403,DO_NOT_MAIL
D141570,0.41882887,DO_NOT_MAIL
D132074,0.097360246,DO_NOT_MAIL
D137662,0.977009,MAIL
D106490,0.22439893,DO_NOT_MAIL
D127901,0.16757017,DO_NOT_MAIL
D119920,0.042910457,DO_NOT_MAIL
D134578,0.9470951,DO_NOT_MAIL
D100242,0.00013342599,DO_NOT_MAIL
D103963,0.8546097,DO_NOT_MAIL
D140264,0.6908136,DO_NOT_MAIL
D102169,0.8291849,DO_NOT_MAIL
D129708,0.78250086,DO_NOT_MAIL
D103400,0.97908825,MAIL
D135914,0.027734641,DO_NOT_MAIL
D101202,0.85991716,DO_NOT_MAIL
D106511,0.0021780925,DO_NOT_MAIL
D136081,0.9768689,MAIL
D107014,0.97928065,MAIL
D124020,0.91026044,DO_NOT_MAIL
D134355,0.087353885,DO_NOT_MAIL
D121898,0.9433685,DO_NOT_MAIL
D111655,0.8881598,DO_NOT_MAIL
D123495,0.02676606,DO_NOT_MAIL
D102386,5.1076186e-05,DO_NOT_MAIL
D124420,0.70336944,DO_NOT_MAIL
D141643,0.029510994,DO_NOT_MAIL
D126755,0.8073583,DO_NOT_MAIL
D126129,0.88319796,DO_NOT_MAIL
D116404,0.06284633,DO_NOT_MAIL
D125898,0.7177682,DO_NOT_MAIL
D104834,0.7089558,DO_NOT_MAIL
D143097,0.9697879,MAIL
D128244,0.40978232,DO_NOT_MAIL
D125207,0.6106876,DO_NOT_MAIL
D120382,0.037261017,DO_NOT_MAIL
D105361,0.9715028,MAIL
D121957,0.8722838,DO_NOT_MAIL
D102982,0.97928065,MAIL
D137413,0.5410151,DO_NOT_MAIL
D136501,0.48237032,DO_NOT_MAIL
D111973,0.62353516,DO_NOT_MAIL
D135141,0.053008392,DO_NOT_MAIL
D137500,0.012724859,DO_NOT_MAIL
D108626,0.9781587,MAIL
D115074,0.9629351,MAIL
D115207,0.8981577,DO_NOT_MAIL
D115773,0.96121466,MAIL
D112384,0.9588186,MAIL
D134861,0.9942363,MAIL
D137756,0.8796726,DO_NOT_MAIL
D138869,0.024277188,DO_NOT_MAIL
D105419,0.047630116,DO_NOT_MAIL
D101367,0.718007,DO_NOT_MAIL
D112305,0.8846277,DO_NOT_MAIL
D130604,0.85608035,DO_NOT_MAIL
D144267,0.032484815,DO_NOT_MAIL
D117024,0.9337538,DO_NOT_MAIL
D110274,0.94260883,DO_NOT_MAIL
D115203,0.63461775,DO_NOT_MAIL
D103630,0.98021346,MAIL
D141530,0.04878235,DO_NOT_MAIL
D109834,0.9450459,DO_NOT_MAIL
D104345,0.9747672,MAIL
D113778,0.83709186,DO_NOT_MAIL
D125341,0.89608073,DO_NOT_MAIL
D105626,0.00043247105,DO_NOT_MAIL
D127916,0.96596277,MAIL
D138624,0.004700839,DO_NOT_MAIL
D111675,0.98895055,MAIL
D125462,0.6545905,DO_NOT_MAIL
D126627,0.056220364,DO_NOT_MAIL
D128842,0.86922854,DO_NOT_MAIL
D115463,0.3869656,DO_NOT_MAIL
D120650,0.97578216,MAIL
D141020,0.9444964,DO_NOT_MAIL
D109848,0.9458556,DO_NOT_MAIL
D122382,0.052111767,DO_NOT_MAIL
D104197,0.0012642624,DO_NOT_MAIL
D113947,0.97699124,MAIL
D110715,0.95746505,MAIL
D127431,0.9833103,MAIL
D100094,0.022508161,DO_NOT_MAIL
D102114,0.9624114,MAIL
D121222,0.037006423,DO_NOT_MAIL
D112511,0.038134553,DO_NOT_MAIL
D136162,0.02670451,DO_NOT_MAIL
D140211,0.5686324,DO_NOT_MAIL
D142906,0.2986684,DO_NOT_MAIL
D133004,0.061017927,DO_NOT_MAIL
D104694,0.850333,DO_NOT_MAIL
D104130,0.9548616,MAIL
D100605,0.81474036,DO_NOT_MAIL
D102404,0.009147373,DO_NOT_MAIL
D123677,0.8415551,DO_NOT_MAIL
D129941,0.8983231,DO_NOT_MAIL
D113533,0.96558905,MAIL
D125512,0.9914744,MAIL
D123952,0.8415551,DO_NOT_MAIL
D130644,0.0040755593,DO_NOT_MAIL
D129925,0.77132523,DO_NOT_MAIL
D125233,0.05558032,DO_NOT_MAIL
D113222,0.9092488,DO_NOT_MAIL
D110892,0.85991716,DO_NOT_MAIL
D103153,0.045664284,DO_NOT_MAIL
D115962,0.026516156,DO_NOT_MAIL
D126931,0.8968021,DO_NOT_MAIL
D107572,0.47305262,DO_NOT_MAIL
D129917,0.961997,MAIL
D131340,0.1432211,DO_NOT_MAIL
D129885,0.97441304,MAIL
D114955,0.98628366,MAIL
D135469,0.9747672,MAIL
D102922,0.9034814,DO_NOT_MAIL
D134968,0.0008503112,DO_NOT_MAIL
D139029,0.18264794,DO_NOT_MAIL
D128794,0.8555243,DO_NOT_MAIL
D109877,0.9278522,DO_NOT_MAIL
D113061,0.4104848,DO_NOT_MAIL
D119107,0.8869641,DO_NOT_MAIL
D144464,0.024267193,DO_NOT_MAIL
D144176,0.015712159,DO_NOT_MAIL
D116214,0.98287404,MAIL
D119527,0.36268032,DO_NOT_MAIL
D118370,0.9349788,DO_NOT_MAIL
D123518,0.941746,DO_NOT_MAIL
D124471,0.014489594,DO_NOT_MAIL
D119902,0.76365095,DO_NOT_MAIL
D124792,0.8427521,DO_NOT_MAIL
D100092,0.27205735,DO_NOT_MAIL
D100113,0.17858757,DO_NOT_MAIL
D130885,0.96827155,MAIL
D116443,0.93728566,DO_NOT_MAIL
D119554,0.68637264,DO_NOT_MAIL
D116948,0.9747672,MAIL
D137556,0.93471134,DO_NOT_MAIL
D107736,0.96632427,MAIL
D115713,0.8693399,DO_NOT_MAIL
D139553,0.7832587,DO_NOT_MAIL
D117294,0.6431161,DO_NOT_MAIL
D106958,0.85204154,DO_NOT_MAIL
D101837,0.92517847,DO_NOT_MAIL
D123074,0.9715028,MAIL
D111294,0.718007,DO_NOT_MAIL
D115593,0.0033287024,DO_NOT_MAIL
D103700,0.8211532,DO_NOT_MAIL
D127963,4.6690246e-05,DO_NOT_MAIL
D121365,0.98510695,MAIL
D105616,0.9606411,MAIL
D124781,0.609096,DO_NOT_MAIL
D110410,0.039313983,DO_NOT_MAIL
D140275,0.10927755,DO_NOT_MAIL
D104645,0.9638973,MAIL
D112175,0.56445444,DO_NOT_MAIL
D105695,0.9708299,MAIL
D105474,0.96827155,MAIL
D122551,0.68927664,DO_NOT_MAIL
D108064,0.9803861,MAIL
D143801,0.029306086,DO_NOT_MAIL
D143052,0.050298776,DO_NOT_MAIL
D130227,0.70131403,DO_NOT_MAIL
D112517,0.9118403,DO_NOT_MAIL
D128063,0.9658472,MAIL
D127288,0.9092488,DO_NOT_MAIL
D118550,0.9884421,MAIL
D127553,0.034944687,DO_NOT_MAIL
D100101,0.19378194,DO_NOT_MAIL
D110452,0.7969786,DO_NOT_MAIL
D139849,0.14074124,DO_NOT_MAIL
D131668,0.95690113,MAIL
D101825,0.6547513,DO_NOT_MAIL
D107819,0.059314124,DO_NOT_MAIL
D113891,0.90447336,DO_NOT_MAIL
D143601,0.12145158,DO_NOT_MAIL
D120151,0.3127211,DO_NOT_MAIL
D124481,0.02590754,DO_NOT_MAIL
D113626,0.072608575,DO_NOT_MAIL
D113056,0.3817256,DO_NOT_MAIL
D109906,0.9799463,MAIL
D141908,0.17915086,DO_NOT_MAIL
D129565,0.39178768,DO_NOT_MAIL
D140966,0.07193571,DO_NOT_MAIL
D118449,0.9259016,DO_NOT_MAIL
D139122,0.9535819,MAIL
D120100,0.100055955,DO_NOT_MAIL
D133302,0.21622536,DO_NOT_MAIL
D129320,0.38361672,DO_NOT_MAIL
D143687,0.038720805,DO_NOT_MAIL
D102691,0.9584709,MAIL
D142407,0.16290887,DO_NOT_MAIL
D144209,0.19407278,DO_NOT_MAIL
D144048,0.011695308,DO_NOT_MAIL
D120764,0.3817256,DO_NOT_MAIL
D111635,0.83081913,DO_NOT_MAIL
D143161,0.9837679,MAIL
D132495,0.86922854,DO_NOT_MAIL
D101381,0.9519325,DO_NOT_MAIL
D111729,0.8828936,DO_NOT_MAIL
D112698,0.37881243,DO_NOT_MAIL
D136826,0.55147487,DO_NOT_MAIL
D133361,0.88971186,DO_NOT_MAIL
D118681,0.9615289,MAIL
D136474,0.9463768,DO_NOT_MAIL
D127080,0.25449836,DO_NOT_MAIL
D131764,0.90989256,DO_NOT_MAIL
D142187,0.002073207,DO_NOT_MAIL
D121873,0.96137804,MAIL
D104631,0.000711429,DO_NOT_MAIL
D106880,0.2850664,DO_NOT_MAIL
D129747,0.01145934,DO_NOT_MAIL
D132416,0.9426613,DO_NOT_MAIL
D105013,0.9264471,DO_NOT_MAIL
D133534,0.9662585,MAIL
D127794,0.049323007,DO_NOT_MAIL
D116213,0.9718807,MAIL
D136840,0.37985092,DO_NOT_MAIL
D135906,0.18528983,DO_NOT_MAIL
D143821,0.0013104117,DO_NOT_MAIL
D143607,0.006501592,DO_NOT_MAIL
D129518,0.27997535,DO_NOT_MAIL
D130035,0.0109584965,DO_NOT_MAIL
D101808,0.88723224,DO_NOT_MAIL
D102687,0.66958344,DO_NOT_MAIL
D139714,0.05109388,DO_NOT_MAIL
D115110,0.9185091,DO_NOT_MAIL
D112190,0.92517847,DO_NOT_MAIL
D133300,0.007851059,DO_NOT_MAIL
D135107,0.005875415,DO_NOT_MAIL
D143565,0.14467935,DO_NOT_MAIL
D101048,0.8087358,DO_NOT_MAIL
D130316,0.09457532,DO_NOT_MAIL
D112529,0.00053847657,DO_NOT_MAIL
D121022,0.24562375,DO_NOT_MAIL
D102129,0.8291849,DO_NOT_MAIL
D143676,0.0081979185,DO_NOT_MAIL
D115260,0.87192446,DO_NOT_MAIL
D105458,0.007044737,DO_NOT_MAIL
D121461,0.96521676,MAIL
D119488,0.00030763246,DO_NOT_MAIL
D134423,0.90447336,DO_NOT_MAIL
D141683,0.010006709,DO_NOT_MAIL
D100865,0.029979995,DO_NOT_MAIL
D137587,0.26494142,DO_NOT_MAIL
D101920,0.9624114,MAIL
D122095,0.16523291,DO_NOT_MAIL
D101150,0.12619314,DO_NOT_MAIL
D100046,0.04998997,DO_NOT_MAIL
D103110,0.0039625997,DO_NOT_MAIL
D127329,0.99193174,MAIL
D141337,0.007348289,DO_NOT_MAIL
D142158,0.985187,MAIL
D101490,0.011261915,DO_NOT_MAIL
D106849,0.86891735,DO_NOT_MAIL
D136281,0.044319347,DO_NOT_MAIL
D111086,0.8576082,DO_NOT_MAIL
D122231,0.05651585,DO_NOT_MAIL
D106550,0.9781587,MAIL
D110997,0.0026087563,DO_NOT_MAIL
D133265,0.7287747,DO_NOT_MAIL
D130288,0.0034700274,DO_NOT_MAIL
D131506,0.09976243,DO_NOT_MAIL
D130715,0.0007779719,DO_NOT_MAIL
D111332,0.8989707,DO_NOT_MAIL
D103655,0.053185098,DO_NOT_MAIL
D114153,0.005807081,DO_NOT_MAIL
D117113,0.96828955,MAIL
D131075,0.8852851,DO_NOT_MAIL
D139729,0.03610702,DO_NOT_MAIL
D128512,0.831414,DO_NOT_MAIL
D143118,0.649476,DO_NOT_MAIL
D113535,0.1914983,DO_NOT_MAIL
D102548,0.2023883,DO_NOT_MAIL
D143034,0.0132282665,DO_NOT_MAIL
D100545,0.824826,DO_NOT_MAIL
D114715,0.954501,MAIL
D144213,0.0010239532,DO_NOT_MAIL
D118721,0.027889285,DO_NOT_MAIL
D102605,0.092163414,DO_NOT_MAIL
D134457,0.8054332,DO_NOT_MAIL
D116574,0.86922854,DO_NOT_MAIL
D125361,0.96000904,MAIL
D102957,0.85481644,DO_NOT_MAIL
D136543,0.98943824,MAIL
D111733,0.96184963,MAIL
D117015,0.7492648,DO_NOT_MAIL
D144301,0.27963364,DO_NOT_MAIL
D105388,0.96996504,MAIL
D143605,0.14629357,DO_NOT_MAIL
D110502,0.92521757,DO_NOT_MAIL
D143804,0.23389336,DO_NOT_MAIL
D111398,0.8989707,DO_NOT_MAIL
D112021,0.83081913,DO_NOT_MAIL
D100213,0.12096442,DO_NOT_MAIL
D111488,0.16757017,DO_NOT_MAIL
D142873,0.019782541,DO_NOT_MAIL
D127302,0.7819923,DO_NOT_MAIL
D128855,0.9101504,DO_NOT_MAIL
D118907,0.9615289,MAIL
D100115,0.3921568,DO_NOT_MAIL
D119948,0.01183978,DO_NOT_MAIL
D101956,0.9549817,MAIL
D102783,0.8576082,DO_NOT_MAIL
D125429,0.8961919,DO_NOT_MAIL
D110838,0.9747233,MAIL
D118613,0.79437804,DO_NOT_MAIL
D121746,0.8705313,DO_NOT_MAIL
D142659,0.14079164,DO_NOT_MAIL
D119803,0.95690113,MAIL
D112577,0.8546097,DO_NOT_MAIL
D105732,0.9535937,MAIL
D115592,0.13634473,DO_NOT_MAIL
D103677,0.5617754,DO_NOT_MAIL
D139392,0.08291617,DO_NOT_MAIL
D117788,0.7889207,DO_NOT_MAIL
D101470,0.0030409272,DO_NOT_MAIL
D132354,0.00760275,DO_NOT_MAIL
D139807,0.041932542,DO_NOT_MAIL
D110296,0.62193674,DO_NOT_MAIL
D106995,0.8619678,DO_NOT_MAIL
D104031,0.50528246,DO_NOT_MAIL
D117222,0.9347862,DO_NOT_MAIL
D133935,0.1583933,DO_NOT_MAIL
D119888,0.9844475,MAIL
D107048,0.7969786,DO_NOT_MAIL
D101279,0.03217117,DO_NOT_MAIL
D128744,0.43372315,DO_NOT_MAIL
D135353,0.95764256,MAIL
D140369,0.010877397,DO_NOT_MAIL
D121429,0.99329513,MAIL
D132184,0.76858586,DO_NOT_MAIL
D120412,0.40061572,DO_NOT_MAIL
D131946,0.96000904,MAIL
D101843,0.9745087,MAIL
D137350,0.8809452,DO_NOT_MAIL
D142017,0.9737138,MAIL
D124014,0.9549817,MAIL
D140938,0.099890634,DO_NOT_MAIL
D120328,0.9917236,MAIL
D127117,0.9859477,MAIL
D143327,0.09116614,DO_NOT_MAIL
D141894,0.98843634,MAIL
D103994,0.06849579,DO_NOT_MAIL
D134203,0.03335181,DO_NOT_MAIL
D136687,0.12079438,DO_NOT_MAIL
D110551,0.9101504,DO_NOT_MAIL
D125666,0.8087358,DO_NOT_MAIL
D117941,0.10276999,DO_NOT_MAIL
D109363,0.43585023,DO_NOT_MAIL
D101966,0.98828983,MAIL
D104923,0.13181172,DO_NOT_MAIL
D121385,0.96996504,MAIL
D112336,0.88879144,DO_NOT_MAIL
D137520,0.013313317,DO_NOT_MAIL
D135642,0.365004,DO_NOT_MAIL
D125839,0.007901653,DO_NOT_MAIL
D102607,0.000549651,DO_NOT_MAIL
D126842,0.8638606,DO_NOT_MAIL
D111369,0.7646645,DO_NOT_MAIL
D104348,0.14764747,DO_NOT_MAIL
D133796,0.80390793,DO_NOT_MAIL
D121421,0.25449836,DO_NOT_MAIL
D105744,0.9654538,MAIL
D135183,0.9171358,DO_NOT_MAIL
D130808,0.8555018,DO_NOT_MAIL
D110803,0.9777964,MAIL
D137259,0.92521757,DO_NOT_MAIL
D100314,0.90302545,DO_NOT_MAIL
D129891,0.7684628,DO_NOT_MAIL
D105065,0.95693064,MAIL
D140299,0.052552994,DO_NOT_MAIL
D134754,0.7677933,DO_NOT_MAIL
D138529,0.7547347,DO_NOT_MAIL
D144553,0.0062402748,DO_NOT_MAIL
D135499,0.0036147267,DO_NOT_MAIL
D141816,0.09371585,DO_NOT_MAIL
D137528,0.103625014,DO_NOT_MAIL
D127618,0.80955744,DO_NOT_MAIL
D141578,0.0044775275,DO_NOT_MAIL
D131180,0.8447092,DO_NOT_MAIL
D124070,0.9490709,DO_NOT_MAIL
D143941,0.009375622,DO_NOT_MAIL
D111420,0.28385618,DO_NOT_MAIL
D136651,0.44995996,DO_NOT_MAIL
D129528,0.96521676,MAIL
D143506,0.47461766,DO_NOT_MAIL
D144329,0.0036117432,DO_NOT_MAIL
D135454,0.81859195,DO_NOT_MAIL
D125160,0.09544713,DO_NOT_MAIL
D108767,0.92095155,DO_NOT_MAIL
D125019,0.955618,MAIL
D103025,0.83081913,DO_NOT_MAIL
D128380,0.5240692,DO_NOT_MAIL
D107087,0.9003407,DO_NOT_MAIL
D127203,0.6816522,DO_NOT_MAIL
D135946,0.009001714,DO_NOT_MAIL
D137013,0.67464757,DO_NOT_MAIL
D103810,0.121726535,DO_NOT_MAIL
D117655,0.36268032,DO_NOT_MAIL
D117771,0.96551836,MAIL
D126863,0.98628366,MAIL
D120738,0.36059743,DO_NOT_MAIL
D132210,0.8088815,DO_NOT_MAIL
D121529,0.9763776,MAIL
D122627,0.96189046,MAIL
D116903,0.70336944,DO_NOT_MAIL
D136463,0.85991716,DO_NOT_MAIL
D117852,0.9711856,MAIL
D137539,0.8881307,DO_NOT_MAIL
D105932,0.16757017,DO_NOT_MAIL
D123549,0.98380095,MAIL
D100688,0.9023609,DO_NOT_MAIL
D123465,0.7304995,DO_NOT_MAIL
D130355,0.13731469,DO_NOT_MAIL
D108388,0.9639058,MAIL
D101075,0.8987183,DO_NOT_MAIL
D118045,0.011059177,DO_NOT_MAIL
D112137,0.054594737,DO_NOT_MAIL
D130528,0.62193674,DO_NOT_MAIL
D137764,0.084437594,DO_NOT_MAIL
D113345,0.98118603,MAIL
D136498,0.9039037,DO_NOT_MAIL
D116531,0.93013823,DO_NOT_MAIL
D121500,0.9039037,DO_NOT_MAIL
D132951,0.952759,MAIL
D133768,0.28911805,DO_NOT_MAIL
D114107,0.82539433,DO_NOT_MAIL
D144377,0.03677039,DO_NOT_MAIL
D123446,0.02741613,DO_NOT_MAIL
D118855,0.016685447,DO_NOT_MAIL
D118502,0.99230194,MAIL
D120406,0.9092488,DO_NOT_MAIL
D126367,0.98628366,MAIL
D110231,0.682405,DO_NOT_MAIL
D103340,0.9690147,MAIL
D140750,0.016762612,DO_NOT_MAIL
D132908,0.97928065,MAIL
D112228,0.94260883,DO_NOT_MAIL
D124058,0.028386667,DO_NOT_MAIL
D118174,0.94078404,DO_NOT_MAIL
D112142,0.8961919,DO_NOT_MAIL
D137211,0.9212029,DO_NOT_MAIL
D127733,0.8732268,DO_NOT_MAIL
D109173,0.8809452,DO_NOT_MAIL
D116351,0.91236645,DO_NOT_MAIL
D132514,0.98068994,MAIL
D108843,0.83505756,DO_NOT_MAIL
D100142,0.0005353155,DO_NOT_MAIL
D107523,0.08037255,DO_NOT_MAIL
D106698,0.9878924,MAIL
D103967,0.9637091,MAIL
D105020,0.124912724,DO_NOT_MAIL
D105734,0.011355112,DO_NOT_MAIL
D133373,0.9720347,MAIL
D121982,0.9039037,DO_NOT_MAIL
D136598,0.8165528,DO_NOT_MAIL
D100373,0.025638461,DO_NOT_MAIL
D142317,0.295651,DO_NOT_MAIL
D138818,0.9614091,MAIL
D108701,0.9602031,MAIL
D105283,0.9225519,DO_NOT_MAIL
D106240,0.96551836,MAIL
D121956,0.9924231,MAIL
D138612,0.12275845,DO_NOT_MAIL
D131352,0.7462294,DO_NOT_MAIL
D117914,0.5520045,DO_NOT_MAIL
D123962,0.97441304,MAIL
D123567,0.9914744,MAIL
D142544,0.03440535,DO_NOT_MAIL
D134854,0.8810793,DO_NOT_MAIL
D109373,0.85204154,DO_NOT_MAIL
D123365,0.9623464,MAIL
D129728,0.0021809132,DO_NOT_MAIL
D122499,0.003665615,DO_NOT_MAIL
D114389,0.0029136103,DO_NOT_MAIL
D128595,0.036553267,DO_NOT_MAIL
D101105,0.16086282,DO_NOT_MAIL
D104574,0.8693399,DO_NOT_MAIL
D143761,0.007008994,DO_NOT_MAIL
D117194,0.66958344,DO_NOT_MAIL
D102152,0.8764,DO_NOT_MAIL
D105780,0.9349788,DO_NOT_MAIL
D139746,0.058851346,DO_NOT_MAIL
D118096,0.98021346,MAIL
D106893,0.64966017,DO_NOT_MAIL
D140313,0.030712519,DO_NOT_MAIL
D130057,0.9274354,DO_NOT_MAIL
D132528,0.6469854,DO_NOT_MAIL
D113481,0.853627,DO_NOT_MAIL
D107150,0.9834034,MAIL
D138487,0.105806366,DO_NOT_MAIL
D137510,0.056269445,DO_NOT_MAIL
D109164,0.99230194,MAIL
D129805,0.40061572,DO_NOT_MAIL
D129294,0.3921568,DO_NOT_MAIL
D116052,0.97696793,MAIL
D105214,0.3395735,DO_NOT_MAIL
D144467,0.013745629,DO_NOT_MAIL
D141760,0.51449794,DO_NOT_MAIL
D107710,0.0010920225,DO_NOT_MAIL
D142456,0.046836548,DO_NOT_MAIL
D135180,0.81474036,DO_NOT_MAIL
D141651,0.002328848,DO_NOT_MAIL
D113678,0.56445444,DO_NOT_MAIL
D123015,0.961119,MAIL
D110670,0.9377958,DO_NOT_MAIL
D111996,0.21969412,DO_NOT_MAIL
D116160,0.018720318,DO_NOT_MAIL
D142006,0.8329616,DO_NOT_MAIL
D129852,0.11362512,DO_NOT_MAIL
D111935,0.8797147,DO_NOT_MAIL
D104984,0.8881598,DO_NOT_MAIL
D136914,0.9859474,MAIL
D125403,0.00802158,DO_NOT_MAIL
D122155,0.96828955,MAIL
D133550,0.0030849809,DO_NOT_MAIL
D130607,0.000416376,DO_NOT_MAIL
D121152,0.9185091,DO_NOT_MAIL
D106153,0.19173113,DO_NOT_MAIL
D122170,0.097495824,DO_NOT_MAIL
D120067,0.90179396,DO_NOT_MAIL
D114293,0.34812516,DO_NOT_MAIL
D111554,0.9788836,MAIL
D132223,0.021986129,DO_NOT_MAIL
D111427,0.72434723,DO_NOT_MAIL
D144263,0.001494431,DO_NOT_MAIL
D109073,0.74183184,DO_NOT_MAIL
D142093,0.13719252,DO_NOT_MAIL
D127749,0.7677933,DO_NOT_MAIL
D132923,0.9259016,DO_NOT_MAIL
D118181,0.979267,MAIL
D133878,0.9118403,DO_NOT_MAIL
D100453,0.92517406,DO_NOT_MAIL
D118364,0.97271967,MAIL
D113766,0.18307056,DO_NOT_MAIL
D122750,0.98287404,MAIL
D124767,0.95764256,MAIL
D140465,0.93851066,DO_NOT_MAIL
D111053,0.9914744,MAIL
D109830,0.9667681,MAIL
D139378,0.069309585,DO_NOT_MAIL
D110837,0.97699124,MAIL
D134279120,0.9981806,MAIL
D142238,0.20380731,DO_NOT_MAIL
D141597,0.0178619,DO_NOT_MAIL
D144572,0.076985955,DO_NOT_MAIL
D116874,0.051882304,DO_NOT_MAIL
D134733,0.45270386,DO_NOT_MAIL
D105044,0.57993066,DO_NOT_MAIL
D106562,0.52293885,DO_NOT_MAIL
D108223,0.992894,MAIL
D132176,0.4186446,DO_NOT_MAIL
D142200,0.045558255,DO_NOT_MAIL
D105331,0.92709506,DO_NOT_MAIL
D130387,0.5399626,DO_NOT_MAIL
D140713,0.08835479,DO_NOT_MAIL
D110141,0.020058282,DO_NOT_MAIL
D109734,0.9807895,MAIL
D143585,0.019172044,DO_NOT_MAIL
D113889,0.00065850094,DO_NOT_MAIL
D144173,0.012936768,DO_NOT_MAIL
D130722,0.23783234,DO_NOT_MAIL
D116022,0.9803861,MAIL
D135753,0.96373117,MAIL
D142680,0.0015101194,DO_NOT_MAIL
D122457,0.8576082,DO_NOT_MAIL
D126453,0.020977179,DO_NOT_MAIL
D100882,0.96176934,MAIL
D102482,0.11267816,DO_NOT_MAIL
D134909,0.0023040487,DO_NOT_MAIL
D125561,0.83830553,DO_NOT_MAIL
D132990,0.8595816,DO_NOT_MAIL
D122080,0.05593574,DO_NOT_MAIL
D132468,0.9257085,DO_NOT_MAIL
D143096,0.2520822,DO_NOT_MAIL
D144034,0.0020703645,DO_NOT_MAIL
D121795,0.8332882,DO_NOT_MAIL
D143233,0.428739,DO_NOT_MAIL
D113873,0.9642926,MAIL
D113143,0.96521676,MAIL
D126140,0.70873696,DO_NOT_MAIL
D122997,0.9803861,MAIL
D126880,0.8659051,DO_NOT_MAIL
D127018,0.9377958,DO_NOT_MAIL
D134927,0.006543033,DO_NOT_MAIL
D121605,0.8536362,DO_NOT_MAIL
D101126,0.87647635,DO_NOT_MAIL
D139341,0.8274799,DO_NOT_MAIL
D110313,0.02181032,DO_NOT_MAIL
D112402,0.88723224,DO_NOT_MAIL
D120639,0.99335337,MAIL
D130261,0.8619678,DO_NOT_MAIL
D131317,0.9554237,MAIL
D129402,0.98628366,MAIL
D128372,0.004794471,DO_NOT_MAIL
D118442,0.86922854,DO_NOT_MAIL
D124467,0.046647053,DO_NOT_MAIL
D106882,0.94473964,DO_NOT_MAIL
D123887,0.9588186,MAIL
D138757,0.36788088,DO_NOT_MAIL
D113584,0.8638606,DO_NOT_MAIL
D140727,0.01726167,DO_NOT_MAIL
D110993,0.6106876,DO_NOT_MAIL
D129084,0.7480704,DO_NOT_MAIL
D102646,0.2394468,DO_NOT_MAIL
D144085,0.0031522515,DO_NOT_MAIL
D139742,0.23361617,DO_NOT_MAIL
D143563,0.9508292,DO_NOT_MAIL
D103953,0.034293063,DO_NOT_MAIL
D131104,0.17606644,DO_NOT_MAIL
D140653,0.06287014,DO_NOT_MAIL
D126388,0.07332703,DO_NOT_MAIL
D137034,0.8546097,DO_NOT_MAIL
D128302,0.93471134,DO_NOT_MAIL
D108641,0.9418153,DO_NOT_MAIL
D103752,0.9452333,DO_NOT_MAIL
D114916,0.9781587,MAIL
D137360,0.007282056,DO_NOT_MAIL
D109729,0.5410151,DO_NOT_MAIL
D100832,0.7287747,DO_NOT_MAIL
D106414,0.9656056,MAIL
D122159,0.824826,DO_NOT_MAIL
D118793,0.93909353,DO_NOT_MAIL
D126422,0.95227355,MAIL
D110647,0.93806165,DO_NOT_MAIL
D142637,0.024292108,DO_NOT_MAIL
D136713,0.9597997,MAIL
D136627,9.077555e-05,DO_NOT_MAIL
D119465,0.76219136,DO_NOT_MAIL
D134590,0.6690531,DO_NOT_MAIL
D106377,0.011125522,DO_NOT_MAIL
D115983,0.9733251,MAIL
D140968,0.34128135,DO_NOT_MAIL
D125399,0.3238702,DO_NOT_MAIL
D125627,0.5243425,DO_NOT_MAIL
D118328,0.8472271,DO_NOT_MAIL
D137255,0.7889207,DO_NOT_MAIL
D117961,0.02379759,DO_NOT_MAIL
D133013,0.9685309,MAIL
D132351,0.69827545,DO_NOT_MAIL
D112006,0.9025419,DO_NOT_MAIL
D116913,0.7236768,DO_NOT_MAIL
D142056,0.54690963,DO_NOT_MAIL
D125769,0.8881307,DO_NOT_MAIL
D134409,0.10165697,DO_NOT_MAIL
D136569,0.86032593,DO_NOT_MAIL
D133365,0.73969823,DO_NOT_MAIL
D133199,0.86343324,DO_NOT_MAIL
D105343,0.824826,DO_NOT_MAIL
D136404,0.50641704,DO_NOT_MAIL
D111800,0.9105622,DO_NOT_MAIL
D112662,0.5247358,DO_NOT_MAIL
D120859,0.9554237,MAIL
D131031,0.013766487,DO_NOT_MAIL
D126346,0.7236768,DO_NOT_MAIL
D124456,0.0053580585,DO_NOT_MAIL
D144529,0.000946653,DO_NOT_MAIL
D140800,0.22184967,DO_NOT_MAIL
D113765,0.6106876,DO_NOT_MAIL
D118131,0.86922854,DO_NOT_MAIL
D129089,0.07356388,DO_NOT_MAIL
D134318,0.992488,MAIL
D116431,0.89545536,DO_NOT_MAIL
D106046,0.7304995,DO_NOT_MAIL
D105282,0.9928167,MAIL
D135006,0.8619678,DO_NOT_MAIL
D103447,0.9003407,DO_NOT_MAIL
D114626,0.5821703,DO_NOT_MAIL
D143393,0.38168395,DO_NOT_MAIL
D122848,0.99481213,MAIL
D137540,0.961997,MAIL
D142012,0.004912489,DO_NOT_MAIL
D131303,0.006102526,DO_NOT_MAIL
D105016,0.8598931,DO_NOT_MAIL
D141575,0.07399599,DO_NOT_MAIL
D142929,0.007181504,DO_NOT_MAIL
D125433,0.054288436,DO_NOT_MAIL
D106271,0.001869833,DO_NOT_MAIL
D126844,0.030642541,DO_NOT_MAIL
D106986,0.6816522,DO_NOT_MAIL
D118004,0.9401205,DO_NOT_MAIL
D110079,0.008443256,DO_NOT_MAIL
D122670,0.061590597,DO_NOT_MAIL
D143144,0.028024655,DO_NOT_MAIL
D128749,0.006081683,DO_NOT_MAIL
D116912,0.88891864,DO_NOT_MAIL
D103758,0.034235224,DO_NOT_MAIL
D106595,0.4062145,DO_NOT_MAIL
D114757,0.9332782,DO_NOT_MAIL
D109540,0.06982801,DO_NOT_MAIL
D102033,0.20662405,DO_NOT_MAIL
D138543,0.36600897,DO_NOT_MAIL
D138041,0.9766947,MAIL
D144324,0.0010330029,DO_NOT_MAIL
D132234,0.9009107,DO_NOT_MAIL
D139296,0.9960418,MAIL
D113063,0.8079498,DO_NOT_MAIL
D110373,0.96617204,MAIL
D114403,0.9914619,MAIL
D115377,0.92751646,DO_NOT_MAIL
D134029,0.009167219,DO_NOT_MAIL
D106540,0.093252085,DO_NOT_MAIL
D124942,0.9758908,MAIL
D105872,0.79660517,DO_NOT_MAIL
D140331,0.008329738,DO_NOT_MAIL
D124059,0.0055631306,DO_NOT_MAIL
D138642,0.17248061,DO_NOT_MAIL
D124084,0.3001886,DO_NOT_MAIL
D120442,0.82409686,DO_NOT_MAIL
D138104,0.8881598,DO_NOT_MAIL
D113934,0.8120944,DO_NOT_MAIL
D121057,0.8846277,DO_NOT_MAIL
D124348,0.86922854,DO_NOT_MAIL
D138604,0.2501214,DO_NOT_MAIL
D107116,0.8968021,DO_NOT_MAIL
D133417,0.29273427,DO_NOT_MAIL
D112919,0.81474036,DO_NOT_MAIL
D139544,0.19827218,DO_NOT_MAIL
D127151,0.98580605,MAIL
D110740,0.9588186,MAIL
D102606,0.0027814645,DO_NOT_MAIL
D102992,0.97877216,MAIL
D100382,0.012692699,DO_NOT_MAIL
D108715,0.8611976,DO_NOT_MAIL
D102084,0.528885,DO_NOT_MAIL
D128260,0.0411451,DO_NOT_MAIL
D109460,0.5753784,DO_NOT_MAIL
D119739,0.824826,DO_NOT_MAIL
D117929,0.16757017,DO_NOT_MAIL
D137939,0.016673716,DO_NOT_MAIL
D141785,0.0020697038,DO_NOT_MAIL
D141855,0.043370694,DO_NOT_MAIL
D113902,0.9876754,MAIL
D122044,0.9716717,MAIL
D107624,0.9332782,DO_NOT_MAIL
D139064,0.046446107,DO_NOT_MAIL
D122087,0.8968021,DO_NOT_MAIL
D114467,0.93728566,DO_NOT_MAIL
D134060,0.68927664,DO_NOT_MAIL
D126381,0.0057428195,DO_NOT_MAIL
D107597,0.9349788,DO_NOT_MAIL
D115839,0.96121466,MAIL
D109382,0.9881572,MAIL
D140084,0.4176498,DO_NOT_MAIL
D135761,0.89545536,DO_NOT_MAIL
D125538,0.9610854,MAIL
D121881,0.030261634,DO_NOT_MAIL
D101738,0.3238702,DO_NOT_MAIL
D117576,0.97877216,MAIL
D109189,0.078447536,DO_NOT_MAIL
D143200,0.019858608,DO_NOT_MAIL
D132874,0.6545905,DO_NOT_MAIL
D117322,0.7597075,DO_NOT_MAIL
D109135,0.5399626,DO_NOT_MAIL
D130312,0.96245515,MAIL
D122420,0.9901058,MAIL
D109904,0.94418365,DO_NOT_MAIL
D130431,0.074336395,DO_NOT_MAIL
D129207,0.0079987785,DO_NOT_MAIL
D102531,0.8833835,DO_NOT_MAIL
D112277,0.9377958,DO_NOT_MAIL
D135793,0.29614478,DO_NOT_MAIL
D100350,0.025905715,DO_NOT_MAIL
D117803,0.9548616,MAIL
D107069,0.33995467,DO_NOT_MAIL
D138109,0.0097819455,DO_NOT_MAIL
D139743,0.17865139,DO_NOT_MAIL
D127635,0.7819923,DO_NOT_MAIL
D116636,0.97696793,MAIL
D132316,0.07062472,DO_NOT_MAIL
D117298,0.25449836,DO_NOT_MAIL
D110473,0.80627024,DO_NOT_MAIL
D101646,0.9105622,DO_NOT_MAIL
D124847,0.024511741,DO_NOT_MAIL
D102370,0.0009806349,DO_NOT_MAIL
D122675,0.657778,DO_NOT_MAIL
D127100,0.79660517,DO_NOT_MAIL
D103791,0.12534158,DO_NOT_MAIL
D106049,0.8602647,DO_NOT_MAIL
D126515,0.99001616,MAIL
D123904,0.96996504,MAIL
D115052,0.0021699695,DO_NOT_MAIL
D111350,0.824826,DO_NOT_MAIL
D137618,0.012492635,DO_NOT_MAIL
D134283,0.7177682,DO_NOT_MAIL
D110226,0.046810117,DO_NOT_MAIL
D106690,0.0007379903,DO_NOT_MAIL
D104417,0.45316285,DO_NOT_MAIL
D141197,0.14317656,DO_NOT_MAIL
D134572,0.097478546,DO_NOT_MAIL
D106477,0.041600045,DO_NOT_MAIL
D130660,0.8693399,DO_NOT_MAIL
D138079,0.0008441359,DO_NOT_MAIL
D115083,0.37985092,DO_NOT_MAIL
D114338,0.8545162,DO_NOT_MAIL
D101668,0.977445,MAIL
D121723,0.9333508,DO_NOT_MAIL
D113393,0.10024602,DO_NOT_MAIL
D132911,0.8546097,DO_NOT_MAIL
D113572,0.9463768,DO_NOT_MAIL
D128639,0.8073583,DO_NOT_MAIL
D110407,0.9498495,DO_NOT_MAIL
D110783,0.9333508,DO_NOT_MAIL
D112322,0.3817256,DO_NOT_MAIL
D134345,0.97171783,MAIL
D135889,0.9777964,MAIL
D109319,0.15354834,DO_NOT_MAIL
D109513,0.009249756,DO_NOT_MAIL
D131188,0.21025038,DO_NOT_MAIL
D104909,0.7177682,DO_NOT_MAIL
D142185,0.11007099,DO_NOT_MAIL
D127048,0.09059805,DO_NOT_MAIL
D137807,0.89742553,DO_NOT_MAIL
D141555,0.07223554,DO_NOT_MAIL
D116451,0.010924939,DO_NOT_MAIL
D141231,0.9059655,DO_NOT_MAIL
D107625,0.23248442,DO_NOT_MAIL
D132400,0.99001616,MAIL
D129472,0.5121561,DO_NOT_MAIL
D115649,0.9274354,DO_NOT_MAIL
D129718,0.9508744,DO_NOT_MAIL
D102134,0.98332673,MAIL
D115912,0.9639058,MAIL
D137694,0.007703637,DO_NOT_MAIL
D112656,0.9777964,MAIL
D129878,0.9676331,MAIL
D107611,0.16883516,DO_NOT_MAIL
D103454,0.15919921,DO_NOT_MAIL
D110656,0.9412208,DO_NOT_MAIL
D118223,0.8536362,DO_NOT_MAIL
D133698,0.92808574,DO_NOT_MAIL
D103320,0.02069057,DO_NOT_MAIL
D116487,0.6545905,DO_NOT_MAIL
D139696,0.99588937,MAIL
D124744,0.040736526,DO_NOT_MAIL
D144491,0.9450757,DO_NOT_MAIL
D103277,0.8698155,DO_NOT_MAIL
D125043,0.0039902003,DO_NOT_MAIL
D120410,0.95764256,MAIL
D134376,0.20673329,DO_NOT_MAIL
D122541,0.0210067,DO_NOT_MAIL
D128661,0.98816675,MAIL
D121092,0.9869551,MAIL
D117853,0.0012645978,DO_NOT_MAIL
D134863,0.843054,DO_NOT_MAIL
D121299,0.6803996,DO_NOT_MAIL
D128000,0.5248851,DO_NOT_MAIL
D129491,0.3358795,DO_NOT_MAIL
D120517,0.958693,MAIL
D102468,0.0067354892,DO_NOT_MAIL
D133064,0.5410151,DO_NOT_MAIL
D102021,0.62353516,DO_NOT_MAIL
D118462,0.98631525,MAIL
D123646,0.831485,DO_NOT_MAIL
D117642,0.04189156,DO_NOT_MAIL
D116878,0.95827425,MAIL
D131337,0.5195254,DO_NOT_MAIL
D114550,0.01790452,DO_NOT_MAIL
D132469,0.85204154,DO_NOT_MAIL
D110796,0.16907766,DO_NOT_MAIL
D113550,0.0019803103,DO_NOT_MAIL
D142386,0.01710191,DO_NOT_MAIL
D122444,0.9441003,DO_NOT_MAIL
D132570,0.35265338,DO_NOT_MAIL
D114711,0.9901883,MAIL
D120929,0.78161925,DO_NOT_MAIL
D132762,0.718007,DO_NOT_MAIL
D138881,0.42011383,DO_NOT_MAIL
D125525,0.9950658,MAIL
D106106,0.9642926,MAIL
D130001,0.9930698,MAIL
D124860,0.8427521,DO_NOT_MAIL
D128937,0.89545536,DO_NOT_MAIL
D131799,0.40245193,DO_NOT_MAIL
D112033,0.6792658,DO_NOT_MAIL
D130818,0.92679274,DO_NOT_MAIL
D133383,0.06744792,DO_NOT_MAIL
D123822,0.96000904,MAIL
D102247,0.0116030155,DO_NOT_MAIL
D143765,0.0027881106,DO_NOT_MAIL
D121784,0.9426468,DO_NOT_MAIL
D100896,0.00040801612,DO_NOT_MAIL
D125435,0.5924709,DO_NOT_MAIL
D121728,0.9581196,MAIL
D114363,0.9844475,MAIL
D142541,0.044084925,DO_NOT_MAIL
D118634,0.68927664,DO_NOT_MAIL
D119172,0.93471134,DO_NOT_MAIL
D115513,0.81474036,DO_NOT_MAIL
D134718,0.35888764,DO_NOT_MAIL
D140466,0.19453305,DO_NOT_MAIL
D117519,0.97171783,MAIL
D119751,0.9838995,MAIL
D105770,0.8472271,DO_NOT_MAIL
D106473,0.9274354,DO_NOT_MAIL
D120251,0.40978232,DO_NOT_MAIL
D136575,0.9623464,MAIL
D108185,0.9552332,MAIL
D121014,0.971221,MAIL
D115363,0.017443376,DO_NOT_MAIL
D113944,0.7287747,DO_NOT_MAIL
D117619,0.90179396,DO_NOT_MAIL
D136339,0.35404307,DO_NOT_MAIL
D130673,0.8434482,DO_NOT_MAIL
D122837,0.043606076,DO_NOT_MAIL
D101845,0.6713238,DO_NOT_MAIL
D123739,0.8780275,DO_NOT_MAIL
D116555,0.80390793,DO_NOT_MAIL
D138913,0.012254076,DO_NOT_MAIL
D113970,0.7597075,DO_NOT_MAIL
D119810,0.20232578,DO_NOT_MAIL
D104189,0.94418365,DO_NOT_MAIL
D109023,0.24307653,DO_NOT_MAIL
D111535,0.961119,MAIL
D112922,0.47305262,DO_NOT_MAIL
D138115,0.9880426,MAIL
D116862,0.8698155,DO_NOT_MAIL
D105104,0.5586446,DO_NOT_MAIL
D131839,0.8652351,DO_NOT_MAIL
D130194,0.85204154,DO_NOT_MAIL
D100898,0.020281851,DO_NOT_MAIL
D107433,0.7745615,DO_NOT_MAIL
D118701,0.9793005,MAIL
D143120,0.9034195,DO_NOT_MAIL
D122135,0.7287747,DO_NOT_MAIL
D105023,0.961997,MAIL
D127328,0.83729506,DO_NOT_MAIL
D114996,0.0068376027,DO_NOT_MAIL
D115407,0.96632427,MAIL
D111724,0.15188543,DO_NOT_MAIL
D120637,0.9101504,DO_NOT_MAIL
D143292,0.048476458,DO_NOT_MAIL
D100173,0.03325291,DO_NOT_MAIL
D131356,0.01679944,DO_NOT_MAIL
D115185,0.6106876,DO_NOT_MAIL
D127581,0.9390697,DO_NOT_MAIL
D140141,0.94456595,DO_NOT_MAIL
D138519,0.068988316,DO_NOT_MAIL
D111851,0.72792023,DO_NOT_MAIL
D116483,0.9009107,DO_NOT_MAIL
D133401,0.954501,MAIL
D121818,0.030208515,DO_NOT_MAIL
D106730,0.014479126,DO_NOT_MAIL
D128088,0.40761298,DO_NOT_MAIL
D143517,0.8252702,DO_NOT_MAIL
D131971,0.9469066,DO_NOT_MAIL
D135732,0.973897,MAIL
D107649,0.72434723,DO_NOT_MAIL
D137359,0.9792474,MAIL
D122556,0.718007,DO_NOT_MAIL
D136107,0.12464643,DO_NOT_MAIL
D115600,0.0012895063,DO_NOT_MAIL
D122552,0.0044129216,DO_NOT_MAIL
D139248,0.2392827,DO_NOT_MAIL
D101046,0.9306288,DO_NOT_MAIL
D104408,0.881872,DO_NOT_MAIL
D110842,0.67464757,DO_NOT_MAIL
D104448,0.8987183,DO_NOT_MAIL
D132063,0.039017424,DO_NOT_MAIL
D100963,0.70989704,DO_NOT_MAIL
D140438,0.006839643,DO_NOT_MAIL
D118229,0.96137804,MAIL
D131977,0.013481302,DO_NOT_MAIL
D144177,0.05683228,DO_NOT_MAIL
D136776,0.9101504,DO_NOT_MAIL
D143353,0.00019477525,DO_NOT_MAIL
D112880,0.9009107,DO_NOT_MAIL
D130290,0.9654538,MAIL
D105902,0.7332227,DO_NOT_MAIL
D107252,0.59845084,DO_NOT_MAIL
D100515,0.022659287,DO_NOT_MAIL
D131789,0.8472271,DO_NOT_MAIL
D127615,0.8415551,DO_NOT_MAIL
D140333,0.07335842,DO_NOT_MAIL
D113205,0.8984662,DO_NOT_MAIL
D120440,0.000853392,DO_NOT_MAIL
D134160,0.9329747,DO_NOT_MAIL
D117435,0.9629351,MAIL
D102641,0.97982794,MAIL
D131083,0.13451114,DO_NOT_MAIL
D139259,0.2300214,DO_NOT_MAIL
D107132,0.003998918,DO_NOT_MAIL
D122168,0.03595258,DO_NOT_MAIL
D106934,0.97928065,MAIL
D104790,0.0037954599,DO_NOT_MAIL
D142878,0.007782749,DO_NOT_MAIL
D117563,0.657778,DO_NOT_MAIL
D100169,0.6641734,DO_NOT_MAIL
D118303,0.93471134,DO_NOT_MAIL
D135705,0.085287176,DO_NOT_MAIL
D123364,0.98943824,MAIL
D123123,0.43099502,DO_NOT_MAIL
D120910,0.98377293,MAIL
D121342,0.06559091,DO_NOT_MAIL
D141239,0.0113225365,DO_NOT_MAIL
D112234,0.86043465,DO_NOT_MAIL
D112289,0.95568097,MAIL
D137812,0.24339512,DO_NOT_MAIL
D113185,0.034940723,DO_NOT_MAIL
D105428,0.02492209,DO_NOT_MAIL
D108742,0.026559956,DO_NOT_MAIL
D126872,0.14274171,DO_NOT_MAIL
D140113,0.08132827,DO_NOT_MAIL
D137250,0.29273427,DO_NOT_MAIL
D122184,0.0174228,DO_NOT_MAIL
D108069,0.47663742,DO_NOT_MAIL
D127681,0.98580605,MAIL
D118921,0.8595816,DO_NOT_MAIL
D142432,0.0006277945,DO_NOT_MAIL
D109969,0.0055414443,DO_NOT_MAIL
D114910,0.98946196,MAIL
D128072,0.66697764,DO_NOT_MAIL
D125648,0.831485,DO_NOT_MAIL
D133126,0.8986892,DO_NOT_MAIL
D128530,0.96551836,MAIL
D112998,0.92709506,DO_NOT_MAIL
D114890,0.0638776,DO_NOT_MAIL
D121239,0.8575602,DO_NOT_MAIL
D118012,0.87192446,DO_NOT_MAIL
D116830,0.0150843775,DO_NOT_MAIL
D129843,0.013415342,DO_NOT_MAIL
D110911,0.9498495,DO_NOT_MAIL
D133918,0.019887498,DO_NOT_MAIL
D113351,0.25449836,DO_NOT_MAIL
D114888,0.93013823,DO_NOT_MAIL
D107472,0.9675739,MAIL
D101038,0.96121466,MAIL
D120881,0.43585023,DO_NOT_MAIL
D105730,0.9062348,DO_NOT_MAIL
D117110,0.92709506,DO_NOT_MAIL
D102945,0.090003364,DO_NOT_MAIL
D106676,0.011534232,DO_NOT_MAIL
D141146,0.959864,MAIL
D118919,0.7969786,DO_NOT_MAIL
D122643,0.0019126767,DO_NOT_MAIL
D112697,0.9006484,DO_NOT_MAIL
D117650,0.9763776,MAIL
D138747,0.11540898,DO_NOT_MAIL
D113641,0.21548468,DO_NOT_MAIL
D100844,0.9912908,MAIL
D103885,0.4589601,DO_NOT_MAIL
D133801,0.08414951,DO_NOT_MAIL
D121985,0.5586088,DO_NOT_MAIL
D124170,0.067688994,DO_NOT_MAIL
D116933,0.9434021,DO_NOT_MAIL
D138125,0.002490514,DO_NOT_MAIL
D116254,0.40978232,DO_NOT_MAIL
D122804,0.19809788,DO_NOT_MAIL
D109036,0.78161925,DO_NOT_MAIL
D101215,0.70989704,DO_NOT_MAIL
D128806,0.03696953,DO_NOT_MAIL
D105383,0.8983231,DO_NOT_MAIL
D100662,0.8332882,DO_NOT_MAIL
D107006,0.20632622,DO_NOT_MAIL
D139197,0.30211565,DO_NOT_MAIL
D141798,0.15584189,DO_NOT_MAIL
D135254,0.969508,MAIL
D100738,0.62775874,DO_NOT_MAIL
D135621,0.9799463,MAIL
D129546,0.9009107,DO_NOT_MAIL
D126822,0.6184372,DO_NOT_MAIL
D126514,0.96827155,MAIL
D139229,0.19718292,DO_NOT_MAIL
D116658,0.9781587,MAIL
D126561,0.7568137,DO_NOT_MAIL
D121436,0.8881307,DO_NOT_MAIL
D131939,0.99187404,MAIL
D104175,0.8986892,DO_NOT_MAIL
D103386,0.96996504,MAIL
D126651,0.02247548,DO_NOT_MAIL
D136613,0.012304112,DO_NOT_MAIL
D101952,0.80955744,DO_NOT_MAIL
D138215,0.9334319,DO_NOT_MAIL
D141293,0.100265935,DO_NOT_MAIL
D130967,0.88319796,DO_NOT_MAIL
D108332,0.9177313,DO_NOT_MAIL
D143634,0.0021859414,DO_NOT_MAIL
D122144,0.88319796,DO_NOT_MAIL
D130630,0.6545905,DO_NOT_MAIL
D130354,0.0005412326,DO_NOT_MAIL
D133960,0.17834571,DO_NOT_MAIL
D104044,0.9776127,MAIL
D131768,0.9715028,MAIL
D106767,0.71599865,DO_NOT_MAIL
D108437,0.96294856,MAIL
D114717,0.6690531,DO_NOT_MAIL
D127748,0.9799463,MAIL
D101546,0.41064185,DO_NOT_MAIL
D130782,0.008560613,DO_NOT_MAIL
D126943,0.9701361,MAIL
D127583,0.9332782,DO_NOT_MAIL
D114130,0.88971186,DO_NOT_MAIL
D137379,0.6898969,DO_NOT_MAIL
D110603,0.9358564,DO_NOT_MAIL
D104889,0.94245774,DO_NOT_MAIL
D121748,0.038781807,DO_NOT_MAIL
D139128,0.85642016,DO_NOT_MAIL
D107164,0.007104496,DO_NOT_MAIL
D111425,0.8987183,DO_NOT_MAIL
D100803,0.9009107,DO_NOT_MAIL
D106029,0.8981577,DO_NOT_MAIL
D134094,0.97963756,MAIL
D131487,0.9554237,MAIL
D105004,0.19893156,DO_NOT_MAIL
D128591,0.9118403,DO_NOT_MAIL
D124902,0.9942363,MAIL
D131637,0.07688295,DO_NOT_MAIL
D106901,0.39127955,DO_NOT_MAIL
D121940,0.37881243,DO_NOT_MAIL
D110192,0.06515255,DO_NOT_MAIL
D108466,0.9278522,DO_NOT_MAIL
D144556,0.8987092,DO_NOT_MAIL
D128003,0.81131417,DO_NOT_MAIL
D111558,0.96626717,MAIL
D121102,0.8276394,DO_NOT_MAIL
D118478,0.97152454,MAIL
D101497,0.8546097,DO_NOT_MAIL
D123941,0.94612527,DO_NOT_MAIL
D107583,0.7684628,DO_NOT_MAIL
D138921,0.0045094695,DO_NOT_MAIL
D143535,0.14720419,DO_NOT_MAIL
D104013,0.30495122,DO_NOT_MAIL
D105301,0.36268032,DO_NOT_MAIL
D127839,0.06411019,DO_NOT_MAIL
D109880,0.43585023,DO_NOT_MAIL
D129568,0.47663742,DO_NOT_MAIL
D126043,0.96176934,MAIL
D123535,0.992894,MAIL
D133899,0.07284353,DO_NOT_MAIL
D134505,0.8978845,DO_NOT_MAIL
D111657,0.10200099,DO_NOT_MAIL
D131109,0.015363011,DO_NOT_MAIL
D113711,0.9550682,MAIL
D136256,0.9762113,MAIL
D132606,0.06254993,DO_NOT_MAIL
D111895,0.37099186,DO_NOT_MAIL
D129834,0.7887313,DO_NOT_MAIL
D114847,0.98946196,MAIL
D144348,0.6291202,DO_NOT_MAIL
D133683,0.004276935,DO_NOT_MAIL
D104989,0.21577404,DO_NOT_MAIL
D111977,0.88723224,DO_NOT_MAIL
D122898,0.0035689333,DO_NOT_MAIL
D126143,0.4615115,DO_NOT_MAIL
D135019,0.040922184,DO_NOT_MAIL
D107012,0.9490709,DO_NOT_MAIL
D118762,0.90447336,DO_NOT_MAIL
D107104,0.9724357,MAIL
D105620,0.881872,DO_NOT_MAIL
D117289,0.8073583,DO_NOT_MAIL
D112338,0.70909077,DO_NOT_MAIL
D117809,0.006481637,DO_NOT_MAIL
D101325,0.8332882,DO_NOT_MAIL
D136307,0.83709186,DO_NOT_MAIL
D116979,0.78538567,DO_NOT_MAIL
D116115,0.92517406,DO_NOT_MAIL
D110289,0.8054332,DO_NOT_MAIL
D101779,0.0066738985,DO_NOT_MAIL
D119999,0.7677933,DO_NOT_MAIL
D107914,0.97298795,MAIL
D105082,0.56445444,DO_NOT_MAIL
D100598,0.12890473,DO_NOT_MAIL
D122912,0.9006484,DO_NOT_MAIL
D108770,0.70336944,DO_NOT_MAIL
D111385,0.977738,MAIL
D104548,0.00019160625,DO_NOT_MAIL
D120492,0.96827155,MAIL
D118009,0.9118403,DO_NOT_MAIL
D139390,0.026652142,DO_NOT_MAIL
D119439,0.82409686,DO_NOT_MAIL
D103593,0.18186218,DO_NOT_MAIL
D117490,0.9490709,DO_NOT_MAIL
D115241,0.98377293,MAIL
D122553,0.6808675,DO_NOT_MAIL
D114337,0.0035709145,DO_NOT_MAIL
D139568,0.20592488,DO_NOT_MAIL
D128551,0.83729506,DO_NOT_MAIL
D130850,0.9711856,MAIL
D106002,0.003665967,DO_NOT_MAIL
D143998,0.0021778615,DO_NOT_MAIL
D101925,0.8659051,DO_NOT_MAIL
D119178,0.049135134,DO_NOT_MAIL
D100053,0.47304735,DO_NOT_MAIL
D131664,0.9349788,DO_NOT_MAIL
D114092,0.015174334,DO_NOT_MAIL
D143842,0.06648494,DO_NOT_MAIL
D115896,0.9642926,MAIL
D120921,0.33730784,DO_NOT_MAIL
D107853,0.004408782,DO_NOT_MAIL
D140818,0.11302327,DO_NOT_MAIL
D143454,0.0013595239,DO_NOT_MAIL
D131162,0.008299695,DO_NOT_MAIL
D136588,0.07577018,DO_NOT_MAIL
D142521,0.5222905,DO_NOT_MAIL
D141103,0.27015376,DO_NOT_MAIL
D137790,0.00019085921,DO_NOT_MAIL
D131033,0.6816522,DO_NOT_MAIL
D130513,0.24107052,DO_NOT_MAIL
D112838,0.5410151,DO_NOT_MAIL
D131792,0.9866388,MAIL
D144619,0.0893957,DO_NOT_MAIL
D115111,0.008742933,DO_NOT_MAIL
D108589,0.21988787,DO_NOT_MAIL
D105271,0.05934603,DO_NOT_MAIL
D107504,0.0013378533,DO_NOT_MAIL
D123160,0.7749926,DO_NOT_MAIL
D131881,0.20678376,DO_NOT_MAIL
D144611,0.029601501,DO_NOT_MAIL
D107108,0.9290283,DO_NOT_MAIL
D104964,0.017153975,DO_NOT_MAIL
D115116,0.032132685,DO_NOT_MAIL
D142501,0.055339858,DO_NOT_MAIL
D102905,0.0020309214,DO_NOT_MAIL
D118683,0.97019583,MAIL
D101793,0.88723224,DO_NOT_MAIL
D115818,0.8276394,DO_NOT_MAIL
D109602,0.06302415,DO_NOT_MAIL
D116855,0.9185091,DO_NOT_MAIL
D123274,0.83729506,DO_NOT_MAIL
D122485,0.6690531,DO_NOT_MAIL
D125487,0.80390793,DO_NOT_MAIL
D134746,0.9232493,DO_NOT_MAIL
D124440,0.7784048,DO_NOT_MAIL
D128248,0.01974811,DO_NOT_MAIL
D105688,0.059642743,DO_NOT_MAIL
D125416,0.98002785,MAIL
D115821,0.004928442,DO_NOT_MAIL
D117206,0.9736867,MAIL
D141372,0.9789641,MAIL
D142373,0.010461358,DO_NOT_MAIL
D115888,0.24341318,DO_NOT_MAIL
D131339,0.98002785,MAIL
D107958,0.9185091,DO_NOT_MAIL
D107124,0.6725385,DO_NOT_MAIL
D143833,0.013710424,DO_NOT_MAIL
D142119,0.44712305,DO_NOT_MAIL
D119612,0.961119,MAIL
D132413,0.27553374,DO_NOT_MAIL
D100413,0.95998585,MAIL
D122068,0.9900693,MAIL
D127723,0.96004707,MAIL
D141901,0.31338295,DO_NOT_MAIL
D142611,0.03770675,DO_NOT_MAIL
D134760,0.83081913,DO_NOT_MAIL
D114034,0.9009107,DO_NOT_MAIL
D128605,0.78161925,DO_NOT_MAIL
D130061,0.9463768,DO_NOT_MAIL
D108440,0.05888013,DO_NOT_MAIL
D109655,0.81474036,DO_NOT_MAIL
D112008,0.98778266,MAIL
D135832,0.6648818,DO_NOT_MAIL
D122241,0.77132523,DO_NOT_MAIL
D133682,0.46310228,DO_NOT_MAIL
D123114,0.62193674,DO_NOT_MAIL
D124949,0.8987183,DO_NOT_MAIL
D119913,0.88319796,DO_NOT_MAIL
D125318,0.824826,DO_NOT_MAIL
D109621,0.9763776,MAIL
D138535,0.9643212,MAIL
D142685,0.018132003,DO_NOT_MAIL
D109026,0.82066286,DO_NOT_MAIL
D128697,0.9720426,MAIL
D119425,0.90447336,DO_NOT_MAIL
D100177,0.3304881,DO_NOT_MAIL
D116899,0.11620973,DO_NOT_MAIL
D126268,0.6240543,DO_NOT_MAIL
D109115,0.88648987,DO_NOT_MAIL
D131448,0.7262574,DO_NOT_MAIL
D119891,0.99193174,MAIL
D101456,0.5984223,DO_NOT_MAIL
D107552,0.17628738,DO_NOT_MAIL
D131990,0.8732268,DO_NOT_MAIL
D107927,0.83729506,DO_NOT_MAIL
D107352,0.9329747,DO_NOT_MAIL
D115379,0.73969823,DO_NOT_MAIL
D124964,0.6768602,DO_NOT_MAIL
D120821,0.6240543,DO_NOT_MAIL
D116871,0.045765597,DO_NOT_MAIL
D123801,0.72434723,DO_NOT_MAIL
D124551,0.7819923,DO_NOT_MAIL
D116247,0.97037226,MAIL
D136863,0.90539384,DO_NOT_MAIL
D134956,0.93266994,DO_NOT_MAIL
D105788,0.8472271,DO_NOT_MAIL
D108960,0.9006484,DO_NOT_MAIL
D108079,0.6690531,DO_NOT_MAIL
D113485,0.035009623,DO_NOT_MAIL
D121503,0.6545905,DO_NOT_MAIL
D115967,0.024551952,DO_NOT_MAIL
D127168,0.027711116,DO_NOT_MAIL
D100754,0.96500885,MAIL
D139634,0.19125158,DO_NOT_MAIL
D115367,0.86922854,DO_NOT_MAIL
D103143,0.5943451,DO_NOT_MAIL
D119462,0.98895055,MAIL
D135943,0.0036376922,DO_NOT_MAIL
D112609,0.9584709,MAIL
D104940,0.9429988,DO_NOT_MAIL
D138134,0.17167085,DO_NOT_MAIL
D121284,0.83505756,DO_NOT_MAIL
D129055,0.9685309,MAIL
D125903,0.83830553,DO_NOT_MAIL
D121693,0.9347862,DO_NOT_MAIL
D107622,0.7398846,DO_NOT_MAIL
D134058,0.9274354,DO_NOT_MAIL
D140638,0.034180395,DO_NOT_MAIL
D130749,0.09312213,DO_NOT_MAIL
D110267,0.48687914,DO_NOT_MAIL
D129501,0.8572682,DO_NOT_MAIL
D110927,0.9834034,MAIL
D134603,0.8722838,DO_NOT_MAIL
D125855,0.0009798043,DO_NOT_MAIL
D111215,0.89608073,DO_NOT_MAIL
D113955,0.7287747,DO_NOT_MAIL
D108256,0.99346536,MAIL
D122407,0.88325226,DO_NOT_MAIL
D126655,0.9554237,MAIL
D117643,0.96121466,MAIL
D130218,0.076750815,DO_NOT_MAIL
D123979,0.005990583,DO_NOT_MAIL
D123793,0.57365626,DO_NOT_MAIL
D136995,0.9118403,DO_NOT_MAIL
D101827,0.8555772,DO_NOT_MAIL
D119292,0.12870099,DO_NOT_MAIL
D135261,0.9715028,MAIL
D134819,0.9583937,MAIL
D140505,0.3291382,DO_NOT_MAIL
D129211,0.85204154,DO_NOT_MAIL
D118632,0.9549817,MAIL
D106806,0.97152454,MAIL
D108651,0.8211532,DO_NOT_MAIL
D102031,0.969508,MAIL
D136047,0.9711856,MAIL
D117446,0.77132523,DO_NOT_MAIL
D142101,0.23193443,DO_NOT_MAIL
D124074,0.96522987,MAIL
D130882,0.70131403,DO_NOT_MAIL
D129368,0.3127211,DO_NOT_MAIL
D115959,0.92709506,DO_NOT_MAIL
D124800,0.9725478,MAIL
D129147,0.049857546,DO_NOT_MAIL
D141440,0.04460546,DO_NOT_MAIL
D139496,0.025965044,DO_NOT_MAIL
D112616,0.8892487,DO_NOT_MAIL
D138232,0.16570377,DO_NOT_MAIL
D110830,0.8291849,DO_NOT_MAIL
D130376,0.008493693,DO_NOT_MAIL
D118263,0.3127211,DO_NOT_MAIL
D101165,0.7646645,DO_NOT_MAIL
D115830,0.28634673,DO_NOT_MAIL
D120381,0.97720313,MAIL
D112382,0.27271646,DO_NOT_MAIL
D107486,0.93013823,DO_NOT_MAIL
D140868,0.055084866,DO_NOT_MAIL
D119507,0.91026044,DO_NOT_MAIL
D141599,0.14061695,DO_NOT_MAIL
D138558,0.9329747,DO_NOT_MAIL
D118814,0.010500981,DO_NOT_MAIL
D126454,0.85991716,DO_NOT_MAIL
D141830,0.8630106,DO_NOT_MAIL
D135657,0.029590629,DO_NOT_MAIL
D136616,0.85991716,DO_NOT_MAIL
D129810,0.80390793,DO_NOT_MAIL
D131143,0.70989704,DO_NOT_MAIL
D132871,0.94440866,DO_NOT_MAIL
D100943,0.992475,MAIL
D105696,0.36268032,DO_NOT_MAIL
D114416,0.9731653,MAIL
D126147,0.22687677,DO_NOT_MAIL
D139811,0.067201056,DO_NOT_MAIL
D132859,0.3015543,DO_NOT_MAIL
D115341,0.9748004,MAIL
D109827,0.81474036,DO_NOT_MAIL
D133332,0.9377958,DO_NOT_MAIL
D102519,0.03611394,DO_NOT_MAIL
D114015,0.8332882,DO_NOT_MAIL
D123606,0.57365626,DO_NOT_MAIL
D120250,0.9549817,MAIL
D136653,0.96000904,MAIL
D122928,0.10130324,DO_NOT_MAIL
D109376,0.001500369,DO_NOT_MAIL
D119619,0.36268032,DO_NOT_MAIL
D107456,0.7969786,DO_NOT_MAIL
D136306,0.969633,MAIL
D142252,0.00081640505,DO_NOT_MAIL
D143872,0.0038877844,DO_NOT_MAIL
D126551,0.6985511,DO_NOT_MAIL
D130676,0.08812607,DO_NOT_MAIL
D112447,0.97928065,MAIL
D118691,0.8399911,DO_NOT_MAIL
D106972,0.8023649,DO_NOT_MAIL
D109750,0.6816522,DO_NOT_MAIL
D101786,0.9894521,MAIL
D106613,0.47305262,DO_NOT_MAIL
D103666,0.82409686,DO_NOT_MAIL
D124002,0.70131403,DO_NOT_MAIL
D113212,0.20567964,DO_NOT_MAIL
D132092,0.9588186,MAIL
D129898,0.62193674,DO_NOT_MAIL
D118259,0.53014666,DO_NOT_MAIL
D116730,0.65463436,DO_NOT_MAIL
D124486,0.9770189,MAIL
D133547,0.47305262,DO_NOT_MAIL
D111519,0.0009349376,DO_NOT_MAIL
D100659,0.6469854,DO_NOT_MAIL
D131281,0.16111696,DO_NOT_MAIL
D128255,0.088620745,DO_NOT_MAIL
D101375,0.7677933,DO_NOT_MAIL
D123170,0.98499227,MAIL
D113493,0.18858798,DO_NOT_MAIL
D129858,0.8986892,DO_NOT_MAIL
D123557,0.42485914,DO_NOT_MAIL
D113703,0.84869266,DO_NOT_MAIL
D136848,0.015639016,DO_NOT_MAIL
D100258,0.065438956,DO_NOT_MAIL
D134706,0.014601866,DO_NOT_MAIL
D104599,0.8087358,DO_NOT_MAIL
D111839,0.99243426,MAIL
D123603,0.92517406,DO_NOT_MAIL
D104707,0.98066485,MAIL
D144013,0.009650363,DO_NOT_MAIL
D140822,0.026652142,DO_NOT_MAIL
D140826,0.03414733,DO_NOT_MAIL
D140700,0.8285842,DO_NOT_MAIL
D129678,0.9606411,MAIL
D106120,0.03539745,DO_NOT_MAIL
D136170,0.6913615,DO_NOT_MAIL
D110275,0.97928065,MAIL
D125381,0.99302906,MAIL
D119795,0.9906378,MAIL
D123099,0.9844475,MAIL
D102825,0.86750716,DO_NOT_MAIL
D142959,0.01164184,DO_NOT_MAIL
D117739,0.94288254,DO_NOT_MAIL
D144167,0.016637534,DO_NOT_MAIL
D135179,0.5399626,DO_NOT_MAIL
D136196,0.9545377,MAIL
D122258,0.38149285,DO_NOT_MAIL
D122827,0.977445,MAIL
D118226,0.8981577,DO_NOT_MAIL
D122875,0.9639058,MAIL
D120909,0.05492517,DO_NOT_MAIL
D131327,0.99034715,MAIL
D134646,0.2207666,DO_NOT_MAIL
D113551,0.0073553915,DO_NOT_MAIL
D107398,0.034817994,DO_NOT_MAIL
D122239,0.5925024,DO_NOT_MAIL
D115445,0.032044694,DO_NOT_MAIL
D101474,0.9581196,MAIL
D123355,0.9859474,MAIL
D132442,0.049151745,DO_NOT_MAIL
D111909,0.05501802,DO_NOT_MAIL
D132330,0.869607,DO_NOT_MAIL
D139271,0.17150688,DO_NOT_MAIL
D126921,0.7236768,DO_NOT_MAIL
D134097,0.9945648,MAIL
D114528,0.46026856,DO_NOT_MAIL
D134901,0.7392137,DO_NOT_MAIL
D116224,0.9415254,DO_NOT_MAIL
D111121,0.9463768,DO_NOT_MAIL
D142042,0.4722709,DO_NOT_MAIL
D133195,0.11218537,DO_NOT_MAIL
D144461,0.969633,MAIL
D144269,0.11561488,DO_NOT_MAIL
D110903,0.97877216,MAIL
D140080,0.12561306,DO_NOT_MAIL
D123026,0.63461775,DO_NOT_MAIL
D102229,0.2789742,DO_NOT_MAIL
D104678,0.92087764,DO_NOT_MAIL
D141876,0.2110814,DO_NOT_MAIL
D140246,0.086244345,DO_NOT_MAIL
D101613,0.7236768,DO_NOT_MAIL
D103404,0.79660517,DO_NOT_MAIL
D123306,0.84848046,DO_NOT_MAIL
D136526,0.021095596,DO_NOT_MAIL
D104012,0.9436568,DO_NOT_MAIL
D124198,0.02420092,DO_NOT_MAIL
D142385,0.023614071,DO_NOT_MAIL
D139682,0.8213712,DO_NOT_MAIL
D127719,0.8638606,DO_NOT_MAIL
D132317,0.9927463,MAIL
D127413,0.9811429,MAIL
D136390,0.98628366,MAIL
D116306,0.92150646,DO_NOT_MAIL
D107590,0.16757017,DO_NOT_MAIL
D109344,0.0045527196,DO_NOT_MAIL
D133733,0.13793617,DO_NOT_MAIL
D123821,0.19364357,DO_NOT_MAIL
D108168,0.9623464,MAIL
D123357,0.88336307,DO_NOT_MAIL
D114444,0.032313626,DO_NOT_MAIL
D126112,0.8764,DO_NOT_MAIL
D133240,0.4507605,DO_NOT_MAIL
D126596,0.62506044,DO_NOT_MAIL
D110754,0.8472271,DO_NOT_MAIL
D125849,0.012208869,DO_NOT_MAIL
D118147,0.97166663,MAIL
D107316,0.0097848885,DO_NOT_MAIL
D122654,0.00011313001,DO_NOT_MAIL
D140102,0.13550502,DO_NOT_MAIL
D125132,0.9803861,MAIL
D137142,0.42413998,DO_NOT_MAIL
D138204,0.48590007,DO_NOT_MAIL
D104271,0.9690147,MAIL
D141783,0.45865995,DO_NOT_MAIL
D121991,0.9540989,MAIL
D121479,0.8698155,DO_NOT_MAIL
D124589,0.011706386,DO_NOT_MAIL
D113539,0.9924231,MAIL
D136201,0.9690147,MAIL
D131223,0.96827155,MAIL
D120982,0.5028541,DO_NOT_MAIL
D141190,0.020156108,DO_NOT_MAIL
D101178,0.72307813,DO_NOT_MAIL
D115754,0.36268032,DO_NOT_MAIL
D142825,0.06793657,DO_NOT_MAIL
D139060,0.16277099,DO_NOT_MAIL
D121412,0.8523727,DO_NOT_MAIL
D124479,0.007999467,DO_NOT_MAIL
D139702,0.121332094,DO_NOT_MAIL
D119125,0.03556374,DO_NOT_MAIL
D141267,0.023203474,DO_NOT_MAIL
D106179,0.8224502,DO_NOT_MAIL
D101432,0.7677933,DO_NOT_MAIL
D141216,0.89443517,DO_NOT_MAIL
D105081,0.25449836,DO_NOT_MAIL
D129714,0.010106207,DO_NOT_MAIL
D122761,0.9781587,MAIL
D119517,0.15225397,DO_NOT_MAIL
D118694,0.80441886,DO_NOT_MAIL
D122125,0.0031123606,DO_NOT_MAIL
D125188,0.0009075337,DO_NOT_MAIL
D144631,0.4507605,DO_NOT_MAIL
D133434,0.031172883,DO_NOT_MAIL
D114768,0.76365095,DO_NOT_MAIL
D115300,0.66958344,DO_NOT_MAIL
D101373,0.9799463,MAIL
D120654,0.8546097,DO_NOT_MAIL
D131884,0.8332882,DO_NOT_MAIL
D125302,0.80441886,DO_NOT_MAIL
D111689,0.5361727,DO_NOT_MAIL
D117512,0.96659976,MAIL
D144249,0.19940437,DO_NOT_MAIL
D119569,0.91026044,DO_NOT_MAIL
D139070,0.9427076,DO_NOT_MAIL
D112156,0.9452333,DO_NOT_MAIL
D120624,0.82004774,DO_NOT_MAIL
D127529,0.98377293,MAIL
D126197,0.980684,MAIL
D128963,0.04985138,DO_NOT_MAIL
D113542,0.04269669,DO_NOT_MAIL
D113399,0.98943824,MAIL
D129923,0.8665668,DO_NOT_MAIL
D131414,0.0015023777,DO_NOT_MAIL
D114786,0.8852851,DO_NOT_MAIL
D140381,0.01582627,DO_NOT_MAIL
D112371,0.02374512,DO_NOT_MAIL
D101963,0.04208521,DO_NOT_MAIL
D134714,0.27755117,DO_NOT_MAIL
D121841,0.9642926,MAIL
D135790,0.0071306494,DO_NOT_MAIL
D133455,0.17755507,DO_NOT_MAIL
D110538,0.92517406,DO_NOT_MAIL
D120706,0.97524184,MAIL
D134632,0.009977003,DO_NOT_MAIL
D141990,0.040602982,DO_NOT_MAIL
D131126,0.6106876,DO_NOT_MAIL
D125893,0.0014078069,DO_NOT_MAIL
D123187,0.9799463,MAIL
D131741,0.9039037,DO_NOT_MAIL
D134622,0.8968021,DO_NOT_MAIL
D116578,0.36268032,DO_NOT_MAIL
D141439,0.26925194,DO_NOT_MAIL
D129853,0.009795348,DO_NOT_MAIL
D123982,0.9171358,DO_NOT_MAIL
D135228,0.43585023,DO_NOT_MAIL
D109068,0.3332756,DO_NOT_MAIL
D141577,0.004686442,DO_NOT_MAIL
D101589,0.94612527,DO_NOT_MAIL
D123018,0.70636296,DO_NOT_MAIL
D129339,0.07014227,DO_NOT_MAIL
D140224,0.2658818,DO_NOT_MAIL
D123174,0.82066286,DO_NOT_MAIL
D121837,0.002492575,DO_NOT_MAIL
D114366,0.4615115,DO_NOT_MAIL
D122228,0.66958344,DO_NOT_MAIL
D138235,0.036089964,DO_NOT_MAIL
D121830,0.011325649,DO_NOT_MAIL
D123282,0.13104211,DO_NOT_MAIL
D144475,0.9647026,MAIL
D109490,0.66684294,DO_NOT_MAIL
D120545,0.9698342,MAIL
D122375,0.9118403,DO_NOT_MAIL
D105835,0.9259016,DO_NOT_MAIL
D113226,0.97716546,MAIL
D123298,0.96176934,MAIL
D106470,0.22700283,DO_NOT_MAIL
D116281,0.021649176,DO_NOT_MAIL
D144336,0.0240424,DO_NOT_MAIL
D116417,0.99224687,MAIL
D117680,0.24498214,DO_NOT_MAIL
D101312,0.9788103,MAIL
D103084,0.9658242,MAIL
D139349,0.6409769,DO_NOT_MAIL
D121722,0.8537907,DO_NOT_MAIL
D109852,0.9881572,MAIL
D142295,0.023877863,DO_NOT_MAIL
D138446,0.02861348,DO_NOT_MAIL
D121604,0.87722886,DO_NOT_MAIL
D109092,0.7684628,DO_NOT_MAIL
D119062,0.6838569,DO_NOT_MAIL
D100880,0.8838868,DO_NOT_MAIL
D114966,0.9711856,MAIL
D103633,0.9039037,DO_NOT_MAIL
D122711,0.9003407,DO_NOT_MAIL
D106270,0.055725805,DO_NOT_MAIL
D115589,0.5925024,DO_NOT_MAIL
D136527,0.8537907,DO_NOT_MAIL
D119950,0.76219136,DO_NOT_MAIL
D110299,0.81474036,DO_NOT_MAIL
D134462,0.96121466,MAIL
D107277,0.96121466,MAIL
D125505,0.8659051,DO_NOT_MAIL
D126892,0.8023649,DO_NOT_MAIL
D125246,0.9716717,MAIL
D105565,0.90447336,DO_NOT_MAIL
D106041,0.005677763,DO_NOT_MAIL
D104106,0.9294427,DO_NOT_MAIL
D113320,0.22254519,DO_NOT_MAIL
D115844,0.97521484,MAIL
D107458,0.9735162,MAIL
D140855,0.30335283,DO_NOT_MAIL
D112210,0.16757017,DO_NOT_MAIL
D125156,0.977009,MAIL
D139076,0.0876423,DO_NOT_MAIL
D121506,0.05296798,DO_NOT_MAIL
D108058,0.62193674,DO_NOT_MAIL
D143646,0.4915575,DO_NOT_MAIL
D109748,0.9105622,DO_NOT_MAIL
D140063,0.9468589,DO_NOT_MAIL
D113379,0.87967,DO_NOT_MAIL
D134229,0.9062348,DO_NOT_MAIL
D130843,0.6690531,DO_NOT_MAIL
D142696,0.14582592,DO_NOT_MAIL
D129584,0.9859474,MAIL
D124318,0.90447336,DO_NOT_MAIL
D132128,0.09213406,DO_NOT_MAIL
D139869,0.06802121,DO_NOT_MAIL
D110995,0.8537907,DO_NOT_MAIL
D130527,0.9290283,DO_NOT_MAIL
D136352,0.98118603,MAIL
D113846,0.7597075,DO_NOT_MAIL
D102693,0.3127211,DO_NOT_MAIL
D138499,0.95876575,MAIL
D108377,0.9462837,DO_NOT_MAIL
D104181,0.9624114,MAIL
D118914,0.955618,MAIL
D115114,0.9506359,DO_NOT_MAIL
D112363,0.077297874,DO_NOT_MAIL
D127866,0.006306169,DO_NOT_MAIL
D104890,0.7304995,DO_NOT_MAIL
D114285,0.9462837,DO_NOT_MAIL
D108348,0.8984293,DO_NOT_MAIL
D136531,0.004313027,DO_NOT_MAIL
D115999,0.050052553,DO_NOT_MAIL
D140770,0.43498978,DO_NOT_MAIL
D128429,0.4590276,DO_NOT_MAIL
D104255,0.9603856,MAIL
D125775,0.25449836,DO_NOT_MAIL
D102708,0.83729506,DO_NOT_MAIL
D125408,0.6545905,DO_NOT_MAIL
D141411,0.23740172,DO_NOT_MAIL
D125504,0.014485612,DO_NOT_MAIL
D119707,0.26116428,DO_NOT_MAIL
D126925,0.9225519,DO_NOT_MAIL
D138256,0.011526769,DO_NOT_MAIL
D100263,0.3922094,DO_NOT_MAIL
D117801,0.38361672,DO_NOT_MAIL
D139563,0.14370035,DO_NOT_MAIL
D112136,0.024777003,DO_NOT_MAIL
D126006,0.008877257,DO_NOT_MAIL
D143997,0.00015903468,DO_NOT_MAIL
D111754,0.876992,DO_NOT_MAIL
D129418,0.9332782,DO_NOT_MAIL
D134228,0.0019847816,DO_NOT_MAIL
D126683,0.9747233,MAIL
D136174,0.9638973,MAIL
D128578,0.8764,DO_NOT_MAIL
D117468,0.06228687,DO_NOT_MAIL
D127381,0.9881572,MAIL
D100296,0.6240543,DO_NOT_MAIL
D126246,0.72434723,DO_NOT_MAIL
D113074,0.7392137,DO_NOT_MAIL
D142073,0.014264022,DO_NOT_MAIL
D101020,0.9685309,MAIL
D120300,0.99141425,MAIL
D114393,0.8555243,DO_NOT_MAIL
D107233,0.9642926,MAIL
D100714,0.7304995,DO_NOT_MAIL
D101762,0.77132523,DO_NOT_MAIL
D117092,0.8472271,DO_NOT_MAIL
D142066,0.06982713,DO_NOT_MAIL
D139866,0.030789383,DO_NOT_MAIL
D128733,0.9418153,DO_NOT_MAIL
D110848,0.73382086,DO_NOT_MAIL
D108964,0.7415761,DO_NOT_MAIL
D127973,0.0001887737,DO_NOT_MAIL
D134221,0.96996504,MAIL
D137160,0.0034199792,DO_NOT_MAIL
D111514,0.0034057542,DO_NOT_MAIL
D104537,0.0280918,DO_NOT_MAIL
D115271,0.9654538,MAIL
D132573,0.9799463,MAIL
D107667,0.17858757,DO_NOT_MAIL
D104507,0.9658472,MAIL
D117614,0.88723224,DO_NOT_MAIL
D134845,0.76365095,DO_NOT_MAIL
D126619,0.4507605,DO_NOT_MAIL
D112455,0.88879144,DO_NOT_MAIL
D115043,0.5243425,DO_NOT_MAIL
D122705,0.009010826,DO_NOT_MAIL
D114736,0.99192226,MAIL
D122902,0.008674969,DO_NOT_MAIL
D134844,0.97171783,MAIL
D130634,0.02914523,DO_NOT_MAIL
D106684,0.843054,DO_NOT_MAIL
D127776,0.0011472502,DO_NOT_MAIL
D127831,0.8537907,DO_NOT_MAIL
D108593,0.8810793,DO_NOT_MAIL
D106367,0.052366976,DO_NOT_MAIL
D106974,0.9863442,MAIL
D137600,0.80390793,DO_NOT_MAIL
D110557,0.97982794,MAIL
D108041,0.8555772,DO_NOT_MAIL
D117254,0.9942363,MAIL
D129254,0.81168604,DO_NOT_MAIL
D113030,0.98621076,MAIL
D113675,0.9736867,MAIL
D122252,0.9711856,MAIL
D113775,0.13785519,DO_NOT_MAIL
D115119,0.036708422,DO_NOT_MAIL
D135255,0.96245515,MAIL
D133757,0.9602031,MAIL
D141116,0.02914476,DO_NOT_MAIL
D120268,0.92679274,DO_NOT_MAIL
D127520,0.8810793,DO_NOT_MAIL
D141765,0.5992725,DO_NOT_MAIL
D141913,0.010764639,DO_NOT_MAIL
D112830,0.9003407,DO_NOT_MAIL
D108459,0.8726598,DO_NOT_MAIL
D103354,0.9672093,MAIL
D130381,0.57365626,DO_NOT_MAIL
D125406,0.8722838,DO_NOT_MAIL
D107807,0.8838868,DO_NOT_MAIL
D114902,0.982675,MAIL
D107082,0.74183184,DO_NOT_MAIL
D103452,0.8077166,DO_NOT_MAIL
D108496,0.5243425,DO_NOT_MAIL
D120069,0.66958344,DO_NOT_MAIL
D105721,0.00069077616,DO_NOT_MAIL
D100829,0.042253096,DO_NOT_MAIL
D101842,0.97670436,MAIL
D101775,0.9452905,DO_NOT_MAIL
D132893,0.7684628,DO_NOT_MAIL
D100252,0.0012530044,DO_NOT_MAIL
D126908,0.02990057,DO_NOT_MAIL
D126171,0.9615289,MAIL
D117372,0.27422705,DO_NOT_MAIL
D141665,0.008507581,DO_NOT_MAIL
D116958,0.84848046,DO_NOT_MAIL
D136207,0.8838868,DO_NOT_MAIL
D138069,0.39126313,DO_NOT_MAIL
D140702,0.47238913,DO_NOT_MAIL
D102539,0.9332782,DO_NOT_MAIL
D108990,0.3817256,DO_NOT_MAIL
D119429,0.98471385,MAIL
D141951,0.1390352,DO_NOT_MAIL
D117524,0.9039037,DO_NOT_MAIL
D135204,0.04886703,DO_NOT_MAIL
D121062,0.6431161,DO_NOT_MAIL
D139965,0.5419681,DO_NOT_MAIL
D129470,0.09029402,DO_NOT_MAIL
D115249,0.00029342208,DO_NOT_MAIL
D131943,0.9926387,MAIL
D134109,0.15779404,DO_NOT_MAIL
D101092,0.9685309,MAIL
D118477,0.91175425,DO_NOT_MAIL
D107766,0.0025316519,DO_NOT_MAIL
D140073,0.06883545,DO_NOT_MAIL
D101420,0.8165528,DO_NOT_MAIL
D126927,0.94473964,DO_NOT_MAIL
D105991,0.563503,DO_NOT_MAIL
D102309,0.015746618,DO_NOT_MAIL
D112124,0.9859477,MAIL
D130557,0.0888588,DO_NOT_MAIL
D134108,0.043031115,DO_NOT_MAIL
D125688,0.12465753,DO_NOT_MAIL
D136282,0.0027382125,DO_NOT_MAIL
D107834,0.021555232,DO_NOT_MAIL
D110098,0.014335656,DO_NOT_MAIL
D109343,0.9927463,MAIL
D102430,0.23168306,DO_NOT_MAIL
D141060,0.4003094,DO_NOT_MAIL
D113266,0.19980843,DO_NOT_MAIL
D111715,0.76328146,DO_NOT_MAIL
D111571,0.9624114,MAIL
D121826,0.92751646,DO_NOT_MAIL
D116731,0.0028575216,DO_NOT_MAIL
D121193,0.9003407,DO_NOT_MAIL
D125555,0.46616238,DO_NOT_MAIL
D111975,0.8986892,DO_NOT_MAIL
D102218,0.27997425,DO_NOT_MAIL
D105273,0.8732268,DO_NOT_MAIL
D131885,0.9278522,DO_NOT_MAIL
D121510,0.82066286,DO_NOT_MAIL
D117732,0.7332227,DO_NOT_MAIL
D120131,0.81695217,DO_NOT_MAIL
D111816,0.9859474,MAIL
D141584,0.0195864,DO_NOT_MAIL
D123864,0.96617204,MAIL
D143397,0.014269305,DO_NOT_MAIL
D119822,0.9658472,MAIL
D101564,0.97908247,MAIL
D116542,0.9506359,DO_NOT_MAIL
D129976,0.83830553,DO_NOT_MAIL
D112773,0.9675739,MAIL
D109280,0.0100505985,DO_NOT_MAIL
D100853,0.9906378,MAIL
D134895,0.97441304,MAIL
D104877,0.9836315,MAIL
D105769,0.8602647,DO_NOT_MAIL
D110611,0.039400645,DO_NOT_MAIL
D119977,0.82409686,DO_NOT_MAIL
D106874,0.9588186,MAIL
D128674,0.8834172,DO_NOT_MAIL
D138351,0.0049089077,DO_NOT_MAIL
D141525,0.26569286,DO_NOT_MAIL
D118198,0.9811429,MAIL
D128125,0.9003407,DO_NOT_MAIL
D115186,0.7480704,DO_NOT_MAIL
D125286,0.83081913,DO_NOT_MAIL
D135588,0.17853548,DO_NOT_MAIL
D144005,0.010160969,DO_NOT_MAIL
D137223,0.9770189,MAIL
D121141,0.2998206,DO_NOT_MAIL
D136662,0.9915882,MAIL
D125658,0.069603615,DO_NOT_MAIL
D108356,0.009347567,DO_NOT_MAIL
D113508,0.88971186,DO_NOT_MAIL
D105174,0.82213485,DO_NOT_MAIL
D104188,0.66958344,DO_NOT_MAIL
D108755,0.89608073,DO_NOT_MAIL
D117058,0.9681835,MAIL
D138933,0.04218462,DO_NOT_MAIL
D127011,0.0014504809,DO_NOT_MAIL
D124843,0.8611976,DO_NOT_MAIL
D143231,0.105842076,DO_NOT_MAIL
D124997,0.9259016,DO_NOT_MAIL
D110108,0.8073583,DO_NOT_MAIL
D142354,0.01848431,DO_NOT_MAIL
D111033,0.00037499666,DO_NOT_MAIL
D128803,0.33973473,DO_NOT_MAIL
D121514,0.92095155,DO_NOT_MAIL
D110004,0.99346536,MAIL
D111670,0.9685309,MAIL
D133468,0.9656056,MAIL
D136931,0.9796045,MAIL
D111902,0.27259007,DO_NOT_MAIL
D104571,0.9638973,MAIL
D117529,0.65463436,DO_NOT_MAIL
D138290,0.045569185,DO_NOT_MAIL
D123184,0.13437591,DO_NOT_MAIL
D104334,0.13207856,DO_NOT_MAIL
D144045,0.93474895,DO_NOT_MAIL
D131736,0.106272824,DO_NOT_MAIL
D140107,0.009286487,DO_NOT_MAIL
D138822,0.014002981,DO_NOT_MAIL
D114152,0.8638606,DO_NOT_MAIL
D100812,0.9720347,MAIL
D101528,0.9225519,DO_NOT_MAIL
D108777,0.9420949,DO_NOT_MAIL
D140701,0.036018737,DO_NOT_MAIL
D141492,0.010087373,DO_NOT_MAIL
D128881,0.9667681,MAIL
D108317,0.63208497,DO_NOT_MAIL
D127399,0.7677933,DO_NOT_MAIL
D115632,0.11439234,DO_NOT_MAIL
D131554,0.3420505,DO_NOT_MAIL
D100546,0.0014262483,DO_NOT_MAIL
D142927,0.10578537,DO_NOT_MAIL
D140705,0.11102644,DO_NOT_MAIL
D116020,0.90447336,DO_NOT_MAIL
D104363,0.8073583,DO_NOT_MAIL
D125082,0.8595816,DO_NOT_MAIL
D133422,0.0016837037,DO_NOT_MAIL
D124055,0.32130423,DO_NOT_MAIL
D111644,0.9639058,MAIL
D144576,0.051451664,DO_NOT_MAIL
D123999,0.33719215,DO_NOT_MAIL
D103542,0.098008275,DO_NOT_MAIL
D134560,0.8073583,DO_NOT_MAIL
D133881,0.3127211,DO_NOT_MAIL
D114865,0.9799463,MAIL
D126995,0.5784108,DO_NOT_MAIL
D129000,0.99230194,MAIL
D106763,0.96617204,MAIL
D101865,0.008094817,DO_NOT_MAIL
D124149,0.9830132,MAIL
D139574,0.05077454,DO_NOT_MAIL
D132524,0.9715028,MAIL
D123562,0.6816522,DO_NOT_MAIL
D109482,0.22687677,DO_NOT_MAIL
D111817,0.017027423,DO_NOT_MAIL
D103286,0.6027945,DO_NOT_MAIL
D112541,0.92751646,DO_NOT_MAIL
D118284,0.56445444,DO_NOT_MAIL
D121520,0.87721014,DO_NOT_MAIL
D142329,0.006354282,DO_NOT_MAIL
D106544,0.88648987,DO_NOT_MAIL
D142304,0.103940345,DO_NOT_MAIL
D128094,0.0054620225,DO_NOT_MAIL
D104503,0.0063986415,DO_NOT_MAIL
D141490,0.08596266,DO_NOT_MAIL
D140807,0.22075993,DO_NOT_MAIL
D138555,0.89176893,DO_NOT_MAIL
D100940,0.9658472,MAIL
D133974,0.074477345,DO_NOT_MAIL
D113628,0.96223414,MAIL
D136746,0.12960163,DO_NOT_MAIL
D113917,0.043855134,DO_NOT_MAIL
D119775,0.22687677,DO_NOT_MAIL
D104118,0.718007,DO_NOT_MAIL
D118451,0.9583937,MAIL
D119049,0.973722,MAIL
D142277,0.053879086,DO_NOT_MAIL
D101504,0.9912908,MAIL
D118895,0.001172804,DO_NOT_MAIL
D133816,0.039377816,DO_NOT_MAIL
D121405,0.29273427,DO_NOT_MAIL
D132583,0.017578036,DO_NOT_MAIL
D119895,0.657778,DO_NOT_MAIL
D114491,0.060179774,DO_NOT_MAIL
D114952,0.8693399,DO_NOT_MAIL
D131663,0.5410151,DO_NOT_MAIL
D116233,0.99087244,MAIL
D120715,0.8576082,DO_NOT_MAIL
D101816,0.59878206,DO_NOT_MAIL
D132455,0.8399911,DO_NOT_MAIL
D115925,0.039313983,DO_NOT_MAIL
D105277,0.9799463,MAIL
D134953,0.46437088,DO_NOT_MAIL
D134790,0.97441304,MAIL
D111896,0.99034715,MAIL
D144603,0.63208497,DO_NOT_MAIL
D123621,0.8537907,DO_NOT_MAIL
D104167,0.39419907,DO_NOT_MAIL
D141726,0.8907225,DO_NOT_MAIL
D128091,0.005929023,DO_NOT_MAIL
D130598,0.43296874,DO_NOT_MAIL
D114292,0.7037504,DO_NOT_MAIL
D117849,0.94260883,DO_NOT_MAIL
D120456,0.025480952,DO_NOT_MAIL
D104880,0.97532654,MAIL
D134382,0.010720027,DO_NOT_MAIL
D136453,0.2983074,DO_NOT_MAIL
D102916,0.54644424,DO_NOT_MAIL
D124485,0.9811429,MAIL
D123036,0.6222461,DO_NOT_MAIL
D102899,0.7922109,DO_NOT_MAIL
D110778,0.14667046,DO_NOT_MAIL
D106347,0.5140949,DO_NOT_MAIL
D136328,0.99202543,MAIL
D125222,0.94418365,DO_NOT_MAIL
D112627,0.9377958,DO_NOT_MAIL
D120301,0.97138107,MAIL
D115433,0.6106876,DO_NOT_MAIL
D140579,0.22711074,DO_NOT_MAIL
D108574,0.3238702,DO_NOT_MAIL
D126744,0.024617558,DO_NOT_MAIL
D135755,0.9305908,DO_NOT_MAIL
D106016,0.6690531,DO_NOT_MAIL
D122402,0.005633803,DO_NOT_MAIL
D124461,0.6690531,DO_NOT_MAIL
D113391,0.8961919,DO_NOT_MAIL
D139105,0.8579852,DO_NOT_MAIL
D126737,0.54785824,DO_NOT_MAIL
D125609,0.9508744,DO_NOT_MAIL
D128732,0.824826,DO_NOT_MAIL
D115220,0.21979281,DO_NOT_MAIL
D137930,0.0053614094,DO_NOT_MAIL
D136279,0.00021482259,DO_NOT_MAIL
D124584,0.9548616,MAIL
D131121,0.3200201,DO_NOT_MAIL
D104921,0.0027423224,DO_NOT_MAIL
D139114,0.066671826,DO_NOT_MAIL
D110872,0.36268032,DO_NOT_MAIL
D100032,0.17942116,DO_NOT_MAIL
D134787,0.94473964,DO_NOT_MAIL
D132527,0.5617754,DO_NOT_MAIL
D124171,0.84399796,DO_NOT_MAIL
D113783,0.97441304,MAIL
D118955,0.0009259802,DO_NOT_MAIL
D138767,0.05223591,DO_NOT_MAIL
D112399,0.013990089,DO_NOT_MAIL
D130309,0.8483679,DO_NOT_MAIL
D131897,0.9708299,MAIL
D118846,0.95568097,MAIL
D103995,0.70131403,DO_NOT_MAIL
D143149,0.40924883,DO_NOT_MAIL
D123951,0.0040944773,DO_NOT_MAIL
D102303,0.014225087,DO_NOT_MAIL
D128941,0.47140682,DO_NOT_MAIL
D135118,0.13676052,DO_NOT_MAIL
D132560,0.91779375,DO_NOT_MAIL
D107342,0.9762113,MAIL
D115430,0.02212316,DO_NOT_MAIL
D119983,0.037885204,DO_NOT_MAIL
D143077,0.01717246,DO_NOT_MAIL
D106228,0.011726804,DO_NOT_MAIL
D141835,0.090401694,DO_NOT_MAIL
D138378,0.005519548,DO_NOT_MAIL
D116176,0.9690147,MAIL
D123895,0.9799463,MAIL
D130623,0.90447336,DO_NOT_MAIL
D104153,0.0008977067,DO_NOT_MAIL
D115946,0.7332227,DO_NOT_MAIL
D137771,0.0021942277,DO_NOT_MAIL
D107943,0.9039037,DO_NOT_MAIL
D106757,0.84686965,DO_NOT_MAIL
D113570,0.973897,MAIL
D101274,0.82004774,DO_NOT_MAIL
D106680,0.43296874,DO_NOT_MAIL
D109908,0.4211919,DO_NOT_MAIL
D127180,0.014702163,DO_NOT_MAIL
D100416,0.9895745,MAIL
D137910,0.0038110276,DO_NOT_MAIL
D132284,0.048834715,DO_NOT_MAIL
D113119,0.96521676,MAIL
D139793,0.18990168,DO_NOT_MAIL
D130414,0.6240543,DO_NOT_MAIL
D124277,0.013161745,DO_NOT_MAIL
D106372,0.3094207,DO_NOT_MAIL
D112820,0.91026044,DO_NOT_MAIL
D135089,0.0007019703,DO_NOT_MAIL
D128724,0.98118603,MAIL
D112990,0.00092902064,DO_NOT_MAIL
D131710,0.0017558677,DO_NOT_MAIL
D130165,0.057051875,DO_NOT_MAIL
D110553,0.21538882,DO_NOT_MAIL
D107375,0.9554237,MAIL
D120988,0.9469066,DO_NOT_MAIL
D123778,0.0776496,DO_NOT_MAIL
D121735,0.72434723,DO_NOT_MAIL
D141486,0.9362692,DO_NOT_MAIL
D111239,0.024871983,DO_NOT_MAIL
D133721,0.17095357,DO_NOT_MAIL
D136366,0.9377958,DO_NOT_MAIL
D117817,0.036120173,DO_NOT_MAIL
D127761,0.12077388,DO_NOT_MAIL
D128687,0.9877671,MAIL
D123348,0.9258597,DO_NOT_MAIL
D137154,0.92253876,DO_NOT_MAIL
D138152,0.96632427,MAIL
D109197,0.68927664,DO_NOT_MAIL
D127132,0.2519172,DO_NOT_MAIL
D125789,0.8472271,DO_NOT_MAIL
D128389,0.90447336,DO_NOT_MAIL
D134975,0.8638606,DO_NOT_MAIL
D120211,0.9658472,MAIL
D107291,0.78161925,DO_NOT_MAIL
D121207,0.8868027,DO_NOT_MAIL
D101993,0.9811429,MAIL
D120887,0.72434723,DO_NOT_MAIL
D120633,0.37099186,DO_NOT_MAIL
D131020,0.97699124,MAIL
D138369,0.23039338,DO_NOT_MAIL
D136443,0.17557594,DO_NOT_MAIL
D137905,0.0040608416,DO_NOT_MAIL
D140699,0.094527096,DO_NOT_MAIL
D109237,0.1700357,DO_NOT_MAIL
D114778,0.99176425,MAIL
D107665,0.00791113,DO_NOT_MAIL
D111827,0.80390793,DO_NOT_MAIL
D118586,0.027554734,DO_NOT_MAIL
D136552,0.824826,DO_NOT_MAIL
D118554,0.9118403,DO_NOT_MAIL
D138664,0.9750455,MAIL
D101654,0.79437804,DO_NOT_MAIL
D114683,0.8916998,DO_NOT_MAIL
D134774,0.72434723,DO_NOT_MAIL
D112719,0.9362875,DO_NOT_MAIL
D121391,0.9554237,MAIL
D109206,0.961997,MAIL
D134876,0.4107081,DO_NOT_MAIL
D104142,0.23022407,DO_NOT_MAIL
D106541,0.824826,DO_NOT_MAIL
D127937,0.96626717,MAIL
D133568,0.96413136,MAIL
D125675,0.74183184,DO_NOT_MAIL
D110822,0.039967265,DO_NOT_MAIL
D106379,0.033425003,DO_NOT_MAIL
D133730,0.89545536,DO_NOT_MAIL
D136903,0.9747233,MAIL
D134171,0.37985092,DO_NOT_MAIL
D116680,0.9640741,MAIL
D102000,0.67876714,DO_NOT_MAIL
D133194,0.6545905,DO_NOT_MAIL
D110328,0.18297769,DO_NOT_MAIL
D137795,0.006694055,DO_NOT_MAIL
D128885,0.01718687,DO_NOT_MAIL
D128027,0.96827155,MAIL
D115846,0.98895055,MAIL
D142923,0.0107319215,DO_NOT_MAIL
D100866,0.81474036,DO_NOT_MAIL
D139839,0.015774889,DO_NOT_MAIL
D121890,0.98118603,MAIL
D103250,0.969633,MAIL
D133015,0.016177718,DO_NOT_MAIL
D112731,0.0009701369,DO_NOT_MAIL
D135246,0.013075884,DO_NOT_MAIL
D103408,0.69809425,DO_NOT_MAIL
D113194,0.9545625,MAIL
D136467,0.011329147,DO_NOT_MAIL
D102883,0.8415551,DO_NOT_MAIL
D100645,0.97942126,MAIL
D108836,0.9101504,DO_NOT_MAIL
D135665,0.7393777,DO_NOT_MAIL
D129386,0.21186131,DO_NOT_MAIL
D121759,0.25449836,DO_NOT_MAIL
D111282,0.07488076,DO_NOT_MAIL
D103709,0.97152454,MAIL
D121472,0.85608035,DO_NOT_MAIL
D119154,0.9720347,MAIL
D144630,0.528885,DO_NOT_MAIL
D105103,0.2394468,DO_NOT_MAIL
D116288,0.92517847,DO_NOT_MAIL
D116829,0.36901894,DO_NOT_MAIL
D111109,0.8939432,DO_NOT_MAIL
D103739,0.98895055,MAIL
D107493,0.90179396,DO_NOT_MAIL
D136730,0.47663742,DO_NOT_MAIL
D122390,0.1595351,DO_NOT_MAIL
D115031,0.044640444,DO_NOT_MAIL
D127637,0.98721606,MAIL
D101905,0.9577099,MAIL
D129870,0.37099186,DO_NOT_MAIL
D130955,0.010204651,DO_NOT_MAIL
D109802,0.98736364,MAIL
D123100,0.8693399,DO_NOT_MAIL
D126893,0.010612638,DO_NOT_MAIL
D112440,0.017757328,DO_NOT_MAIL
D111113,0.9105622,DO_NOT_MAIL
D100279,0.7708431,DO_NOT_MAIL
D108473,0.96223414,MAIL
D109693,0.8619678,DO_NOT_MAIL
D109386,0.85481644,DO_NOT_MAIL
D105874,0.67464757,DO_NOT_MAIL
D138653,0.93364346,DO_NOT_MAIL
D115386,0.0008484821,DO_NOT_MAIL
D132752,0.33080274,DO_NOT_MAIL
D130776,0.03978481,DO_NOT_MAIL
D102062,0.33093435,DO_NOT_MAIL
D128906,0.6913615,DO_NOT_MAIL
D138236,0.08791722,DO_NOT_MAIL
D137535,0.015675306,DO_NOT_MAIL
D123430,0.97693527,MAIL
D121151,0.3238702,DO_NOT_MAIL
D139724,0.07424364,DO_NOT_MAIL
D104815,0.101422116,DO_NOT_MAIL
D141600,0.054622307,DO_NOT_MAIL
D113012,0.3500986,DO_NOT_MAIL
D144318,0.0027357733,DO_NOT_MAIL
D121807,0.9905811,MAIL
D119604,0.47305262,DO_NOT_MAIL
D114224,0.9401205,DO_NOT_MAIL
D107968,0.6816522,DO_NOT_MAIL
D120829,0.7089558,DO_NOT_MAIL
D128259,0.47305262,DO_NOT_MAIL
D134053,0.80627024,DO_NOT_MAIL
D129964,0.8546097,DO_NOT_MAIL
D130858,0.09049381,DO_NOT_MAIL
D102910,0.9256342,DO_NOT_MAIL
D124507,0.12296788,DO_NOT_MAIL
D102051,0.0004296168,DO_NOT_MAIL
D140949,0.092492335,DO_NOT_MAIL
D134541,0.047415707,DO_NOT_MAIL
D141307,0.012673623,DO_NOT_MAIL
D118647,0.91175425,DO_NOT_MAIL
D124705,0.0012518318,DO_NOT_MAIL
D138730,0.9853042,MAIL
D115224,0.97942126,MAIL
D139368,0.092711784,DO_NOT_MAIL
D110335,0.4615115,DO_NOT_MAIL
D107548,0.13208789,DO_NOT_MAIL
D125282,0.9684784,MAIL
D137779,0.0024601994,DO_NOT_MAIL
D104566,0.43585023,DO_NOT_MAIL
D115676,0.96632427,MAIL
D113677,0.57365626,DO_NOT_MAIL
D135831,0.8726598,DO_NOT_MAIL
D105504,0.9658242,MAIL
D122701,0.8614561,DO_NOT_MAIL
D142154,0.0030233026,DO_NOT_MAIL
D105024,0.9581196,MAIL
D141679,0.0107355025,DO_NOT_MAIL
D104062,0.017804414,DO_NOT_MAIL
D134057,0.6891878,DO_NOT_MAIL
D131154,0.0056839446,DO_NOT_MAIL
D135633,0.40206876,DO_NOT_MAIL
D143122,0.106584236,DO_NOT_MAIL
D124193,0.39274466,DO_NOT_MAIL
D112306,0.0020063473,DO_NOT_MAIL
D109573,0.6469854,DO_NOT_MAIL
D125812,0.96617204,MAIL
D100757,0.015980635,DO_NOT_MAIL
D110505,0.05515955,DO_NOT_MAIL
D119848,0.56445444,DO_NOT_MAIL
D113141,0.9685309,MAIL
D111532,0.7646645,DO_NOT_MAIL
D127489,0.8938974,DO_NOT_MAIL
D103920,0.17326768,DO_NOT_MAIL
D128898,0.56445444,DO_NOT_MAIL
D117423,0.9747672,MAIL
D116993,0.8820961,DO_NOT_MAIL
D104764,0.88723224,DO_NOT_MAIL
D118614,0.9358564,DO_NOT_MAIL
D136544,0.4032873,DO_NOT_MAIL
D126635,0.024768548,DO_NOT_MAIL
D135360,0.052559357,DO_NOT_MAIL
D102851,0.48606575,DO_NOT_MAIL
D104368,0.7304995,DO_NOT_MAIL
D114568,0.97877216,MAIL
D124177,0.011244427,DO_NOT_MAIL
D102289,0.7206469,DO_NOT_MAIL
D104703,0.67464757,DO_NOT_MAIL
D116856,0.8846277,DO_NOT_MAIL
D114938,0.01830144,DO_NOT_MAIL
D123578,0.85608035,DO_NOT_MAIL
D112403,0.015638994,DO_NOT_MAIL
D141697,0.012831236,DO_NOT_MAIL
D130741,0.2944466,DO_NOT_MAIL
D112608,0.09043575,DO_NOT_MAIL
D104840,0.40908304,DO_NOT_MAIL
D128984,0.2890351,DO_NOT_MAIL
D134739,0.53732014,DO_NOT_MAIL
D111736,0.718007,DO_NOT_MAIL
D129446,0.3901946,DO_NOT_MAIL
D104999,0.9642926,MAIL
D125196,0.9434021,DO_NOT_MAIL
D122756,0.7037504,DO_NOT_MAIL
D138489,0.0164424,DO_NOT_MAIL
D101260,0.881872,DO_NOT_MAIL
D120294,0.0891368,DO_NOT_MAIL
D102999,0.8846277,DO_NOT_MAIL
D144381,0.000182531,DO_NOT_MAIL
D121938,0.10702258,DO_NOT_MAIL
D124541,0.9452905,DO_NOT_MAIL
D123071,0.024714578,DO_NOT_MAIL
D136235,0.3590118,DO_NOT_MAIL
D107485,0.9206948,DO_NOT_MAIL
D118216,0.8892806,DO_NOT_MAIL
D127004,0.686391,DO_NOT_MAIL
D138300,0.94078404,DO_NOT_MAIL
D130537,0.48746955,DO_NOT_MAIL
D142325,0.028803656,DO_NOT_MAIL
D121905,0.99087244,MAIL
D138233,0.00029876488,DO_NOT_MAIL
D117205,0.9581196,MAIL
D127819,0.83505756,DO_NOT_MAIL
D115369,0.9745087,MAIL
D133794,0.2856642,DO_NOT_MAIL
D103420,0.9271437,DO_NOT_MAIL
D111662,0.6519063,DO_NOT_MAIL
D110457,0.96828955,MAIL
D141676,0.26201567,DO_NOT_MAIL
D110382,0.97521484,MAIL
D124749,0.93161374,DO_NOT_MAIL
D125631,0.11931211,DO_NOT_MAIL
D127941,0.79437804,DO_NOT_MAIL
D112695,0.9548616,MAIL
D110845,0.9802091,MAIL
D139566,0.002046904,DO_NOT_MAIL
D112346,0.8611976,DO_NOT_MAIL
D134104,0.3726527,DO_NOT_MAIL
D126012,0.68927664,DO_NOT_MAIL
D130489,0.8987183,DO_NOT_MAIL
D108129,0.9009107,DO_NOT_MAIL
D129407,0.9894521,MAIL
D107722,0.9930816,MAIL
D130765,0.90379035,DO_NOT_MAIL
D116966,0.9118403,DO_NOT_MAIL
D122222,0.0046053864,DO_NOT_MAIL
D107740,0.98536533,MAIL
D135982,0.9065897,DO_NOT_MAIL
D137637,0.9349788,DO_NOT_MAIL
D104005,0.06386782,DO_NOT_MAIL
D126472,0.99001616,MAIL
D121336,0.8537907,DO_NOT_MAIL
D105606,0.96121466,MAIL
D118393,0.1798748,DO_NOT_MAIL
D114164,0.6545905,DO_NOT_MAIL
D118641,0.9349788,DO_NOT_MAIL
D143635,0.00047451607,DO_NOT_MAIL
D139439,0.012266925,DO_NOT_MAIL
D111401,0.0780352,DO_NOT_MAIL
D124297,0.82409686,DO_NOT_MAIL
D140090,0.0030013423,DO_NOT_MAIL
D133074,0.88879144,DO_NOT_MAIL
D130661,0.046167567,DO_NOT_MAIL
D115438,0.7480704,DO_NOT_MAIL
D105890,0.63208497,DO_NOT_MAIL
D132476,0.97310525,MAIL
D134933,0.9896332,MAIL
D110856,0.8611976,DO_NOT_MAIL
D120759,0.09541122,DO_NOT_MAIL
D140780,0.9720647,MAIL
D126615,0.977009,MAIL
D100831,0.9658472,MAIL
D121586,0.96996504,MAIL
D109767,0.015511116,DO_NOT_MAIL
D104576,0.0025428678,DO_NOT_MAIL
D121769,0.99034715,MAIL
D120115,0.0009612221,DO_NOT_MAIL
D109867,0.7819923,DO_NOT_MAIL
D141101,0.43510148,DO_NOT_MAIL
D129507,0.8968021,DO_NOT_MAIL
D141002,0.9418979,DO_NOT_MAIL
D119420,0.975021,MAIL
D123463,0.8619678,DO_NOT_MAIL
D109550,0.82066286,DO_NOT_MAIL
D130067,0.031509418,DO_NOT_MAIL
D128882,0.64739084,DO_NOT_MAIL
D143252,0.68077874,DO_NOT_MAIL
D138334,0.00035383354,DO_NOT_MAIL
D125089,0.8483679,DO_NOT_MAIL
D107668,0.37398535,DO_NOT_MAIL
D135381,0.8732268,DO_NOT_MAIL
D109861,0.6788608,DO_NOT_MAIL
D126391,0.97373116,MAIL
D113490,0.8399911,DO_NOT_MAIL
D130736,0.0016230899,DO_NOT_MAIL
D125788,0.8472271,DO_NOT_MAIL
D133345,0.91089255,DO_NOT_MAIL
D125300,0.13553827,DO_NOT_MAIL
D105597,0.025354574,DO_NOT_MAIL
D117448,0.7212274,DO_NOT_MAIL
D126940,0.5935078,DO_NOT_MAIL
D117925,0.843054,DO_NOT_MAIL
D115454,0.8638606,DO_NOT_MAIL
D136153,0.23186848,DO_NOT_MAIL
D119444,0.99230194,MAIL
D101513,0.6660169,DO_NOT_MAIL
D112475,0.7889207,DO_NOT_MAIL
D129656,0.06564522,DO_NOT_MAIL
D134386,0.6431161,DO_NOT_MAIL
D120808,0.84848046,DO_NOT_MAIL
D130817,0.80627024,DO_NOT_MAIL
D138806,0.014932252,DO_NOT_MAIL
D101606,0.93850625,DO_NOT_MAIL
D138905,0.52348596,DO_NOT_MAIL
D137018,0.035614584,DO_NOT_MAIL
D104404,0.008245092,DO_NOT_MAIL
D143247,0.3003446,DO_NOT_MAIL
D130062,0.0027915929,DO_NOT_MAIL
D139825,0.51842767,DO_NOT_MAIL
D136684,0.02484374,DO_NOT_MAIL
D136086,0.69809425,DO_NOT_MAIL
D105564,0.9811429,MAIL
D140664,0.17710079,DO_NOT_MAIL
D124400,0.0004164655,DO_NOT_MAIL
D108599,0.22687677,DO_NOT_MAIL
D144203,0.97844803,MAIL
D141275,0.05872258,DO_NOT_MAIL
D141497,0.6040699,DO_NOT_MAIL
D143446,0.007744778,DO_NOT_MAIL
D116161,0.975021,MAIL
D132111,0.08332077,DO_NOT_MAIL
D102131,0.95568097,MAIL
D134521,0.061208528,DO_NOT_MAIL
D117800,0.0004546764,DO_NOT_MAIL
D123961,0.8537907,DO_NOT_MAIL
D138403,0.89135134,DO_NOT_MAIL
D139897,0.50288635,DO_NOT_MAIL
D141202,0.09962466,DO_NOT_MAIL
D140049,0.016354987,DO_NOT_MAIL
D113504,0.85204154,DO_NOT_MAIL
D111840,0.5139931,DO_NOT_MAIL
D128833,0.8167604,DO_NOT_MAIL
D109576,0.1546733,DO_NOT_MAIL
D118154,0.83528817,DO_NOT_MAIL
D114301,0.9337538,DO_NOT_MAIL
D124720,0.06788081,DO_NOT_MAIL
D124796,0.82004774,DO_NOT_MAIL
D101344,0.91433823,DO_NOT_MAIL
D103737,0.94288254,DO_NOT_MAIL
D134685,0.022446482,DO_NOT_MAIL
D119927,0.05902352,DO_NOT_MAIL
D132379,0.99087244,MAIL
D117409,0.63208497,DO_NOT_MAIL
D103771,0.006079199,DO_NOT_MAIL
D100384,0.9101504,DO_NOT_MAIL
D109954,0.4615115,DO_NOT_MAIL
D138849,0.08622968,DO_NOT_MAIL
D119381,0.16757017,DO_NOT_MAIL
D142753,0.0066341674,DO_NOT_MAIL
D138415,0.9751443,MAIL
D141131,0.30139536,DO_NOT_MAIL
D135448,0.00026062143,DO_NOT_MAIL
D104412,0.00062801596,DO_NOT_MAIL
D131579,0.9602031,MAIL
D123423,0.94612527,DO_NOT_MAIL
D126862,0.9932689,MAIL
D116123,0.93471134,DO_NOT_MAIL
D137585,0.035797674,DO_NOT_MAIL
D126487,0.78250086,DO_NOT_MAIL
D125516,0.9735162,MAIL
D141219,0.007654584,DO_NOT_MAIL
D113621,0.9452333,DO_NOT_MAIL
D110014,0.9716717,MAIL
D110589,0.9332782,DO_NOT_MAIL
D115311,0.7969786,DO_NOT_MAIL
D137293,0.3596793,DO_NOT_MAIL
D118799,0.10384745,DO_NOT_MAIL
D105008,0.9333508,DO_NOT_MAIL
D103562,0.8726598,DO_NOT_MAIL
D119646,0.2394468,DO_NOT_MAIL
D110131,0.54785824,DO_NOT_MAIL
D141346,0.70762503,DO_NOT_MAIL
D100644,0.9009107,DO_NOT_MAIL
D108888,0.5000924,DO_NOT_MAIL
D124092,0.1583933,DO_NOT_MAIL
D113333,0.88723224,DO_NOT_MAIL
D108415,0.84229296,DO_NOT_MAIL
D143896,0.11644789,DO_NOT_MAIL
D141183,0.96960574,MAIL
D105689,0.9701361,MAIL
D136574,0.37099186,DO_NOT_MAIL
D125167,0.4252078,DO_NOT_MAIL
D134616,0.1913066,DO_NOT_MAIL
D127104,0.78538567,DO_NOT_MAIL
D106343,0.7287747,DO_NOT_MAIL
D109500,0.97699124,MAIL
D100526,0.5970978,DO_NOT_MAIL
D116153,0.961119,MAIL
D118665,0.95568097,MAIL
D118719,0.96184963,MAIL
D118293,0.5162167,DO_NOT_MAIL
D104958,0.035424445,DO_NOT_MAIL
D131920,0.93471134,DO_NOT_MAIL
D111238,0.90379035,DO_NOT_MAIL
D143313,0.0045823236,DO_NOT_MAIL
D110597,0.98778266,MAIL
D125678,0.4889459,DO_NOT_MAIL
D117628,0.23165302,DO_NOT_MAIL
D136494,0.009047801,DO_NOT_MAIL
D106325,0.90564024,DO_NOT_MAIL
D113489,0.8332882,DO_NOT_MAIL
D104973,0.9915011,MAIL
D100766,0.92709506,DO_NOT_MAIL
D111059,0.14262836,DO_NOT_MAIL
D132343,0.9921514,MAIL
D139549,0.2060789,DO_NOT_MAIL
D130296,0.8054332,DO_NOT_MAIL
D119514,0.9639058,MAIL
D119037,0.68601966,DO_NOT_MAIL
D101888,0.94078404,DO_NOT_MAIL
D142077,0.026547832,DO_NOT_MAIL
D130023,0.97271967,MAIL
D141852,0.12966444,DO_NOT_MAIL
D115920,0.98471385,MAIL
D119055,0.49444807,DO_NOT_MAIL
D118330,0.8892806,DO_NOT_MAIL
D109122,0.81654066,DO_NOT_MAIL
D111487,0.032879952,DO_NOT_MAIL
D119324,0.9329747,DO_NOT_MAIL
D121554,0.9708299,MAIL
D127756,0.89608073,DO_NOT_MAIL
D135224,0.014298148,DO_NOT_MAIL
D135581,0.04849873,DO_NOT_MAIL
D119771,0.014551127,DO_NOT_MAIL
D110948,0.9806153,MAIL
D101404,0.8087358,DO_NOT_MAIL
D131738,0.9092488,DO_NOT_MAIL
D124316,0.80349946,DO_NOT_MAIL
D120244,0.93806165,DO_NOT_MAIL
D110230,0.9362875,DO_NOT_MAIL
D141317,0.3395491,DO_NOT_MAIL
D130346,0.9441003,DO_NOT_MAIL
D118417,0.9412208,DO_NOT_MAIL
D141646,0.10590081,DO_NOT_MAIL
D103768,0.43296874,DO_NOT_MAIL
D104050,0.8165528,DO_NOT_MAIL
D134500,0.94473964,DO_NOT_MAIL
D115415,0.71163297,DO_NOT_MAIL
D125170,0.86922854,DO_NOT_MAIL
D105904,0.8892487,DO_NOT_MAIL
D133583,0.83528817,DO_NOT_MAIL
D142548,0.0551671,DO_NOT_MAIL
D128596,0.9349788,DO_NOT_MAIL
D136828,0.8111495,DO_NOT_MAIL
D130029,0.70336944,DO_NOT_MAIL
D140812,0.052900497,DO_NOT_MAIL
D120049,0.8572682,DO_NOT_MAIL
D120662,0.96921176,MAIL
D140000,0.83425266,DO_NOT_MAIL
D137517,0.64229894,DO_NOT_MAIL
D110797,0.1841819,DO_NOT_MAIL
D126988,0.38572598,DO_NOT_MAIL
D122138,0.2394468,DO_NOT_MAIL
D103151,0.4507605,DO_NOT_MAIL
D104220,0.016336013,DO_NOT_MAIL
D120128,0.824826,DO_NOT_MAIL
D108278,0.8093756,DO_NOT_MAIL
D134952,0.0003253003,DO_NOT_MAIL
D126808,0.7597075,DO_NOT_MAIL
D112130,0.92150646,DO_NOT_MAIL
D108901,0.9508744,DO_NOT_MAIL
D144492,0.21708094,DO_NOT_MAIL
D127158,0.014037733,DO_NOT_MAIL
D106957,0.52211446,DO_NOT_MAIL
D109706,0.0007342408,DO_NOT_MAIL
D101465,0.8332882,DO_NOT_MAIL
D122722,0.61158323,DO_NOT_MAIL
D101574,0.97337025,MAIL
D103325,0.8427521,DO_NOT_MAIL
D129636,0.7881881,DO_NOT_MAIL
D136941,0.030142734,DO_NOT_MAIL
D117951,0.84848046,DO_NOT_MAIL
D107594,0.98014534,MAIL
D123132,0.9915882,MAIL
D110481,0.90302545,DO_NOT_MAIL
D127435,0.9908206,MAIL
D119010,0.3238702,DO_NOT_MAIL
D121324,0.98464113,MAIL
D103555,0.9347428,DO_NOT_MAIL
D120162,0.3543353,DO_NOT_MAIL
D141667,0.009283043,DO_NOT_MAIL
D131349,0.9508744,DO_NOT_MAIL
D111103,0.10681902,DO_NOT_MAIL
D130446,0.6690531,DO_NOT_MAIL
D118656,0.96632427,MAIL
D110859,0.0016702135,DO_NOT_MAIL
D103004,0.96245515,MAIL
D140306,0.97497773,MAIL
D107524,0.86891735,DO_NOT_MAIL
D123645,0.955618,MAIL
D135853,0.76763546,DO_NOT_MAIL
D131353,0.824826,DO_NOT_MAIL
D114758,0.5943451,DO_NOT_MAIL
D126490,0.24990009,DO_NOT_MAIL
D109015,0.98118603,MAIL
D108030,0.97171783,MAIL
D124263,0.7150551,DO_NOT_MAIL
D143399,0.055220935,DO_NOT_MAIL
D135504,0.04697384,DO_NOT_MAIL
D125423,0.96828955,MAIL
D128720,0.92087764,DO_NOT_MAIL
D115871,0.94473964,DO_NOT_MAIL
D136915,0.8276394,DO_NOT_MAIL
D117394,0.8165528,DO_NOT_MAIL
D131573,0.99481213,MAIL
D119867,0.9711374,MAIL
D139519,0.00180442,DO_NOT_MAIL
D118838,0.9588186,MAIL
D104799,0.00016054169,DO_NOT_MAIL
D128217,0.006267993,DO_NOT_MAIL
D131972,0.67464757,DO_NOT_MAIL
D117087,0.8427521,DO_NOT_MAIL
D126095,0.528885,DO_NOT_MAIL
D101213,0.97441304,MAIL
D120345,0.9807391,MAIL
D131772,0.89545536,DO_NOT_MAIL
D108305,0.99405515,MAIL
D119109,0.70989704,DO_NOT_MAIL
D131746,0.061120346,DO_NOT_MAIL
D119566,0.9716717,MAIL
D108344,0.9685309,MAIL
D103187,0.9583937,MAIL
D128892,0.16378275,DO_NOT_MAIL
D110385,0.035976093,DO_NOT_MAIL
D114188,0.039301667,DO_NOT_MAIL
D104122,4.0271e-05,DO_NOT_MAIL
D129670,0.30844373,DO_NOT_MAIL
D116270,0.83528817,DO_NOT_MAIL
D100770,0.7646645,DO_NOT_MAIL
D105726,0.7513712,DO_NOT_MAIL
D144208,0.06184979,DO_NOT_MAIL
D108077,0.9452333,DO_NOT_MAIL
D122917,0.0023909232,DO_NOT_MAIL
D125038,0.005992568,DO_NOT_MAIL
D108233,0.9691914,MAIL
D126784,0.6690531,DO_NOT_MAIL
D141381,0.0014750846,DO_NOT_MAIL
D112668,0.05614819,DO_NOT_MAIL
D131842,0.019208558,DO_NOT_MAIL
D115718,0.992488,MAIL
D120346,0.3203013,DO_NOT_MAIL
D123716,0.7480704,DO_NOT_MAIL
D140039,0.028238779,DO_NOT_MAIL
D125330,0.7646645,DO_NOT_MAIL
D133681,0.0064922636,DO_NOT_MAIL
D124281,0.01558435,DO_NOT_MAIL
D109361,0.977009,MAIL
D137632,0.78538567,DO_NOT_MAIL
D136602,0.5243425,DO_NOT_MAIL
D107647,0.95764256,MAIL
D121132,0.0025344505,DO_NOT_MAIL
D134649,0.973897,MAIL
D140435,0.20886259,DO_NOT_MAIL
D129333,0.043780725,DO_NOT_MAIL
D100937,0.98464113,MAIL
D114020,0.24324061,DO_NOT_MAIL
D106624,0.040445603,DO_NOT_MAIL
D129134,0.78538567,DO_NOT_MAIL
D129300100,0.9981806,MAIL
D129896,0.97432786,MAIL
D142003,0.34094417,DO_NOT_MAIL
D119864,0.9452333,DO_NOT_MAIL
D135237,0.958693,MAIL
D121398,0.096138425,DO_NOT_MAIL
D107409,0.96004707,MAIL
D111929,0.0006230524,DO_NOT_MAIL
D125438,0.9025419,DO_NOT_MAIL
D140460,0.361999,DO_NOT_MAIL
D125529,0.9807391,MAIL
D112077,0.9212953,DO_NOT_MAIL
D110337,0.5925024,DO_NOT_MAIL
D102168,0.8093756,DO_NOT_MAIL
D119207,0.9062348,DO_NOT_MAIL
D102268,0.010534885,DO_NOT_MAIL
D135983,0.0013812167,DO_NOT_MAIL
D121951,0.008750181,DO_NOT_MAIL
D129607,0.5932417,DO_NOT_MAIL
D119362,0.82965887,DO_NOT_MAIL
D126670,0.36904785,DO_NOT_MAIL
D113004,0.5243425,DO_NOT_MAIL
D139920,0.031522773,DO_NOT_MAIL
D122288,0.71599865,DO_NOT_MAIL
D100904,0.9811509,MAIL
D104586,0.16757017,DO_NOT_MAIL
D121157,0.7667219,DO_NOT_MAIL
D105118,0.7819923,DO_NOT_MAIL
D120674,0.99288416,MAIL
D138036,0.050892524,DO_NOT_MAIL
D130720,0.016695105,DO_NOT_MAIL
D113968,0.7287747,DO_NOT_MAIL
D100071,0.13017674,DO_NOT_MAIL
D124285,8.0095946e-05,DO_NOT_MAIL
D131776,0.56299716,DO_NOT_MAIL
D116704,0.96827155,MAIL
D135862,0.97271967,MAIL
D107805,0.0738428,DO_NOT_MAIL
D116648,0.90302545,DO_NOT_MAIL
D129238,0.824826,DO_NOT_MAIL
D129381,0.941746,DO_NOT_MAIL
D101477,0.99212754,MAIL
D138119,0.046965037,DO_NOT_MAIL
D117055,0.8961919,DO_NOT_MAIL
D105679,0.9433685,DO_NOT_MAIL
D116890,0.3127211,DO_NOT_MAIL
D140709,0.0481632,DO_NOT_MAIL
D139142,0.27335644,DO_NOT_MAIL
D105399,0.99192226,MAIL
D142756,0.008646421,DO_NOT_MAIL
D108475,0.03320596,DO_NOT_MAIL
D106236,0.7304995,DO_NOT_MAIL
D121950,0.1428131,DO_NOT_MAIL
D135527,0.92282313,DO_NOT_MAIL
D139185,0.039712958,DO_NOT_MAIL
D105057,0.9838995,MAIL
D120932,0.22576745,DO_NOT_MAIL
D138165,0.0148342475,DO_NOT_MAIL
D122408,0.6240543,DO_NOT_MAIL
D136622,0.63461775,DO_NOT_MAIL
D135358,0.85706615,DO_NOT_MAIL
D113710,0.8271838,DO_NOT_MAIL
D100284,0.9018583,DO_NOT_MAIL
D112750,0.9658242,MAIL
D122102,0.09719995,DO_NOT_MAIL
D117652,0.96004707,MAIL
D140758,0.03268272,DO_NOT_MAIL
D100134,0.09477357,DO_NOT_MAIL
D109256,0.30030966,DO_NOT_MAIL
D137763,0.732943,DO_NOT_MAIL
D114145,0.82066286,DO_NOT_MAIL
D113149,0.9362875,DO_NOT_MAIL
D144037,0.07291869,DO_NOT_MAIL
D112161,0.8399911,DO_NOT_MAIL
D113389,0.9821608,MAIL
D102717,0.9278522,DO_NOT_MAIL
D120755,0.9294427,DO_NOT_MAIL
D123406,0.9639058,MAIL
D117669,0.96551836,MAIL
D114611,0.92751646,DO_NOT_MAIL
D107790,0.9006484,DO_NOT_MAIL
D112991,0.36268032,DO_NOT_MAIL
D103482,0.9132189,DO_NOT_MAIL
D138263,0.18442832,DO_NOT_MAIL
D101185,0.6816522,DO_NOT_MAIL
D116517,0.92517406,DO_NOT_MAIL
D121067,0.98471385,MAIL
D128323,0.030979646,DO_NOT_MAIL
D101303,0.99171,MAIL
D110270,0.9334319,DO_NOT_MAIL
D120838,0.9602031,MAIL
D100912,0.0003133923,DO_NOT_MAIL
D107543,0.001257343,DO_NOT_MAIL
D139577,0.12217677,DO_NOT_MAIL
D142382,0.41149867,DO_NOT_MAIL
D109579,0.0043395483,DO_NOT_MAIL
D116909,0.62193674,DO_NOT_MAIL
D101060,0.9433685,DO_NOT_MAIL
D107994,0.92517847,DO_NOT_MAIL
D119887,0.013597408,DO_NOT_MAIL
D116969,0.0063860333,DO_NOT_MAIL
D126100,0.92517406,DO_NOT_MAIL
D110559,0.015689837,DO_NOT_MAIL
D130643,0.23528895,DO_NOT_MAIL
D102764,0.9377958,DO_NOT_MAIL
D134609,0.9452333,DO_NOT_MAIL
D114016,0.067488015,DO_NOT_MAIL
D139175,0.002548761,DO_NOT_MAIL
D114257,0.843054,DO_NOT_MAIL
D101385,0.9629351,MAIL
D119379,0.824826,DO_NOT_MAIL
D117826,0.8160377,DO_NOT_MAIL
D103650,0.8698155,DO_NOT_MAIL
D134377,0.8546097,DO_NOT_MAIL
D140028,0.9463915,DO_NOT_MAIL
D130845,0.84869266,DO_NOT_MAIL
D106193,0.9258597,DO_NOT_MAIL
D103081,0.9377958,DO_NOT_MAIL
D121370,0.93025255,DO_NOT_MAIL
D140856,0.9901634,MAIL
D110532,0.31759223,DO_NOT_MAIL
D135578,0.62992483,DO_NOT_MAIL
D130759,0.7287747,DO_NOT_MAIL
D142420,0.5321943,DO_NOT_MAIL
D103190,0.0019647344,DO_NOT_MAIL
D124450,0.5689071,DO_NOT_MAIL
D123469,0.9770189,MAIL
D111634,0.9889976,MAIL
D101440,0.98895055,MAIL
D140038,0.1144235,DO_NOT_MAIL
D102371,0.0004804932,DO_NOT_MAIL
D133501,0.0040432126,DO_NOT_MAIL
D100261,0.98118603,MAIL
D137696,0.63461775,DO_NOT_MAIL
D124839,0.3410514,DO_NOT_MAIL
D106252,0.97271967,MAIL
D141139,0.5726576,DO_NOT_MAIL
D130498,0.2394468,DO_NOT_MAIL
D114406,0.027092872,DO_NOT_MAIL
D125759,0.7738617,DO_NOT_MAIL
D142121,0.51801383,DO_NOT_MAIL
D114826,0.88879144,DO_NOT_MAIL
D125199,0.7037504,DO_NOT_MAIL
D123780,0.042304534,DO_NOT_MAIL
D122523,0.9711374,MAIL
D106728,0.973897,MAIL
D127501,0.7597075,DO_NOT_MAIL
D111850,0.011769171,DO_NOT_MAIL
D126497,0.0422175,DO_NOT_MAIL
D118763,0.95827425,MAIL
D105202,0.43585023,DO_NOT_MAIL
D122334,0.040269252,DO_NOT_MAIL
D118110,0.8659051,DO_NOT_MAIL
D125823,0.7819923,DO_NOT_MAIL
D142523,0.015310976,DO_NOT_MAIL
D126067,0.8881598,DO_NOT_MAIL
D124881,0.9550682,MAIL
D133357,0.97271967,MAIL
D126175,0.4050116,DO_NOT_MAIL
D121090,0.8892487,DO_NOT_MAIL
D133776,0.9257085,DO_NOT_MAIL
D126653,0.94440866,DO_NOT_MAIL
D126662,0.9896332,MAIL
D114376,0.5408743,DO_NOT_MAIL
D123230,0.0017324572,DO_NOT_MAIL
D112186,0.8883942,DO_NOT_MAIL
D114253,0.8968021,DO_NOT_MAIL
D144658,0.9656056,MAIL
D106900,0.90447336,DO_NOT_MAIL
D107462,0.70336944,DO_NOT_MAIL
D140880,0.53127605,DO_NOT_MAIL
D136130,0.98816675,MAIL
D121972,0.9535937,MAIL
D100344,0.8981577,DO_NOT_MAIL
D139221,0.014457022,DO_NOT_MAIL
D105292,0.16270596,DO_NOT_MAIL
D126530,0.93618584,DO_NOT_MAIL
D104480,0.91683275,DO_NOT_MAIL
D127021,0.9225519,DO_NOT_MAIL
D126829,0.25449836,DO_NOT_MAIL
D111921,0.25604987,DO_NOT_MAIL
D113728,0.9333508,DO_NOT_MAIL
D129047,0.5484774,DO_NOT_MAIL
D111674,0.009021217,DO_NOT_MAIL
D100146,0.03607292,DO_NOT_MAIL
D101495,0.37335256,DO_NOT_MAIL
D140859,0.11819746,DO_NOT_MAIL
D100139,0.17345065,DO_NOT_MAIL
D100057,0.013125119,DO_NOT_MAIL
D140353,0.5167713,DO_NOT_MAIL
D138266,0.059937403,DO_NOT_MAIL
D131159,0.2930152,DO_NOT_MAIL
D117411,0.08822462,DO_NOT_MAIL
D137228,0.5191956,DO_NOT_MAIL
D107727,0.9624114,MAIL
D130702,0.9937919,MAIL
D124475,0.029848704,DO_NOT_MAIL
D132038,0.006839643,DO_NOT_MAIL
D133121,0.9274354,DO_NOT_MAIL
D115196,0.97521484,MAIL
D109574,0.85991716,DO_NOT_MAIL
D106842,0.986133,MAIL
D132362,0.88319796,DO_NOT_MAIL
D114891,0.067617945,DO_NOT_MAIL
D117357,0.982675,MAIL
D109688,0.37196398,DO_NOT_MAIL
D108365,0.98214436,MAIL
D101412,0.7287747,DO_NOT_MAIL
D136573,0.117388465,DO_NOT_MAIL
D129195,0.044991452,DO_NOT_MAIL
D141339,0.3694998,DO_NOT_MAIL
D116940,0.67464757,DO_NOT_MAIL
D109811,0.67464757,DO_NOT_MAIL
D140379,0.05220344,DO_NOT_MAIL
D109259,0.9724357,MAIL
D127608,0.055107336,DO_NOT_MAIL
D119683,0.8537907,DO_NOT_MAIL
D122350,0.62193674,DO_NOT_MAIL
D141672,0.0034268587,DO_NOT_MAIL
D133465,0.09512018,DO_NOT_MAIL
D123118,0.95690113,MAIL
D119339,0.023439044,DO_NOT_MAIL
D110540,0.006533174,DO_NOT_MAIL
D122313,0.8009848,DO_NOT_MAIL
D113603,0.029489588,DO_NOT_MAIL
D140540,0.030712519,DO_NOT_MAIL
D123023,0.253906,DO_NOT_MAIL
D133652,0.12313224,DO_NOT_MAIL
D134809,0.010990643,DO_NOT_MAIL
D120335,0.98895055,MAIL
D105588,0.04998997,DO_NOT_MAIL
D132084,0.20088981,DO_NOT_MAIL
D104553,0.033651847,DO_NOT_MAIL
D117862,0.9023609,DO_NOT_MAIL
D100487,0.977445,MAIL
D129665,0.02410847,DO_NOT_MAIL
D135375,0.19295146,DO_NOT_MAIL
D105405,0.824826,DO_NOT_MAIL
D134904,0.97271967,MAIL
D116627,0.97138107,MAIL
D104990,0.9549817,MAIL
D126885,0.009663219,DO_NOT_MAIL
D140095,0.22168261,DO_NOT_MAIL
D120796,0.99329513,MAIL
D139143,0.982343,MAIL
D143711,0.0067443023,DO_NOT_MAIL
D117011,0.9491667,DO_NOT_MAIL
D109620,0.00055054494,DO_NOT_MAIL
D122788,0.96245515,MAIL
D110518,0.07754453,DO_NOT_MAIL
D122939,0.8546097,DO_NOT_MAIL
D131057,0.25449836,DO_NOT_MAIL
D129038,0.62060946,DO_NOT_MAIL
D139056,0.058976687,DO_NOT_MAIL
D141586,0.25615668,DO_NOT_MAIL
D131647,0.5925024,DO_NOT_MAIL
D132025,0.8892487,DO_NOT_MAIL
D123421,0.09660286,DO_NOT_MAIL
D113025,0.96121466,MAIL
D137874,0.9635545,MAIL
D143475,0.6065429,DO_NOT_MAIL
D103869,0.9583937,MAIL
D112406,0.8611976,DO_NOT_MAIL
D109021,0.15215735,DO_NOT_MAIL
D139762,0.16841714,DO_NOT_MAIL
D131533,0.9690147,MAIL
D114547,0.008391707,DO_NOT_MAIL
D101817,0.97578216,MAIL
D130647,0.092163414,DO_NOT_MAIL
D126282,0.96551836,MAIL
D106782,0.5260566,DO_NOT_MAIL
D113702,0.0538107,DO_NOT_MAIL
D103024,0.018445928,DO_NOT_MAIL
D144565,0.95693064,MAIL
D140009,0.10416542,DO_NOT_MAIL
D122842,0.9640741,MAIL
D131488,0.8881598,DO_NOT_MAIL
D138981,0.7521141,DO_NOT_MAIL
D108059,0.8546097,DO_NOT_MAIL
D141869,0.6167257,DO_NOT_MAIL
D126785,0.20661348,DO_NOT_MAIL
D113359,0.9508744,DO_NOT_MAIL
D130225,0.9009107,DO_NOT_MAIL
D115733,0.16757017,DO_NOT_MAIL
D119322,0.94847256,DO_NOT_MAIL
D130461,0.78235626,DO_NOT_MAIL
D112989,0.023142165,DO_NOT_MAIL
D109072,0.09132006,DO_NOT_MAIL
D140398,0.0067451494,DO_NOT_MAIL
D130236,0.049323007,DO_NOT_MAIL
D139275,0.025072385,DO_NOT_MAIL
D112640,0.16055526,DO_NOT_MAIL
D125157,0.9584709,MAIL
D136132,0.16598481,DO_NOT_MAIL
D101530,0.9614345,MAIL
D141249,0.6404239,DO_NOT_MAIL
D115770,0.85706615,DO_NOT_MAIL
D115468,0.72434723,DO_NOT_MAIL
D105841,0.9623464,MAIL
D120959,0.63208497,DO_NOT_MAIL
D103221,0.27450022,DO_NOT_MAIL
D135276,0.00788736,DO_NOT_MAIL
D114210,0.008036133,DO_NOT_MAIL
D125660,0.35074207,DO_NOT_MAIL
D126836,0.01981113,DO_NOT_MAIL
D109656,0.9701361,MAIL
D126691,0.90379035,DO_NOT_MAIL
D129694,0.9654538,MAIL
D100154,0.18211111,DO_NOT_MAIL
D116789,0.84007657,DO_NOT_MAIL
D133050,0.9672093,MAIL
D133860,0.009929366,DO_NOT_MAIL
D106484,0.8693399,DO_NOT_MAIL
D134883,0.8537907,DO_NOT_MAIL
D102438,0.045459934,DO_NOT_MAIL
D106474,0.3005869,DO_NOT_MAIL
D121198,0.92751646,DO_NOT_MAIL
D105482,0.969633,MAIL
D130304,0.8693399,DO_NOT_MAIL
D142679,0.013373438,DO_NOT_MAIL
D106984,0.8852851,DO_NOT_MAIL
D125396,0.39224368,DO_NOT_MAIL
D107593,0.97521484,MAIL
D111808,0.92521757,DO_NOT_MAIL
D135334,0.0075546275,DO_NOT_MAIL
D113376,0.009224053,DO_NOT_MAIL
D124343,0.94440866,DO_NOT_MAIL
D144442,0.90447336,DO_NOT_MAIL
D105363,0.9257085,DO_NOT_MAIL
D103855,0.43296874,DO_NOT_MAIL
D118024,0.9685309,MAIL
D137493,0.70131403,DO_NOT_MAIL
D118783,0.8077166,DO_NOT_MAIL
D129310,0.0004547501,DO_NOT_MAIL
D126442,0.0008349486,DO_NOT_MAIL
D122592,0.9914744,MAIL
D123977,0.026763177,DO_NOT_MAIL
D132139,0.975021,MAIL
D133185,0.9788905,MAIL
D111325,0.9508744,DO_NOT_MAIL
D104777,0.9817869,MAIL
D137297,0.28688198,DO_NOT_MAIL
D133993,0.97982794,MAIL
D144328,0.39883548,DO_NOT_MAIL
D143081,0.0033159775,DO_NOT_MAIL
D112490,0.3984134,DO_NOT_MAIL
D143930,4.430595e-05,DO_NOT_MAIL
D118332,0.9714082,MAIL
D131310,0.9639058,MAIL
D107629,0.8572682,DO_NOT_MAIL
D108953,0.100984745,DO_NOT_MAIL
D107030,0.85991716,DO_NOT_MAIL
D104686,0.8291849,DO_NOT_MAIL
D138652,0.630309,DO_NOT_MAIL
D105977,0.25449836,DO_NOT_MAIL
D107713,0.3998374,DO_NOT_MAIL
D100380,0.9859477,MAIL
D131480,0.7644316,DO_NOT_MAIL
D109270,0.92924166,DO_NOT_MAIL
D132826,0.8611976,DO_NOT_MAIL
D107045,0.82213485,DO_NOT_MAIL
D122392,0.9714092,MAIL
D106526,0.85608035,DO_NOT_MAIL
D130429,0.8332882,DO_NOT_MAIL
D103048,0.93806165,DO_NOT_MAIL
D118626,0.9332782,DO_NOT_MAIL
D141203,0.03925507,DO_NOT_MAIL
D105923,0.004034966,DO_NOT_MAIL
D136605,0.001695139,DO_NOT_MAIL
D100697,0.973722,MAIL
D132974,0.68927664,DO_NOT_MAIL
D129344,0.5399626,DO_NOT_MAIL
D115385,0.9905811,MAIL
D135098,0.4615115,DO_NOT_MAIL
D123708,0.9928227,MAIL
D140739,0.075983815,DO_NOT_MAIL
D121834,0.9347862,DO_NOT_MAIL
D103526,0.99122953,MAIL
D131964,0.3817256,DO_NOT_MAIL
D122500,0.98621076,MAIL
D123925,0.9294427,DO_NOT_MAIL
D140358,0.98565835,MAIL
D142635,0.00396059,DO_NOT_MAIL
D135954,0.0988459,DO_NOT_MAIL
D108703,0.13703649,DO_NOT_MAIL
D115805,0.0012161273,DO_NOT_MAIL
D116485,0.96245515,MAIL
D143319,0.006652604,DO_NOT_MAIL
D122977,0.9711856,MAIL
D137518,0.12829179,DO_NOT_MAIL
D143519,0.14607553,DO_NOT_MAIL
D118065,0.009728136,DO_NOT_MAIL
D100539,0.9462837,DO_NOT_MAIL
D118868,0.96121466,MAIL
D109321,0.0004629276,DO_NOT_MAIL
D130787,0.89608073,DO_NOT_MAIL
D112744,0.9006484,DO_NOT_MAIL
D143736,0.005429636,DO_NOT_MAIL
D104851,0.14114259,DO_NOT_MAIL
D139887,0.29269516,DO_NOT_MAIL
D129183,0.83081913,DO_NOT_MAIL
D110066,0.79660517,DO_NOT_MAIL
D125260,0.96432096,MAIL
D137532,0.016722618,DO_NOT_MAIL
D139327,0.022419777,DO_NOT_MAIL
D134817,0.5722219,DO_NOT_MAIL
D100268,0.9866388,MAIL
D123033,0.9779025,MAIL
D125096,0.92848164,DO_NOT_MAIL
D125295,0.43212163,DO_NOT_MAIL
D137118,0.3459614,DO_NOT_MAIL
D139541,0.01007774,DO_NOT_MAIL
D105513,0.98943824,MAIL
D139987,0.028838625,DO_NOT_MAIL
D112724,0.9329747,DO_NOT_MAIL
D107673,0.9362875,DO_NOT_MAIL
D128307,0.8211532,DO_NOT_MAIL
D106955,0.96558905,MAIL
D123565,0.81474036,DO_NOT_MAIL
D141596,0.0074229953,DO_NOT_MAIL
D111271,0.91089255,DO_NOT_MAIL
D122775,0.03886976,DO_NOT_MAIL
D140761,0.008599585,DO_NOT_MAIL
D138726,0.9669253,MAIL
D142796,0.03710573,DO_NOT_MAIL
D109301,0.98471385,MAIL
D137878,0.018067103,DO_NOT_MAIL
D113868,0.98600113,MAIL
D114426,0.45879155,DO_NOT_MAIL
D107309,0.048389804,DO_NOT_MAIL
D105068,0.8638606,DO_NOT_MAIL
D103536,0.9302993,DO_NOT_MAIL
D115122,0.0031200233,DO_NOT_MAIL
D129051,0.00760275,DO_NOT_MAIL
D110240,0.96483654,MAIL
D112709,0.8165528,DO_NOT_MAIL
D142063,0.07382185,DO_NOT_MAIL
D105674,0.0016191709,DO_NOT_MAIL
D115181,0.99194884,MAIL
D103089,0.011706286,DO_NOT_MAIL
D115139,0.024794914,DO_NOT_MAIL
D134837,0.72434723,DO_NOT_MAIL
D116734,0.036705203,DO_NOT_MAIL
D104899,0.37803388,DO_NOT_MAIL
D119682,0.96558905,MAIL
D110118,0.8665668,DO_NOT_MAIL
D101199,0.77132523,DO_NOT_MAIL
D106069,0.063085854,DO_NOT_MAIL
D140387,0.23852575,DO_NOT_MAIL
D100877,0.86922854,DO_NOT_MAIL
D130158,0.657778,DO_NOT_MAIL
D121328,0.9441003,DO_NOT_MAIL
D138627,0.11342042,DO_NOT_MAIL
D107072,0.9638973,MAIL
D125646,0.00415713,DO_NOT_MAIL
D132748,0.9698342,MAIL
D119855,0.9745087,MAIL
D126270,0.8546097,DO_NOT_MAIL
D114792,0.8665668,DO_NOT_MAIL
D117341,0.029360333,DO_NOT_MAIL
D120452,0.8611976,DO_NOT_MAIL
D141324,0.1780285,DO_NOT_MAIL
D127781,0.46302912,DO_NOT_MAIL
D123627,0.013759077,DO_NOT_MAIL
D114596,0.9347862,DO_NOT_MAIL
D139082,0.043529153,DO_NOT_MAIL
D134642,0.992718,MAIL
D140535,0.0021571706,DO_NOT_MAIL
D129882,0.9799222,MAIL
D106591,0.6545905,DO_NOT_MAIL
D119772,0.72007006,DO_NOT_MAIL
D127479,0.32714772,DO_NOT_MAIL
D128846,0.9924231,MAIL
D120861,0.62193674,DO_NOT_MAIL
D103288,0.99481213,MAIL
D114192,0.0018847658,DO_NOT_MAIL
D120280,0.9917236,MAIL
D119732,0.0010126281,DO_NOT_MAIL
D113633,0.90744495,DO_NOT_MAIL
D100162,0.33820465,DO_NOT_MAIL
D100463,0.03158535,DO_NOT_MAIL
D128722,0.9232493,DO_NOT_MAIL
D113486,0.8077166,DO_NOT_MAIL
D103645,0.86891735,DO_NOT_MAIL
D108028,0.9362875,DO_NOT_MAIL
D144396,0.97138107,MAIL
D121803,0.4615115,DO_NOT_MAIL
D115235,0.9271437,DO_NOT_MAIL
D133563,0.96470815,MAIL
D142638,0.0022830246,DO_NOT_MAIL
D111824,0.37099186,DO_NOT_MAIL
D123272,0.96245515,MAIL
D131400,0.96617204,MAIL
D129649,0.8077166,DO_NOT_MAIL
D102433,0.09848518,DO_NOT_MAIL
D141509,0.014052107,DO_NOT_MAIL
D115973,0.88350093,DO_NOT_MAIL
D126787,0.4615115,DO_NOT_MAIL
D118956,0.9698342,MAIL
D142828,0.6286934,DO_NOT_MAIL
D124244,0.0017073016,DO_NOT_MAIL
D132336,0.20673329,DO_NOT_MAIL
D143136,0.02524269,DO_NOT_MAIL
D105919,0.66958344,DO_NOT_MAIL
D139855,0.07887134,DO_NOT_MAIL
D123768,0.93728566,DO_NOT_MAIL
D135417,0.9701361,MAIL
D128926,0.9811509,MAIL
D135022,0.9039037,DO_NOT_MAIL
D120166,0.9006484,DO_NOT_MAIL
D130002,0.33519644,DO_NOT_MAIL
D124356,0.0020990558,DO_NOT_MAIL
D135058,0.7332227,DO_NOT_MAIL
D126801,0.7287747,DO_NOT_MAIL
D130950,0.949178,DO_NOT_MAIL
D141764,0.00042020713,DO_NOT_MAIL
D118082,0.9737379,MAIL
D111989,0.92436683,DO_NOT_MAIL
D105247,0.4849883,DO_NOT_MAIL
D137550,0.13067763,DO_NOT_MAIL
D101418,0.7332227,DO_NOT_MAIL
D130386,0.9743234,MAIL
D135026,0.82409686,DO_NOT_MAIL
D114538,0.90379035,DO_NOT_MAIL
D141169,0.078092255,DO_NOT_MAIL
D138144,0.383166,DO_NOT_MAIL
D127891,0.68927664,DO_NOT_MAIL
D115395,0.0056967414,DO_NOT_MAIL
D143985,4.274886e-05,DO_NOT_MAIL
D103798,0.95690113,MAIL
D139704,0.06546247,DO_NOT_MAIL
D125584,0.1137588,DO_NOT_MAIL
D113445,0.9257085,DO_NOT_MAIL
D111456,0.973722,MAIL
D143691,0.06261137,DO_NOT_MAIL
D103534,0.63461775,DO_NOT_MAIL
D122250,0.8852851,DO_NOT_MAIL
D128614,0.2658818,DO_NOT_MAIL
D129291,0.8845045,DO_NOT_MAIL
D125463,0.9638973,MAIL
D110522,0.6240543,DO_NOT_MAIL
D137041,0.2312916,DO_NOT_MAIL
D132718,0.9462837,DO_NOT_MAIL
D129986,0.91175425,DO_NOT_MAIL
D127265,0.7889207,DO_NOT_MAIL
D137153,0.4443273,DO_NOT_MAIL
D114013,0.8987183,DO_NOT_MAIL
D122938,0.95690113,MAIL
D136261,0.63069046,DO_NOT_MAIL
D114503,0.8619678,DO_NOT_MAIL
D109555,0.016068174,DO_NOT_MAIL
D107744,0.7287747,DO_NOT_MAIL
D142107,0.032646395,DO_NOT_MAIL
D127236,0.34195936,DO_NOT_MAIL
D133475,0.9716717,MAIL
D132814,0.7304995,DO_NOT_MAIL
D109829,0.9092488,DO_NOT_MAIL
D135332,0.005861803,DO_NOT_MAIL
D100371,0.9397418,DO_NOT_MAIL
D123321,0.8291849,DO_NOT_MAIL
D106455,0.503678,DO_NOT_MAIL
D137416,0.061250575,DO_NOT_MAIL
D114707,0.04466193,DO_NOT_MAIL
D100920,0.768513,DO_NOT_MAIL
D106338,0.024950478,DO_NOT_MAIL
D137008,0.02511886,DO_NOT_MAIL
D137581,0.90659565,DO_NOT_MAIL
D128692,0.97261816,MAIL
D115361,0.73247904,DO_NOT_MAIL
D109323,0.19473793,DO_NOT_MAIL
D123667,0.10924741,DO_NOT_MAIL
D119382,0.97595996,MAIL
D126727,0.9638973,MAIL
D135063,0.40061572,DO_NOT_MAIL
D143915,0.0007519932,DO_NOT_MAIL
D140470,0.016159687,DO_NOT_MAIL
D122216,0.85991716,DO_NOT_MAIL
D105268,0.9508744,DO_NOT_MAIL
D134111,0.86922854,DO_NOT_MAIL
D113700,0.0023643542,DO_NOT_MAIL
D100490,0.04354074,DO_NOT_MAIL
D112255,0.8415551,DO_NOT_MAIL
D135532,0.009194728,DO_NOT_MAIL
D117064,0.016872544,DO_NOT_MAIL
D136039,0.15652515,DO_NOT_MAIL
D107899,0.831485,DO_NOT_MAIL
D136085,0.8726598,DO_NOT_MAIL
D119259,0.8638606,DO_NOT_MAIL
D144621,0.0018409684,DO_NOT_MAIL
D100020,0.01836451,DO_NOT_MAIL
D137349,0.97595996,MAIL
D125050,0.6240543,DO_NOT_MAIL
D103817,0.82066286,DO_NOT_MAIL
D109539,0.9602031,MAIL
D104859,0.0064761024,DO_NOT_MAIL
D110616,0.5364098,DO_NOT_MAIL
D129142,0.10337081,DO_NOT_MAIL
D140428,0.011490165,DO_NOT_MAIL
D142583,0.017842043,DO_NOT_MAIL
D119223,0.88879144,DO_NOT_MAIL
D106897,0.083507456,DO_NOT_MAIL
D143990,0.05576152,DO_NOT_MAIL
D104059,0.90132874,DO_NOT_MAIL
D110955,0.8415551,DO_NOT_MAIL
D101971,0.76219136,DO_NOT_MAIL
D121452,0.0006460198,DO_NOT_MAIL
D136197,0.7989932,DO_NOT_MAIL
D129120,0.95227355,MAIL
D119691,0.45063284,DO_NOT_MAIL
D134070,0.021888964,DO_NOT_MAIL
D126429,0.97468793,MAIL
D109582,0.92532676,DO_NOT_MAIL
D106688,0.8572682,DO_NOT_MAIL
D110446,0.7177682,DO_NOT_MAIL
D101884,0.030390983,DO_NOT_MAIL
D119236,0.8415551,DO_NOT_MAIL
D105347,0.9786309,MAIL
D133348,0.9332782,DO_NOT_MAIL
D102896,0.8167604,DO_NOT_MAIL
D125540,0.5756952,DO_NOT_MAIL
D116575,0.9811509,MAIL
D143024,0.90339804,DO_NOT_MAIL
D128391,0.9811429,MAIL
D135494,0.0069287424,DO_NOT_MAIL
D101203,0.96558905,MAIL
D142122,0.08445333,DO_NOT_MAIL
D111015,0.0045188894,DO_NOT_MAIL
D118349,0.18205671,DO_NOT_MAIL
D114944,0.9554237,MAIL
D141903,0.47776058,DO_NOT_MAIL
D108813,0.84229296,DO_NOT_MAIL
D108944,0.992475,MAIL
D128341,0.93909353,DO_NOT_MAIL
D116011,0.96659976,MAIL
D113424,0.91683275,DO_NOT_MAIL
D124605,0.59683996,DO_NOT_MAIL
D103181,0.9763776,MAIL
D120661,0.23174916,DO_NOT_MAIL
D131761,0.955618,MAIL
D111042,0.04998997,DO_NOT_MAIL
D118390,0.8764,DO_NOT_MAIL
D124077,0.85891783,DO_NOT_MAIL
D128482,0.97767377,MAIL
D122536,0.43296874,DO_NOT_MAIL
D106466,0.8852851,DO_NOT_MAIL
D144458,0.4615115,DO_NOT_MAIL
D128051,0.958693,MAIL
D129534,0.92924166,DO_NOT_MAIL
D131955,0.001014411,DO_NOT_MAIL
D134575,0.1851527,DO_NOT_MAIL
D112321,0.95294404,MAIL
D124594,0.09263743,DO_NOT_MAIL
D117983,0.96828955,MAIL
D143197,0.36117068,DO_NOT_MAIL
D107136,0.36268032,DO_NOT_MAIL
D122027,0.45556083,DO_NOT_MAIL
D114328,0.11184716,DO_NOT_MAIL
D100907,0.99224687,MAIL
D126020,0.17524032,DO_NOT_MAIL
D123909,0.2394468,DO_NOT_MAIL
D104541,0.89891535,DO_NOT_MAIL
D107797,0.010469822,DO_NOT_MAIL
D117187,0.98014534,MAIL
D108192,0.8665668,DO_NOT_MAIL
D132272,0.00837972,DO_NOT_MAIL
D131903,0.83081913,DO_NOT_MAIL
D115457,0.008285398,DO_NOT_MAIL
D133101,0.9869551,MAIL
D102075,0.80330753,DO_NOT_MAIL
D141213,0.009071761,DO_NOT_MAIL
D126340,0.7177682,DO_NOT_MAIL
D100751,0.9685836,MAIL
D110360,0.9658242,MAIL
D123293,0.2360697,DO_NOT_MAIL
D117824,0.95188093,DO_NOT_MAIL
D144528,0.83709186,DO_NOT_MAIL
D119452,0.08590253,DO_NOT_MAIL
D124732,0.97578216,MAIL
D117993,0.9278522,DO_NOT_MAIL
D132279,0.8722838,DO_NOT_MAIL
D144161,0.036534607,DO_NOT_MAIL
D109667,0.9922355,MAIL
D115356,0.93471134,DO_NOT_MAIL
D139397,0.048040893,DO_NOT_MAIL
D137099,0.034085847,DO_NOT_MAIL
D108153,0.9545625,MAIL
D130125,0.90379035,DO_NOT_MAIL
D105967,0.9905811,MAIL
D103414,0.94612527,DO_NOT_MAIL
D120702,0.98706704,MAIL
D125729,0.824826,DO_NOT_MAIL
D114680,0.9412208,DO_NOT_MAIL
D116787,0.92924166,DO_NOT_MAIL
D110554,0.8693399,DO_NOT_MAIL
D113601,0.83081913,DO_NOT_MAIL
D144490,0.5568835,DO_NOT_MAIL
D115960,0.98946196,MAIL
D129516,0.92095155,DO_NOT_MAIL
D126710,0.96137804,MAIL
D113742,0.88723224,DO_NOT_MAIL
D126469,0.96828955,MAIL
D116832,0.41705242,DO_NOT_MAIL
D106318,0.022798281,DO_NOT_MAIL
D104932,0.5925024,DO_NOT_MAIL
D128899,0.0143004665,DO_NOT_MAIL
D101799,0.97261816,MAIL
D139739,0.3475572,DO_NOT_MAIL
D123013,0.00044811371,DO_NOT_MAIL
D139618,0.10766951,DO_NOT_MAIL
D118852,0.9947642,MAIL
D104132,0.82213485,DO_NOT_MAIL
D107300,0.9274354,DO_NOT_MAIL
D129108,0.9932395,MAIL
D111947,0.023347208,DO_NOT_MAIL
D135298,0.9658472,MAIL
D120718,0.9942363,MAIL
D142947,0.016826492,DO_NOT_MAIL
D133822,0.61857706,DO_NOT_MAIL
D128366,0.8883942,DO_NOT_MAIL
D120387,0.023546081,DO_NOT_MAIL
D111366,0.7392137,DO_NOT_MAIL
D115766,0.91089255,DO_NOT_MAIL
D109984,0.90179396,DO_NOT_MAIL
D114163,0.7819923,DO_NOT_MAIL
D106291,0.96921176,MAIL
D130104,0.9549817,MAIL
D118464,0.9092488,DO_NOT_MAIL
D109790,0.40938297,DO_NOT_MAIL
D143132,0.031948302,DO_NOT_MAIL
D134396,0.9914744,MAIL
D120215,0.89661914,DO_NOT_MAIL
D111418,0.23688753,DO_NOT_MAIL
D131811,0.66697764,DO_NOT_MAIL
D128112,0.8611976,DO_NOT_MAIL
D124635,0.8415551,DO_NOT_MAIL
D107778,0.9716717,MAIL
D143213,0.04075303,DO_NOT_MAIL
D134350,0.82409686,DO_NOT_MAIL
D112479,0.19214211,DO_NOT_MAIL
D129692,0.8916998,DO_NOT_MAIL
D141854,0.081745684,DO_NOT_MAIL
D104768,0.0058083553,DO_NOT_MAIL
D100361,0.90302545,DO_NOT_MAIL
D116650,0.6690531,DO_NOT_MAIL
D141650,0.48575714,DO_NOT_MAIL
D130984,0.47833833,DO_NOT_MAIL
D105472,0.035200898,DO_NOT_MAIL
D140883,0.038533088,DO_NOT_MAIL
D144125,0.99675936,MAIL
D130268,0.97928065,MAIL
D107531,0.98002785,MAIL
D100762,0.082113974,DO_NOT_MAIL
D144285,0.14699182,DO_NOT_MAIL
D101230,0.8332882,DO_NOT_MAIL
D114325,0.02662878,DO_NOT_MAIL
D132512,0.7332227,DO_NOT_MAIL
D137906,0.042657588,DO_NOT_MAIL
D112396,0.95294404,MAIL
D102262,0.018357389,DO_NOT_MAIL
D115333,0.8820752,DO_NOT_MAIL
D117117,0.992718,MAIL
D101289,0.63208497,DO_NOT_MAIL
D126213,0.83505756,DO_NOT_MAIL
D137392,0.0008032596,DO_NOT_MAIL
D112351,0.6106876,DO_NOT_MAIL
D134048,0.8347171,DO_NOT_MAIL
D123330,0.5410151,DO_NOT_MAIL
D110624,0.32461217,DO_NOT_MAIL
D134080,0.04795866,DO_NOT_MAIL
D111552,0.029766792,DO_NOT_MAIL
D104862,0.973722,MAIL
D141379,0.13422024,DO_NOT_MAIL
D100397,0.9200955,DO_NOT_MAIL
D140937,0.5870633,DO_NOT_MAIL
D128832,0.9685309,MAIL
D135626,0.033432644,DO_NOT_MAIL
D136017,0.020040572,DO_NOT_MAIL
D131970,0.82409686,DO_NOT_MAIL
D106993,0.5223453,DO_NOT_MAIL
D138053,0.08549149,DO_NOT_MAIL
D133695,0.13148876,DO_NOT_MAIL
D123639,0.118113585,DO_NOT_MAIL
D125783,0.36823782,DO_NOT_MAIL
D122049,0.88723224,DO_NOT_MAIL
D137019,0.023754107,DO_NOT_MAIL
D135241,0.9806153,MAIL
D143492,0.01775223,DO_NOT_MAIL
D141870,0.98075986,MAIL
D105380,0.9259016,DO_NOT_MAIL
D133890,0.0074617025,DO_NOT_MAIL
D105102,0.5943451,DO_NOT_MAIL
D132230,8.517536e-05,DO_NOT_MAIL
D120349,0.88879144,DO_NOT_MAIL
D142423,0.12423886,DO_NOT_MAIL
D111952,0.3203302,DO_NOT_MAIL
D133812,0.9859474,MAIL
D135199,0.99193174,MAIL
D113738,0.98118603,MAIL
D140193,0.0023239176,DO_NOT_MAIL
D113569,0.34155667,DO_NOT_MAIL
D108241,0.96521676,MAIL
D116413,0.013815373,DO_NOT_MAIL
D140959,0.061800122,DO_NOT_MAIL
D130706,0.23999223,DO_NOT_MAIL
D127560,0.87722886,DO_NOT_MAIL
D111445,0.99122953,MAIL
D131583,0.021488281,DO_NOT_MAIL
D140323,0.42186728,DO_NOT_MAIL
D110969,0.36268032,DO_NOT_MAIL
D116711,0.0034387494,DO_NOT_MAIL
D109035,0.8846277,DO_NOT_MAIL
D121030,0.96558905,MAIL
D129519,0.958693,MAIL
D104680,0.039313983,DO_NOT_MAIL
D125829,0.010812445,DO_NOT_MAIL
D119995,0.20366508,DO_NOT_MAIL
D109182,0.8434482,DO_NOT_MAIL
D108889,0.97441304,MAIL
D107140,0.9658472,MAIL
D106574,0.8577184,DO_NOT_MAIL
D120472,0.15789787,DO_NOT_MAIL
D108758,0.92709506,DO_NOT_MAIL
D125235,0.5558977,DO_NOT_MAIL
D100194,0.59491277,DO_NOT_MAIL
D125615,0.24447921,DO_NOT_MAIL
D104692,0.00044920025,DO_NOT_MAIL
D128777,0.831485,DO_NOT_MAIL
D135743,0.843054,DO_NOT_MAIL
D132861,0.85497296,DO_NOT_MAIL
D102008,0.89891535,DO_NOT_MAIL
D139347,0.43747348,DO_NOT_MAIL
D116692,0.8576082,DO_NOT_MAIL
D117189,0.7819923,DO_NOT_MAIL
D109973,0.22687677,DO_NOT_MAIL
D122809,0.22093585,DO_NOT_MAIL
D130202,0.8073583,DO_NOT_MAIL
D142416,0.27652848,DO_NOT_MAIL
D118145,0.93474895,DO_NOT_MAIL
D133032,0.30118683,DO_NOT_MAIL
D115054,0.5832302,DO_NOT_MAIL
D105843,0.94245774,DO_NOT_MAIL
D131907,0.13914289,DO_NOT_MAIL
D120578,0.6106876,DO_NOT_MAIL
D128577,0.8968021,DO_NOT_MAIL
D109202,0.9736867,MAIL
D106630,0.8987183,DO_NOT_MAIL
D113507,0.22093585,DO_NOT_MAIL
D100533,0.030556817,DO_NOT_MAIL
D140120,0.22839992,DO_NOT_MAIL
D107021,0.90179396,DO_NOT_MAIL
D128641,0.96184963,MAIL
D143879,0.031290658,DO_NOT_MAIL
D114830,0.7782216,DO_NOT_MAIL
D113219,0.47306553,DO_NOT_MAIL
D119953,0.8537907,DO_NOT_MAIL
D129498,0.0014321934,DO_NOT_MAIL
D123696,0.9398558,DO_NOT_MAIL
D133924,0.9006484,DO_NOT_MAIL
D105308,0.12035126,DO_NOT_MAIL
D102547,0.92078406,DO_NOT_MAIL
D104490,0.012428561,DO_NOT_MAIL
D126986,0.8536362,DO_NOT_MAIL
D135015,0.90447336,DO_NOT_MAIL
D129192,0.16821223,DO_NOT_MAIL
D105438,0.88891864,DO_NOT_MAIL
D112669,0.99867815,MAIL
D115175,0.038974125,DO_NOT_MAIL
D124480,0.39313316,DO_NOT_MAIL
D125000,0.9881572,MAIL
D126240,0.66697764,DO_NOT_MAIL
D126494,0.2376035,DO_NOT_MAIL
D130197,0.3437562,DO_NOT_MAIL
D118823,0.09854095,DO_NOT_MAIL
D114784,0.8892487,DO_NOT_MAIL
D121225,0.70989704,DO_NOT_MAIL
D142417,0.0020905333,DO_NOT_MAIL
D135902,0.9716717,MAIL
D141562,0.92371094,DO_NOT_MAIL
D113020,0.98066485,MAIL
D108595,0.48687914,DO_NOT_MAIL
D102664,0.96245515,MAIL
D102103,0.18385535,DO_NOT_MAIL
D116584,0.98499227,MAIL
D121290,0.8665668,DO_NOT_MAIL
D117787,0.62193674,DO_NOT_MAIL
D118428,0.93974525,DO_NOT_MAIL
D102068,0.3102648,DO_NOT_MAIL
D128463,0.99193174,MAIL
D110975,0.76365095,DO_NOT_MAIL
D120822,0.967649,MAIL
D102318,0.33927065,DO_NOT_MAIL
D144246,0.05040363,DO_NOT_MAIL
D128518,0.008994392,DO_NOT_MAIL
D137407,0.0465394,DO_NOT_MAIL
D138837,0.00096342526,DO_NOT_MAIL
D128316,0.8536362,DO_NOT_MAIL
D121048,0.26611698,DO_NOT_MAIL
D140087,0.9857245,MAIL
D125830,0.15761915,DO_NOT_MAIL
D126161,0.98002785,MAIL
D116292,0.95294404,MAIL
D109183,0.06417757,DO_NOT_MAIL
D136604,0.0001268236,DO_NOT_MAIL
D139983,0.61495936,DO_NOT_MAIL
D138521,0.0732874,DO_NOT_MAIL
D130651,0.9781108,MAIL
D105628,0.80390793,DO_NOT_MAIL
D138184,0.99618536,MAIL
D140537,0.19499972,DO_NOT_MAIL
D144527,0.8054332,DO_NOT_MAIL
D116790,0.8077166,DO_NOT_MAIL
D124581,0.8447092,DO_NOT_MAIL
D108961,0.89016503,DO_NOT_MAIL
D139367,0.17203958,DO_NOT_MAIL
D127659,0.010772183,DO_NOT_MAIL
D139099,0.017157994,DO_NOT_MAIL
D119792,0.9896332,MAIL
D122118,0.9775019,MAIL
D128927,0.9811429,MAIL
D123372,0.47663742,DO_NOT_MAIL
D125899,0.9859477,MAIL
D142671,0.033782564,DO_NOT_MAIL
D116029,0.7037504,DO_NOT_MAIL
D119690,0.08195855,DO_NOT_MAIL
D137586,0.03507231,DO_NOT_MAIL
D137636,0.006103929,DO_NOT_MAIL
D119670,0.98286635,MAIL
D131344,0.30200407,DO_NOT_MAIL
D123150,0.8846277,DO_NOT_MAIL
D118842,0.095436744,DO_NOT_MAIL
D122342,0.95690113,MAIL
D103742,0.34535658,DO_NOT_MAIL
D136647,0.9917148,MAIL
D111778,0.78262407,DO_NOT_MAIL
D109937,0.01800563,DO_NOT_MAIL
D140109,0.80873877,DO_NOT_MAIL
D141330,0.029662412,DO_NOT_MAIL
D102918,0.011450372,DO_NOT_MAIL
D144392,0.70646477,DO_NOT_MAIL
D139299,0.03268272,DO_NOT_MAIL
D110665,0.0048906757,DO_NOT_MAIL
D120737,0.97928065,MAIL
D118954,0.29273427,DO_NOT_MAIL
D108846,0.26543677,DO_NOT_MAIL
D137895,0.0080125285,DO_NOT_MAIL
D138569,0.36442408,DO_NOT_MAIL
D142477,0.08791801,DO_NOT_MAIL
D133635,0.91175425,DO_NOT_MAIL
D113460,0.9792474,MAIL
D132856,0.9458556,DO_NOT_MAIL
D134313,0.9637091,MAIL
D100606,0.9685836,MAIL
D132717,0.9025419,DO_NOT_MAIL
D140833,0.020072939,DO_NOT_MAIL
D131049,0.5925024,DO_NOT_MAIL
D130504,0.83505756,DO_NOT_MAIL
D123861,0.6879517,DO_NOT_MAIL
D126380,0.00093252363,DO_NOT_MAIL
D112279,0.86922854,DO_NOT_MAIL
D104736,0.3127211,DO_NOT_MAIL
D108635,0.036515106,DO_NOT_MAIL
D122516,0.9716717,MAIL
D119524,0.9257085,DO_NOT_MAIL
D139219,0.04715469,DO_NOT_MAIL
D116805,0.07111905,DO_NOT_MAIL
D119704,0.3127211,DO_NOT_MAIL
D125036,0.9917148,MAIL
D116200,0.9003407,DO_NOT_MAIL
D116182,0.89230096,DO_NOT_MAIL
D144685,0.97271967,MAIL
D144653,0.65463436,DO_NOT_MAIL
D141084,0.026681311,DO_NOT_MAIL
D132599,0.9039037,DO_NOT_MAIL
D103870,0.006029526,DO_NOT_MAIL
D120286,0.9377958,DO_NOT_MAIL
D132760,0.041876346,DO_NOT_MAIL
D101041,0.77132523,DO_NOT_MAIL
D124101,0.06949226,DO_NOT_MAIL
D125265,0.0038454158,DO_NOT_MAIL
D117765,0.63208497,DO_NOT_MAIL
D105205,0.96500885,MAIL
D131409,0.9583937,MAIL
D109283,0.9821608,MAIL
D124040,0.8087358,DO_NOT_MAIL
D136091,0.9908025,MAIL
D126399,0.8987183,DO_NOT_MAIL
D144096,0.0008272557,DO_NOT_MAIL
D140547,0.9463915,DO_NOT_MAIL
D138931,0.9905991,MAIL
D140001,0.019521562,DO_NOT_MAIL
D130619,0.8981577,DO_NOT_MAIL
D117164,0.8764,DO_NOT_MAIL
D138675,0.4043454,DO_NOT_MAIL
D129869,0.9662585,MAIL
D108093,0.98631525,MAIL
D100715,0.6545905,DO_NOT_MAIL
D129391,0.9745087,MAIL
D102782,0.85481644,DO_NOT_MAIL
D112079,0.36944395,DO_NOT_MAIL
D135959,0.9701361,MAIL
D135960,0.9452905,DO_NOT_MAIL
D131253,0.970204,MAIL
D129686,0.017148076,DO_NOT_MAIL
D115268,0.6545905,DO_NOT_MAIL
D108778,0.8595816,DO_NOT_MAIL
D108864,0.70336944,DO_NOT_MAIL
D138878,0.14295289,DO_NOT_MAIL
D118084,0.9662585,MAIL
D111564,0.93806165,DO_NOT_MAIL
D116000,0.09779612,DO_NOT_MAIL
D106229,0.011163468,DO_NOT_MAIL
D143340,0.00829738,DO_NOT_MAIL
D140218,0.0041470136,DO_NOT_MAIL
D142747,0.010537027,DO_NOT_MAIL
D122640,0.66144156,DO_NOT_MAIL
D100796,0.9685309,MAIL
D127365,0.96617204,MAIL
D137931,0.08046221,DO_NOT_MAIL
D113378,0.90660757,DO_NOT_MAIL
D130109,0.967649,MAIL
D114281,0.6240543,DO_NOT_MAIL
D103690,0.7131872,DO_NOT_MAIL
D139818,0.85325,DO_NOT_MAIL
D107204,0.8693399,DO_NOT_MAIL
D109899,0.03141487,DO_NOT_MAIL
D118777,0.79437804,DO_NOT_MAIL
D142435,0.005524492,DO_NOT_MAIL
D144401,0.3998767,DO_NOT_MAIL
D121634,0.026605485,DO_NOT_MAIL
D138794,0.27622014,DO_NOT_MAIL
D118111,0.5410151,DO_NOT_MAIL
D143272,0.8747623,DO_NOT_MAIL
D141065,0.0044001173,DO_NOT_MAIL
D126837,0.010847619,DO_NOT_MAIL
D109840,0.0968939,DO_NOT_MAIL
D112481,0.02048203,DO_NOT_MAIL
D100048,0.8982574,DO_NOT_MAIL
D111185,0.79437804,DO_NOT_MAIL
D140749,0.61782604,DO_NOT_MAIL
D120298,0.92679274,DO_NOT_MAIL
D110810,0.97866356,MAIL
D105406,0.91026044,DO_NOT_MAIL
D102921,0.11103448,DO_NOT_MAIL
D117997,0.27428523,DO_NOT_MAIL
D108660,0.9799463,MAIL
D115390,0.98287404,MAIL
D138728,0.6183543,DO_NOT_MAIL
D133548,0.9508744,DO_NOT_MAIL
D122674,0.31641492,DO_NOT_MAIL
D141380,0.03925507,DO_NOT_MAIL
D122010,0.0838213,DO_NOT_MAIL
D124210,0.973722,MAIL
D136375,0.67464757,DO_NOT_MAIL
D117252,0.99243426,MAIL
D114183,0.7969786,DO_NOT_MAIL
D125551,0.72434723,DO_NOT_MAIL
D125496,0.7969786,DO_NOT_MAIL
D110544,0.35712892,DO_NOT_MAIL
D105975,0.79437804,DO_NOT_MAIL
D130536,0.98068994,MAIL
D140030,0.26249003,DO_NOT_MAIL
D102399,0.16016088,DO_NOT_MAIL
D104719,0.011754788,DO_NOT_MAIL
D112921,0.98499227,MAIL
D101394,0.9657949,MAIL
D138395,0.016578486,DO_NOT_MAIL
D137051,0.008222625,DO_NOT_MAIL
D118596,0.82066286,DO_NOT_MAIL
D125461,0.8981577,DO_NOT_MAIL
D114418,0.89891535,DO_NOT_MAIL
D133971,0.83830553,DO_NOT_MAIL
D118927,0.4286025,DO_NOT_MAIL
D110420,0.8291849,DO_NOT_MAIL
D106967,0.8483679,DO_NOT_MAIL
D102924,0.83729506,DO_NOT_MAIL
D110379,0.45090985,DO_NOT_MAIL
D117501,0.6749894,DO_NOT_MAIL
D119984,0.92679274,DO_NOT_MAIL
D135386,0.96121466,MAIL
D127394,0.87192446,DO_NOT_MAIL
D108220,0.7332227,DO_NOT_MAIL
D104437,0.9007612,DO_NOT_MAIL
D122671,0.8665668,DO_NOT_MAIL
D116379,0.4615115,DO_NOT_MAIL
D129553,0.9758908,MAIL
D132036,0.9118403,DO_NOT_MAIL
D107817,0.9658472,MAIL
D108361,0.89545536,DO_NOT_MAIL
D138949,0.94287694,DO_NOT_MAIL
D141719,0.27119437,DO_NOT_MAIL
D127882,0.7226957,DO_NOT_MAIL
D110097,0.8365779,DO_NOT_MAIL
D105164,0.064839184,DO_NOT_MAIL
D117687,0.11819919,DO_NOT_MAIL
D113669,0.263628,DO_NOT_MAIL
D109230,0.29273427,DO_NOT_MAIL
D132711,0.97441304,MAIL
D137390,0.986133,MAIL
D118388,0.6545905,DO_NOT_MAIL
D120531,0.85204154,DO_NOT_MAIL
D126208,0.9037972,DO_NOT_MAIL
D120572,0.35508165,DO_NOT_MAIL
D139718,0.00027630775,DO_NOT_MAIL
D119470,0.0048284386,DO_NOT_MAIL
D134145,0.8869641,DO_NOT_MAIL
D131028,0.004579634,DO_NOT_MAIL
D108347,0.6725385,DO_NOT_MAIL
D110081,0.8809452,DO_NOT_MAIL
D104504,0.011616957,DO_NOT_MAIL
D100671,0.97441304,MAIL
D126430,0.973722,MAIL
D106336,0.83709186,DO_NOT_MAIL
D112652,0.0027328986,DO_NOT_MAIL
D132630,0.001472158,DO_NOT_MAIL
D113754,0.850333,DO_NOT_MAIL
D144602,0.8611976,DO_NOT_MAIL
D122032,0.062103845,DO_NOT_MAIL
D108925,0.1747184,DO_NOT_MAIL
D144103,0.16178855,DO_NOT_MAIL
D134879,0.8911685,DO_NOT_MAIL
D109327,0.15620288,DO_NOT_MAIL
D115458,0.992207,MAIL
D113622,0.7304995,DO_NOT_MAIL
D129600,0.39785454,DO_NOT_MAIL
D102340,0.00054863584,DO_NOT_MAIL
D130281,0.9895745,MAIL
D114327,0.039739713,DO_NOT_MAIL
D122716,0.9606411,MAIL
D106932,0.0009017603,DO_NOT_MAIL
D117517,0.62353516,DO_NOT_MAIL
D118298,0.8983231,DO_NOT_MAIL
D142962,0.0023914329,DO_NOT_MAIL
D129456,0.9006484,DO_NOT_MAIL
D120393,0.95827425,MAIL
D100098,0.6008933,DO_NOT_MAIL
D136830,0.0068973154,DO_NOT_MAIL
D120800,0.9779025,MAIL
D103347,0.98123413,MAIL
D102619,0.012915341,DO_NOT_MAIL
D139895,0.003532855,DO_NOT_MAIL
D139001,0.1057687,DO_NOT_MAIL
D112157,0.4615115,DO_NOT_MAIL
D114960,0.96086204,MAIL
D135675,0.012160389,DO_NOT_MAIL
D119570,0.0020337598,DO_NOT_MAIL
D140302,0.036368668,DO_NOT_MAIL
D130334,0.8073583,DO_NOT_MAIL
D105366,0.9377958,DO_NOT_MAIL
D132180,0.014330375,DO_NOT_MAIL
D101391,0.5243425,DO_NOT_MAIL
D117905,0.3817256,DO_NOT_MAIL
D101226,0.3238702,DO_NOT_MAIL
D105005,0.3172677,DO_NOT_MAIL
D116239,0.9705541,MAIL
D123496,0.7392137,DO_NOT_MAIL
D108085,0.97441304,MAIL
D108548,0.25449836,DO_NOT_MAIL
D123517,0.9278522,DO_NOT_MAIL
D136231,0.1450534,DO_NOT_MAIL
D127906,0.9278522,DO_NOT_MAIL
D137487,0.6298877,DO_NOT_MAIL
D102410,0.2906402,DO_NOT_MAIL
D103505,0.98628366,MAIL
D134647,0.8881307,DO_NOT_MAIL
D128637,0.90447336,DO_NOT_MAIL
D120819,0.8674533,DO_NOT_MAIL
D113181,0.8698155,DO_NOT_MAIL
D103684,0.43296874,DO_NOT_MAIL
D141488,0.01693224,DO_NOT_MAIL
D125923,0.9009107,DO_NOT_MAIL
D141741,0.01693224,DO_NOT_MAIL
D142482,0.22657697,DO_NOT_MAIL
D114005,0.23135762,DO_NOT_MAIL
D108273,0.19885138,DO_NOT_MAIL
D112249,0.97138107,MAIL
D111118,0.9714092,MAIL
D140474,0.04675667,DO_NOT_MAIL
D138051,0.16965266,DO_NOT_MAIL
D122560,0.92521757,DO_NOT_MAIL
D121000,0.95693064,MAIL
D127496,0.718007,DO_NOT_MAIL
D131520,0.8332882,DO_NOT_MAIL
D132504,0.0020727806,DO_NOT_MAIL
D121531,0.0093795685,DO_NOT_MAIL
D141424,0.007759203,DO_NOT_MAIL
D132398,0.9917148,MAIL
D123083,0.82409686,DO_NOT_MAIL
D139857,0.17729138,DO_NOT_MAIL
D136424,0.018701416,DO_NOT_MAIL
D105652,0.5410151,DO_NOT_MAIL
D112294,0.7738617,DO_NOT_MAIL
D102325,0.021083567,DO_NOT_MAIL
D131025,0.46778214,DO_NOT_MAIL
D100686,0.83709186,DO_NOT_MAIL
D136702,0.96626717,MAIL
D128446,0.0017048474,DO_NOT_MAIL
D117286,0.7236768,DO_NOT_MAIL
D101145,0.25449836,DO_NOT_MAIL
D142987,0.01635235,DO_NOT_MAIL
D126556,0.96258026,MAIL
D121177,0.87192446,DO_NOT_MAIL
D142175,0.0685147,DO_NOT_MAIL
D119185,0.42597827,DO_NOT_MAIL
D121598,0.9724357,MAIL
D138665,0.07949849,DO_NOT_MAIL
D139318,0.054524906,DO_NOT_MAIL
D120981,0.034509286,DO_NOT_MAIL
D129820,0.9452333,DO_NOT_MAIL
D141607,0.26154184,DO_NOT_MAIL
D117029,0.7108198,DO_NOT_MAIL
D134281,0.9176977,DO_NOT_MAIL
D121885,0.94473964,DO_NOT_MAIL
D129453,0.90302545,DO_NOT_MAIL
D139862,0.64110106,DO_NOT_MAIL
D136291,0.8693399,DO_NOT_MAIL
D116369,0.7646645,DO_NOT_MAIL
D113518,0.9434505,DO_NOT_MAIL
D127034,0.9690147,MAIL
D112243,0.011511778,DO_NOT_MAIL
D118044,0.059182487,DO_NOT_MAIL
D103950,0.047575943,DO_NOT_MAIL
D127566,0.92532676,DO_NOT_MAIL
D114314,0.9916916,MAIL
D120431,0.9905811,MAIL
D136717,0.97521484,MAIL
D127495,0.0068357997,DO_NOT_MAIL
D101892,0.014330375,DO_NOT_MAIL
D135166,0.86922854,DO_NOT_MAIL
D135641,0.01858319,DO_NOT_MAIL
D142436,0.18727015,DO_NOT_MAIL
D121551,0.0012703278,DO_NOT_MAIL
D142401,0.029809788,DO_NOT_MAIL
D142115,0.18990368,DO_NOT_MAIL
D110302,0.97699124,MAIL
D112966,0.9584709,MAIL
D113739,0.9715028,MAIL
D128597,0.12098304,DO_NOT_MAIL
D134666,0.94078404,DO_NOT_MAIL
D126179,0.97521484,MAIL
D135351,0.98523545,MAIL
D110999,0.84869266,DO_NOT_MAIL
D132102,0.923037,DO_NOT_MAIL
D100851,0.7646645,DO_NOT_MAIL
D107909,0.9672093,MAIL
D122986,0.9658472,MAIL
D109776,0.00018472607,DO_NOT_MAIL
D111646,0.005190892,DO_NOT_MAIL
D103576,0.007502126,DO_NOT_MAIL
D108519,0.9397745,DO_NOT_MAIL
D122276,0.8073583,DO_NOT_MAIL
D120159,0.9802091,MAIL
D134657,0.04773066,DO_NOT_MAIL
D110679,0.94440866,DO_NOT_MAIL
D132531,0.008292433,DO_NOT_MAIL
D123458,0.9762113,MAIL
D114995,0.8698155,DO_NOT_MAIL
D137398,0.98721606,MAIL
D101387,0.044037577,DO_NOT_MAIL
D103333,0.9638973,MAIL
D101056,0.7287747,DO_NOT_MAIL
D123888,0.9092488,DO_NOT_MAIL
D122736,0.96432096,MAIL
D139063,0.19649795,DO_NOT_MAIL
D135240,0.8989707,DO_NOT_MAIL
D138911,0.64066297,DO_NOT_MAIL
D138776,0.95940536,MAIL
D129019,0.094470955,DO_NOT_MAIL
D144597,0.9711856,MAIL
D134779,0.97524184,MAIL
D102189,0.42363968,DO_NOT_MAIL
D142095,0.73969823,DO_NOT_MAIL
D118816,0.95764256,MAIL
D101743,0.9434021,DO_NOT_MAIL
D126397,0.9039037,DO_NOT_MAIL
D112757,0.0022818563,DO_NOT_MAIL
D107454,0.8989707,DO_NOT_MAIL
D112730,0.0018860662,DO_NOT_MAIL
D142054,0.9761544,MAIL
D143723,0.0012642985,DO_NOT_MAIL
D139899,0.902745,DO_NOT_MAIL
D106011,0.0070148106,DO_NOT_MAIL
D123270,0.020668669,DO_NOT_MAIL
D128385,9.1792695e-05,DO_NOT_MAIL
D122335,0.16261378,DO_NOT_MAIL
D130871,0.94418365,DO_NOT_MAIL
D117592,0.37600282,DO_NOT_MAIL
D122324,0.03264815,DO_NOT_MAIL
D134526,0.99051017,MAIL
D125983,0.021313421,DO_NOT_MAIL
D134138,0.8659051,DO_NOT_MAIL
D106729,0.8881598,DO_NOT_MAIL
D102819,0.99300885,MAIL
D123848,0.9747233,MAIL
D117393,0.26162183,DO_NOT_MAIL
D126352,0.99101263,MAIL
D134437,0.9631384,MAIL
D127065,0.80441886,DO_NOT_MAIL
D140040,0.091034524,DO_NOT_MAIL
D138086,0.19703238,DO_NOT_MAIL
D109495,0.48965883,DO_NOT_MAIL
D119186,0.031211372,DO_NOT_MAIL
D111958,0.96632427,MAIL
D144449,0.0015969458,DO_NOT_MAIL
D114726,0.98778266,MAIL
D125070,0.96223414,MAIL
D108370,0.35562104,DO_NOT_MAIL
D132033,0.8427521,DO_NOT_MAIL
D104743,0.0041875397,DO_NOT_MAIL
D121626,0.9349788,DO_NOT_MAIL
D120695,0.7304995,DO_NOT_MAIL
D126473,0.80330753,DO_NOT_MAIL
D137724,0.98131096,MAIL
D137090,0.7819923,DO_NOT_MAIL
D113408,0.0027823495,DO_NOT_MAIL
D140263,0.0023505287,DO_NOT_MAIL
D122141,0.9946562,MAIL
D107791,0.56008244,DO_NOT_MAIL
D128187,0.88971186,DO_NOT_MAIL
D102180,0.064232126,DO_NOT_MAIL
D143541,0.019352613,DO_NOT_MAIL
D140974,0.009132111,DO_NOT_MAIL
D121163,0.9259016,DO_NOT_MAIL
D117419,0.9334319,DO_NOT_MAIL
D119317,0.7304995,DO_NOT_MAIL
D104042,0.0914005,DO_NOT_MAIL
D100043,0.31837726,DO_NOT_MAIL
D118639,0.9848391,MAIL
D100114,0.70336944,DO_NOT_MAIL
D117042,0.88971186,DO_NOT_MAIL
D128935,0.22093585,DO_NOT_MAIL
D123859,0.9306288,DO_NOT_MAIL
D133978,0.25194332,DO_NOT_MAIL
D133527,0.08263923,DO_NOT_MAIL
D102090,0.054951403,DO_NOT_MAIL
D135262,0.9009107,DO_NOT_MAIL
D121734,0.4037885,DO_NOT_MAIL
D121768,0.29881567,DO_NOT_MAIL
D127066,0.9745087,MAIL
D134414,0.90179396,DO_NOT_MAIL
D122595,0.9915011,MAIL
D130155,0.76365095,DO_NOT_MAIL
D101652,0.84869266,DO_NOT_MAIL
D106898,0.5243425,DO_NOT_MAIL
D119542,0.74577886,DO_NOT_MAIL
D108178,0.8595816,DO_NOT_MAIL
D115602,0.8968021,DO_NOT_MAIL
D119006,0.002752466,DO_NOT_MAIL
D138561,0.3315238,DO_NOT_MAIL
D112851,0.9581196,MAIL
D134517,0.85991716,DO_NOT_MAIL
D104798,0.004638221,DO_NOT_MAIL
D144089,0.00666745,DO_NOT_MAIL
D115051,0.032218542,DO_NOT_MAIL
D115549,0.9271437,DO_NOT_MAIL
D132912,0.9395277,DO_NOT_MAIL
D119489,0.7392137,DO_NOT_MAIL
D139132,0.6673288,DO_NOT_MAIL
D124624,0.92751646,DO_NOT_MAIL
D132013,0.0004823651,DO_NOT_MAIL
D110147,0.92517847,DO_NOT_MAIL
D100668,0.7304995,DO_NOT_MAIL
D134628,0.9915011,MAIL
D107615,0.65463436,DO_NOT_MAIL
D142320,0.46877727,DO_NOT_MAIL
D105808,0.9777964,MAIL
D123684,0.83830553,DO_NOT_MAIL
D137596,0.94078404,DO_NOT_MAIL
D139764,0.52196324,DO_NOT_MAIL
D103538,0.004785226,DO_NOT_MAIL
D134681,0.975021,MAIL
D109897,0.8981577,DO_NOT_MAIL
D107529,0.9452905,DO_NOT_MAIL
D129475,0.7969786,DO_NOT_MAIL
D120167,0.8165528,DO_NOT_MAIL
D109673,0.85706615,DO_NOT_MAIL
D124600,0.00010676084,DO_NOT_MAIL
D107036,0.0035803723,DO_NOT_MAIL
D124469,0.62353516,DO_NOT_MAIL
D122059,0.007905645,DO_NOT_MAIL
D104330,0.528885,DO_NOT_MAIL
D143784,0.03939954,DO_NOT_MAIL
D142302,0.38572863,DO_NOT_MAIL
D127191,0.039260432,DO_NOT_MAIL
D129862,0.1258442,DO_NOT_MAIL
D114054,0.97019583,MAIL
D104563,0.9799463,MAIL
D112235,0.0064197634,DO_NOT_MAIL
D104390,0.11208201,DO_NOT_MAIL
D133824,0.9894521,MAIL
D144624,0.8284125,DO_NOT_MAIL
D139680,0.058505554,DO_NOT_MAIL
D129351,0.9905811,MAIL
D125358,0.9433685,DO_NOT_MAIL
D109480,0.008538528,DO_NOT_MAIL
D120117,0.050980188,DO_NOT_MAIL
D101039,0.11456907,DO_NOT_MAIL
D133318,0.85608035,DO_NOT_MAIL
D143163,0.44316095,DO_NOT_MAIL
D128517,0.43296874,DO_NOT_MAIL
D114185,0.98464113,MAIL
D119780,0.7476678,DO_NOT_MAIL
D117309,0.2394468,DO_NOT_MAIL
D132864,0.79437804,DO_NOT_MAIL
D142594,0.004566042,DO_NOT_MAIL
D102012,0.4482115,DO_NOT_MAIL
D117237,0.7819923,DO_NOT_MAIL
D107683,0.982675,MAIL
D117769,0.050884105,DO_NOT_MAIL
D133450,0.992488,MAIL
D124510,0.22687677,DO_NOT_MAIL
D136248,0.01345011,DO_NOT_MAIL
D124828,0.66958344,DO_NOT_MAIL
D140871,0.012446793,DO_NOT_MAIL
D136936,0.52650124,DO_NOT_MAIL
D107357,0.7646645,DO_NOT_MAIL
D134582,0.094269715,DO_NOT_MAIL
D121815,0.92245203,DO_NOT_MAIL
D127153,0.6321696,DO_NOT_MAIL
D116415,0.7287747,DO_NOT_MAIL
D143244,0.012471963,DO_NOT_MAIL
D100964,0.04935492,DO_NOT_MAIL
D121988,0.9693406,MAIL
D129253,0.96121466,MAIL
D131613,0.8659051,DO_NOT_MAIL
D132675,0.92679274,DO_NOT_MAIL
D143278,0.0026327015,DO_NOT_MAIL
D123226,0.17744428,DO_NOT_MAIL
D122300,0.36105028,DO_NOT_MAIL
D138181,0.01890113,DO_NOT_MAIL
D137308,0.831485,DO_NOT_MAIL
D140528,0.7708563,DO_NOT_MAIL
D141521,0.09909614,DO_NOT_MAIL
D143030,0.009219814,DO_NOT_MAIL
D123278,0.83729506,DO_NOT_MAIL
D122857,0.961997,MAIL
D106516,0.8698155,DO_NOT_MAIL
D125151,0.89545536,DO_NOT_MAIL
D122161,0.9658472,MAIL
D108044,0.0009016336,DO_NOT_MAIL
D132459,0.97452503,MAIL
D118056,0.9003407,DO_NOT_MAIL
D128074,0.01614916,DO_NOT_MAIL
D104573,0.025752326,DO_NOT_MAIL
D118676,0.78161925,DO_NOT_MAIL
D112776,0.973722,MAIL
D115154,0.114706054,DO_NOT_MAIL
D131654,0.9758908,MAIL
D101501,0.8332882,DO_NOT_MAIL
D120940,0.43296874,DO_NOT_MAIL
D121523,0.67464757,DO_NOT_MAIL
D126689,0.98834795,MAIL
D130970,0.9833103,MAIL
D126251,0.9462837,DO_NOT_MAIL
D131667,0.40316465,DO_NOT_MAIL
D116267,0.015760118,DO_NOT_MAIL
D113082,0.76365095,DO_NOT_MAIL
D102520,0.8006554,DO_NOT_MAIL
D103313,0.8282978,DO_NOT_MAIL
D124750,0.9788905,MAIL
D104818,0.33679396,DO_NOT_MAIL
D127408,0.954501,MAIL
D137201,0.3666851,DO_NOT_MAIL
D135203,0.9669261,MAIL
D128701,0.8602647,DO_NOT_MAIL
D110604,0.00348082,DO_NOT_MAIL
D100814,0.43585023,DO_NOT_MAIL
D112702,0.8472271,DO_NOT_MAIL
D134971,0.83709186,DO_NOT_MAIL
D121539,0.65463436,DO_NOT_MAIL
D124889,0.20233862,DO_NOT_MAIL
D112105,0.953535,MAIL
D123602,0.7969786,DO_NOT_MAIL
D142568,0.07345845,DO_NOT_MAIL
D114392,0.9554478,MAIL
D123082,0.92648846,DO_NOT_MAIL
D126606,0.93300116,DO_NOT_MAIL
D127951,0.65463436,DO_NOT_MAIL
D142800,0.027501855,DO_NOT_MAIL
D113277,0.35815972,DO_NOT_MAIL
D117381,0.25067386,DO_NOT_MAIL
D112667,0.92679274,DO_NOT_MAIL
D101062,0.9433685,DO_NOT_MAIL
D137277,0.9377958,DO_NOT_MAIL
D128874,0.039939236,DO_NOT_MAIL
D108217,0.97441304,MAIL
D120234,0.9550682,MAIL
D104708,0.9698342,MAIL
D131378,0.9258597,DO_NOT_MAIL
D130805,0.08801997,DO_NOT_MAIL
D126882,0.1705093,DO_NOT_MAIL
D122255,0.84686965,DO_NOT_MAIL
D131309,0.0023775978,DO_NOT_MAIL
D124688,0.03070321,DO_NOT_MAIL
D133289,0.003114915,DO_NOT_MAIL
D117804,0.94440866,DO_NOT_MAIL
D111376,0.9972416,MAIL
D104068,0.000105387255,DO_NOT_MAIL
D131045,0.021534149,DO_NOT_MAIL
D136195,0.012404254,DO_NOT_MAIL
D125669,0.3817256,DO_NOT_MAIL
D116059,0.9329747,DO_NOT_MAIL
D123706,0.9490709,DO_NOT_MAIL
D132507,0.84686965,DO_NOT_MAIL
D106659,0.9549817,MAIL
D120588,0.7287747,DO_NOT_MAIL
D124166,0.01285007,DO_NOT_MAIL
D104914,5.647547e-05,DO_NOT_MAIL
D124393,0.36268032,DO_NOT_MAIL
D100337,0.9434021,DO_NOT_MAIL
D115894,0.8399911,DO_NOT_MAIL
D105842,0.92087764,DO_NOT_MAIL
D107497,0.030449852,DO_NOT_MAIL
D131058,0.22028297,DO_NOT_MAIL
D124259,0.9675739,MAIL
D112586,0.96483654,MAIL
D109614,0.6118895,DO_NOT_MAIL
D120703,0.9642926,MAIL
D100561,0.5586635,DO_NOT_MAIL
D126724,0.63461775,DO_NOT_MAIL
D128474,0.97298795,MAIL
D105176,0.9914744,MAIL
D107631,0.010476943,DO_NOT_MAIL
D136388,0.012277848,DO_NOT_MAIL
D135429,0.40061572,DO_NOT_MAIL
D111539,0.11324323,DO_NOT_MAIL
D128444,0.9747233,MAIL
D102451,0.0015253245,DO_NOT_MAIL
D104952,0.3857491,DO_NOT_MAIL
D140023,0.9924373,MAIL
D119144,0.25129938,DO_NOT_MAIL
D135911,0.35283515,DO_NOT_MAIL
D137295,0.06182094,DO_NOT_MAIL
D135305,0.98721606,MAIL
D135874,0.001414665,DO_NOT_MAIL
D114182,0.78250086,DO_NOT_MAIL
D104731,0.96617204,MAIL
D112935,0.40132886,DO_NOT_MAIL
D137329,0.9690147,MAIL
D107195,0.69906527,DO_NOT_MAIL
D127146,0.19651294,DO_NOT_MAIL
D113412,0.9271437,DO_NOT_MAIL
D103673,0.9132189,DO_NOT_MAIL
D133688,0.40978232,DO_NOT_MAIL
D126035,0.9683068,MAIL
D115473,0.00033196533,DO_NOT_MAIL
D119225,0.5672553,DO_NOT_MAIL
D105077,0.9040639,DO_NOT_MAIL
D119643,0.3238702,DO_NOT_MAIL
D136703,0.010591355,DO_NOT_MAIL
D108811,0.99638593,MAIL
D141393,0.647385,DO_NOT_MAIL
D127140,0.78250086,DO_NOT_MAIL
D134251,0.94473964,DO_NOT_MAIL
D114486,0.9896332,MAIL
D133560,0.89042044,DO_NOT_MAIL
D119899,0.030268272,DO_NOT_MAIL
D118360,0.3112695,DO_NOT_MAIL
D138325,0.66368765,DO_NOT_MAIL
D109699,0.7597075,DO_NOT_MAIL
D115187,0.9716717,MAIL
D113137,0.045205023,DO_NOT_MAIL
D127837,0.95294404,MAIL
D122302,0.9171358,DO_NOT_MAIL
D119323,0.90447336,DO_NOT_MAIL
D103410,0.010513285,DO_NOT_MAIL
D125560,0.83709186,DO_NOT_MAIL
D106209,0.06083967,DO_NOT_MAIL
D126184,0.8892806,DO_NOT_MAIL
D109407,0.006975627,DO_NOT_MAIL
D143775,0.041403566,DO_NOT_MAIL
D109019,0.9654538,MAIL
D110069,0.83729506,DO_NOT_MAIL
D140986,0.9105834,DO_NOT_MAIL
D117575,0.850333,DO_NOT_MAIL
D100783,0.96121466,MAIL
D137404,0.9341764,DO_NOT_MAIL
D125668,0.25449836,DO_NOT_MAIL
D118697,0.8447092,DO_NOT_MAIL
D108143,0.9306288,DO_NOT_MAIL
D109110,0.06707904,DO_NOT_MAIL
D124684,0.96632427,MAIL
D128762,0.7611084,DO_NOT_MAIL
D134169,0.94418365,DO_NOT_MAIL
D130345,0.5550839,DO_NOT_MAIL
D144437,0.005977091,DO_NOT_MAIL
D129859,0.9415254,DO_NOT_MAIL
D100128,0.044338167,DO_NOT_MAIL
D143799,0.037404507,DO_NOT_MAIL
D134084,0.9274354,DO_NOT_MAIL
D143913,0.270054,DO_NOT_MAIL
D132454,0.528885,DO_NOT_MAIL
D130338,0.97942126,MAIL
D125343,0.9895745,MAIL
D103575,0.012322821,DO_NOT_MAIL
D117243,0.3817256,DO_NOT_MAIL
D138789,0.10251214,DO_NOT_MAIL
D127335,0.9838995,MAIL
D121245,0.06831485,DO_NOT_MAIL
D108053,0.9901883,MAIL
D121718,0.87599576,DO_NOT_MAIL
D106870,0.0040850095,DO_NOT_MAIL
D111066,0.9693406,MAIL
D137088,0.0027921717,DO_NOT_MAIL
D100009,0.08494532,DO_NOT_MAIL
D133089,0.01901494,DO_NOT_MAIL
D100579,0.6816522,DO_NOT_MAIL
D121441,0.9452333,DO_NOT_MAIL
D101429,0.005113222,DO_NOT_MAIL
D115662,0.08022989,DO_NOT_MAIL
D108423,0.07659605,DO_NOT_MAIL
D113578,0.92848164,DO_NOT_MAIL
D119951,0.7881319,DO_NOT_MAIL
D131387,0.035782654,DO_NOT_MAIL
D130147,0.26946497,DO_NOT_MAIL
D100167,0.116100416,DO_NOT_MAIL
D115901,0.98580605,MAIL
D106615,0.78566533,DO_NOT_MAIL
D133007,0.8545162,DO_NOT_MAIL
D105113,0.7597075,DO_NOT_MAIL
D120789,0.90447336,DO_NOT_MAIL
D108301,0.111743726,DO_NOT_MAIL
D109622,0.36268032,DO_NOT_MAIL
D137820,0.023013504,DO_NOT_MAIL
D144406,9.609638e-06,DO_NOT_MAIL
D119812,0.9463768,DO_NOT_MAIL
D114417,0.0027573416,DO_NOT_MAIL
D105376,0.0032447404,DO_NOT_MAIL
D140424,0.00017609549,DO_NOT_MAIL
D129559,0.9733782,MAIL
D100204,0.3921568,DO_NOT_MAIL
D104723,0.9714092,MAIL
D128438,0.09220548,DO_NOT_MAIL
D123037,0.053063467,DO_NOT_MAIL
D104202,0.036491595,DO_NOT_MAIL
D132144,0.0015214209,DO_NOT_MAIL
D101081,0.9294427,DO_NOT_MAIL
D136489,0.8619678,DO_NOT_MAIL
D143917,0.003875012,DO_NOT_MAIL
D120135,0.16757017,DO_NOT_MAIL
D103728,0.112090416,DO_NOT_MAIL
D128199,0.2690806,DO_NOT_MAIL
D107711,0.00456816,DO_NOT_MAIL
D140748,0.01896299,DO_NOT_MAIL
D103368,0.1678733,DO_NOT_MAIL
D127644,0.86891735,DO_NOT_MAIL
D137684,0.11341087,DO_NOT_MAIL
D132288,0.8537907,DO_NOT_MAIL
D141934,0.27809954,DO_NOT_MAIL
D131731,0.8602647,DO_NOT_MAIL
D141666,0.01744698,DO_NOT_MAIL
D141775,0.6863125,DO_NOT_MAIL
D114522,0.9463768,DO_NOT_MAIL
D123723,0.46292865,DO_NOT_MAIL
D116644,0.5243425,DO_NOT_MAIL
D127638,0.9548616,MAIL
D136089,0.98380095,MAIL
D102393,0.04639335,DO_NOT_MAIL
D125841,0.8538114,DO_NOT_MAIL
D129324,0.053380337,DO_NOT_MAIL
D107298,0.91175425,DO_NOT_MAIL
D102384,0.07085708,DO_NOT_MAIL
D109680,0.9698342,MAIL
D101751,0.7480704,DO_NOT_MAIL
D114809,0.012159867,DO_NOT_MAIL
D106960,0.0070810835,DO_NOT_MAIL
D102395,0.16095695,DO_NOT_MAIL
D113523,0.018094653,DO_NOT_MAIL
D139240,0.5004671,DO_NOT_MAIL
D103941,0.94837177,DO_NOT_MAIL
D109605,0.8852851,DO_NOT_MAIL
D106286,0.00018731476,DO_NOT_MAIL
D101688,0.9745087,MAIL
D100253,0.024893032,DO_NOT_MAIL
D120182,0.6912416,DO_NOT_MAIL
D142328,0.3929662,DO_NOT_MAIL
D125553,0.8698155,DO_NOT_MAIL
D135647,0.00037563907,DO_NOT_MAIL
D111323,0.83081913,DO_NOT_MAIL
D100214,0.9901883,MAIL
D116536,0.99034715,MAIL
D102005,0.9914619,MAIL
D120623,0.9810497,MAIL
D111805,0.9894521,MAIL
D108522,0.02450893,DO_NOT_MAIL
D115077,0.969633,MAIL
D101548,0.967649,MAIL
D110831,0.9009107,DO_NOT_MAIL
D138780,0.012831236,DO_NOT_MAIL
D135431,0.61029476,DO_NOT_MAIL
D115898,0.008207387,DO_NOT_MAIL
D120629,0.8415551,DO_NOT_MAIL
D109715,0.98464113,MAIL
D133671,0.8167604,DO_NOT_MAIL
D122707,0.80330753,DO_NOT_MAIL
D122989,0.000106509884,DO_NOT_MAIL
D121070,0.97373116,MAIL
D102126,0.8434482,DO_NOT_MAIL
D100461,0.57365626,DO_NOT_MAIL
D132830,0.657778,DO_NOT_MAIL
D121536,0.71599865,DO_NOT_MAIL
D108775,0.13366726,DO_NOT_MAIL
D132487,0.8472271,DO_NOT_MAIL
D111353,0.9788103,MAIL
D140598,0.054691907,DO_NOT_MAIL
D134587,0.06999049,DO_NOT_MAIL
D119349,0.0829972,DO_NOT_MAIL
D101702,0.0122305555,DO_NOT_MAIL
D115866,0.9212338,DO_NOT_MAIL
D116471,0.2394468,DO_NOT_MAIL
D107330,0.8595816,DO_NOT_MAIL
D135656,0.0015571017,DO_NOT_MAIL
D133296,0.0914005,DO_NOT_MAIL
D135020,0.07654236,DO_NOT_MAIL
D132054,0.0014268978,DO_NOT_MAIL
D125634,0.52924424,DO_NOT_MAIL
D102845,0.0018362192,DO_NOT_MAIL
D103229,0.028332278,DO_NOT_MAIL
D116007,0.5000924,DO_NOT_MAIL
D100499,0.8973301,DO_NOT_MAIL
D114349,0.10641053,DO_NOT_MAIL
D117868,0.83729506,DO_NOT_MAIL
D114551,0.7089558,DO_NOT_MAIL
D141922,0.06755007,DO_NOT_MAIL
D102378,0.0037533375,DO_NOT_MAIL
D130237,0.8415551,DO_NOT_MAIL
D126456,0.0010326284,DO_NOT_MAIL
D113506,0.8572682,DO_NOT_MAIL
D104450,0.5152777,DO_NOT_MAIL
D143612,0.0025061416,DO_NOT_MAIL
D135158,0.92521757,DO_NOT_MAIL
D131808,0.9092488,DO_NOT_MAIL
D136301,0.8968021,DO_NOT_MAIL
D120775,0.48687914,DO_NOT_MAIL
D116010,0.99181455,MAIL
D125556,0.0012657649,DO_NOT_MAIL
D108551,0.8987183,DO_NOT_MAIL
D130832,0.12859374,DO_NOT_MAIL
D102258,0.009693396,DO_NOT_MAIL
D110954,0.8809452,DO_NOT_MAIL
D142645,0.020849489,DO_NOT_MAIL
D108947,0.023964666,DO_NOT_MAIL
D116588,0.8638606,DO_NOT_MAIL
D130998,0.6321405,DO_NOT_MAIL
D134180,0.0060672713,DO_NOT_MAIL
D100863,0.8968021,DO_NOT_MAIL
D134974,0.9362875,DO_NOT_MAIL
D140692,0.25286493,DO_NOT_MAIL
D126415,0.8809452,DO_NOT_MAIL
D140954,0.1977943,DO_NOT_MAIL
D119175,0.8809452,DO_NOT_MAIL
D132649,0.8638606,DO_NOT_MAIL
D111926,0.5185205,DO_NOT_MAIL
D123459,0.9177313,DO_NOT_MAIL
D115345,0.48687914,DO_NOT_MAIL
D118197,0.8576082,DO_NOT_MAIL
D127187,0.5431424,DO_NOT_MAIL
D117807,0.14135236,DO_NOT_MAIL
D110728,0.6913615,DO_NOT_MAIL
D125193,0.33679396,DO_NOT_MAIL
D100300,0.98068994,MAIL
D117310,0.80330753,DO_NOT_MAIL
D124364,0.8987183,DO_NOT_MAIL
D139834,0.0021426366,DO_NOT_MAIL
D129506,0.8576082,DO_NOT_MAIL
D104867,0.17834571,DO_NOT_MAIL
D105030,0.00047447783,DO_NOT_MAIL
D116767,0.78250086,DO_NOT_MAIL
D122909,0.56299716,DO_NOT_MAIL
D111026,0.9615289,MAIL
D134656,0.78538567,DO_NOT_MAIL
D130141,0.98895055,MAIL
D125933,0.5925024,DO_NOT_MAIL
D137429,0.0010938597,DO_NOT_MAIL
D121861,0.024849106,DO_NOT_MAIL
D109704,0.9581196,MAIL
D106537,0.85706615,DO_NOT_MAIL
D108017,0.967649,MAIL
D129740,0.0025436506,DO_NOT_MAIL
D144517,0.0013988335,DO_NOT_MAIL
D124274,0.95294404,MAIL
D117648,0.98287404,MAIL
D142534,0.058427647,DO_NOT_MAIL
D138218,0.052611098,DO_NOT_MAIL
D124075,0.022207007,DO_NOT_MAIL
D109279,0.982675,MAIL
D135883,0.9433685,DO_NOT_MAIL
D121670,0.88879144,DO_NOT_MAIL
D133799,0.4589601,DO_NOT_MAIL
D127987,0.83081913,DO_NOT_MAIL
D130522,0.9736867,MAIL
D139255,0.039198752,DO_NOT_MAIL
D122588,0.07240713,DO_NOT_MAIL
D133338,0.82004774,DO_NOT_MAIL
D104896,0.9519325,DO_NOT_MAIL
D125108,0.9701361,MAIL
D104895,0.6545905,DO_NOT_MAIL
D115831,0.36358804,DO_NOT_MAIL
D138997,0.18519922,DO_NOT_MAIL
D113813,0.93471134,DO_NOT_MAIL
D136608,0.6106876,DO_NOT_MAIL
D125280,0.24444109,DO_NOT_MAIL
D138157,0.2244878,DO_NOT_MAIL
D119526,0.6545905,DO_NOT_MAIL
D136810,0.024723973,DO_NOT_MAIL
D103986,0.8572682,DO_NOT_MAIL
D106187,0.035659518,DO_NOT_MAIL
D113416,0.9443709,DO_NOT_MAIL
D116699,0.7969786,DO_NOT_MAIL
D121015,0.39291516,DO_NOT_MAIL
D127642,0.16757017,DO_NOT_MAIL
D120866,0.8546097,DO_NOT_MAIL
D116571,0.9349788,DO_NOT_MAIL
D114860,0.83505756,DO_NOT_MAIL
D121047,0.19695887,DO_NOT_MAIL
D107969,0.9584709,MAIL
D113763,0.25449836,DO_NOT_MAIL
D102235,0.12532286,DO_NOT_MAIL
D133498,0.7089558,DO_NOT_MAIL
D113690,0.62075424,DO_NOT_MAIL
D117878,0.9908636,MAIL
D132167,0.9760435,MAIL
D104357,0.8780275,DO_NOT_MAIL
D122789,0.97138107,MAIL
D114857,0.47305262,DO_NOT_MAIL
D114377,0.98266983,MAIL
D133606,0.9358564,DO_NOT_MAIL
D133937,0.36268032,DO_NOT_MAIL
D140336,0.0027205609,DO_NOT_MAIL
D140083,0.011554336,DO_NOT_MAIL
D112708,0.7889207,DO_NOT_MAIL
D126642,0.005343246,DO_NOT_MAIL
D117229,0.17250137,DO_NOT_MAIL
D124225,0.032394372,DO_NOT_MAIL
D127721,0.0013741853,DO_NOT_MAIL
D113913,0.8881598,DO_NOT_MAIL
D105678,0.82004774,DO_NOT_MAIL
D139077,0.909134,DO_NOT_MAIL
D103064,0.78161925,DO_NOT_MAIL
D142707,0.45459446,DO_NOT_MAIL
D129860,0.9803861,MAIL
D112174,0.99319565,MAIL
D108379,0.6545905,DO_NOT_MAIL
D105885,0.02604388,DO_NOT_MAIL
D129026,0.8961919,DO_NOT_MAIL
D107401,0.95294404,MAIL
D140864,0.020079218,DO_NOT_MAIL
D137338,6.327287e-05,DO_NOT_MAIL
D105061,0.9274354,DO_NOT_MAIL
D116448,0.9258597,DO_NOT_MAIL
D124519,0.98287404,MAIL
D108272,0.843054,DO_NOT_MAIL
D116537,0.8427521,DO_NOT_MAIL
D103847,0.9928167,MAIL
D126791,0.041748445,DO_NOT_MAIL
D114466,0.76219136,DO_NOT_MAIL
D110350,0.95294404,MAIL
D112284,0.85204154,DO_NOT_MAIL
D107752,0.9946562,MAIL
D130350,0.086451374,DO_NOT_MAIL
D127069,0.89894515,DO_NOT_MAIL
D108115,0.9942363,MAIL
D124992,0.017581973,DO_NOT_MAIL
D130167,0.9762113,MAIL
D130257,0.8886632,DO_NOT_MAIL
D109428,0.70336944,DO_NOT_MAIL
D132962,0.19494832,DO_NOT_MAIL
D138538,0.041909862,DO_NOT_MAIL
D130214,0.79437804,DO_NOT_MAIL
D126193,0.04047531,DO_NOT_MAIL
D121662,0.9274354,DO_NOT_MAIL
D104152,0.040235776,DO_NOT_MAIL
D129500,0.070034094,DO_NOT_MAIL
D119556,0.17557594,DO_NOT_MAIL
D141147,0.90766203,DO_NOT_MAIL
D142879,0.2662296,DO_NOT_MAIL
D110908,0.66697764,DO_NOT_MAIL
D105953,0.0966445,DO_NOT_MAIL
D121190,0.831485,DO_NOT_MAIL
D142278,0.038565725,DO_NOT_MAIL
D137960,0.5211623,DO_NOT_MAIL
D108306,0.9274354,DO_NOT_MAIL
D118288,0.948878,DO_NOT_MAIL
D122795,0.045046907,DO_NOT_MAIL
D102234,0.94318795,DO_NOT_MAIL
D134943,0.007390827,DO_NOT_MAIL
D126232,0.016827352,DO_NOT_MAIL
D127601,0.002344535,DO_NOT_MAIL
D104572,0.9602031,MAIL
D143973,0.009024283,DO_NOT_MAIL
D120277,0.2841906,DO_NOT_MAIL
D113598,0.6545905,DO_NOT_MAIL
D112987,0.96470815,MAIL
D105516,0.96705776,MAIL
D139614,0.060312152,DO_NOT_MAIL
D122187,0.9258597,DO_NOT_MAIL
D142805,0.15139209,DO_NOT_MAIL
D131244,0.023728454,DO_NOT_MAIL
D131518,0.7236768,DO_NOT_MAIL
D125431,0.6756282,DO_NOT_MAIL
D131753,0.92709506,DO_NOT_MAIL
D140485,0.083877504,DO_NOT_MAIL
D115082,0.9802279,MAIL
D130124,0.9009107,DO_NOT_MAIL
D118810,0.008163859,DO_NOT_MAIL
D143831,0.35902858,DO_NOT_MAIL
D110314,0.63208497,DO_NOT_MAIL
D132307,0.011944823,DO_NOT_MAIL
D122689,0.8764,DO_NOT_MAIL
D121806,0.69809425,DO_NOT_MAIL
D131592,0.9025419,DO_NOT_MAIL
D121930,0.57365626,DO_NOT_MAIL
D101498,0.88723224,DO_NOT_MAIL
D117219,0.98580605,MAIL
D127996,0.2871172,DO_NOT_MAIL
D119329,0.9171358,DO_NOT_MAIL
D100246,0.010591635,DO_NOT_MAIL
D105555,0.036809757,DO_NOT_MAIL
D108343,0.033378907,DO_NOT_MAIL
D126001,0.6240543,DO_NOT_MAIL
D108535,0.26948708,DO_NOT_MAIL
D111992,0.62353516,DO_NOT_MAIL
D101894,0.79437804,DO_NOT_MAIL
D113131,0.718007,DO_NOT_MAIL
D132686,0.014999707,DO_NOT_MAIL
D108694,0.33222422,DO_NOT_MAIL
D114687,0.68017316,DO_NOT_MAIL
D124979,0.8291849,DO_NOT_MAIL
D110094,0.017763868,DO_NOT_MAIL
D119536,0.014510731,DO_NOT_MAIL
D108661,0.97928065,MAIL
D106940,0.6469854,DO_NOT_MAIL
D110396,0.44757527,DO_NOT_MAIL
D102503,0.40209574,DO_NOT_MAIL
D142374,0.019278754,DO_NOT_MAIL
D116318,0.85706615,DO_NOT_MAIL
D140437,0.88403463,DO_NOT_MAIL
D118098,0.9554237,MAIL
D119210,0.9908206,MAIL
D142206,0.05372835,DO_NOT_MAIL
D130298,0.97908825,MAIL
D103644,0.8726598,DO_NOT_MAIL
D140348,0.08244487,DO_NOT_MAIL
D141464,0.24001652,DO_NOT_MAIL
D119504,0.72434723,DO_NOT_MAIL
D132264,0.82066286,DO_NOT_MAIL
D123387,0.4933055,DO_NOT_MAIL
D109523,0.0012561596,DO_NOT_MAIL
D126517,0.028365605,DO_NOT_MAIL
D100038,0.76644015,DO_NOT_MAIL
D132890,0.02159675,DO_NOT_MAIL
D109709,0.81131417,DO_NOT_MAIL
D103383,0.8780729,DO_NOT_MAIL
D125468,0.992207,MAIL
D135543,0.9171358,DO_NOT_MAIL
D129226,0.96996504,MAIL
D120550,0.9533758,MAIL
D135146,0.2055748,DO_NOT_MAIL
D100428,0.7177682,DO_NOT_MAIL
D121077,0.76365095,DO_NOT_MAIL
D120238,0.95690113,MAIL
D137848,0.77284175,DO_NOT_MAIL
D133359,0.9788103,MAIL
D116757,0.37881243,DO_NOT_MAIL
D136870,0.5399626,DO_NOT_MAIL
D130128,0.85991716,DO_NOT_MAIL
D111481,0.90179396,DO_NOT_MAIL
D119093,0.9508744,DO_NOT_MAIL
D118078,0.9306288,DO_NOT_MAIL
D103976,0.9009107,DO_NOT_MAIL
D141504,0.036603544,DO_NOT_MAIL
D130685,0.06361856,DO_NOT_MAIL
D113896,0.11540898,DO_NOT_MAIL
D107885,0.9508744,DO_NOT_MAIL
D101678,0.3360558,DO_NOT_MAIL
D124415,0.97716546,MAIL
D131334,0.7287747,DO_NOT_MAIL
D133896,0.025387818,DO_NOT_MAIL
D144163,0.9165309,DO_NOT_MAIL
D128168,0.8619678,DO_NOT_MAIL
D127542,0.78995925,DO_NOT_MAIL
D114490,0.9362875,DO_NOT_MAIL
D123204,0.99302906,MAIL
D126878,0.39517912,DO_NOT_MAIL
D126128,0.27972764,DO_NOT_MAIL
D125459,0.9329747,DO_NOT_MAIL
D100336,0.9720426,MAIL
D108260,0.99230194,MAIL
D106786,0.6545905,DO_NOT_MAIL
D121909,0.91089255,DO_NOT_MAIL
D117577,0.99481213,MAIL
D118977,0.9062348,DO_NOT_MAIL
D102193,0.83830553,DO_NOT_MAIL
D117466,0.045941956,DO_NOT_MAIL
D116447,0.0063203573,DO_NOT_MAIL
D121767,0.9894521,MAIL
D125446,0.62060946,DO_NOT_MAIL
D116473,0.9675739,MAIL
D100549,0.1583933,DO_NOT_MAIL
D109726,0.96827155,MAIL
D121512,0.08604683,DO_NOT_MAIL
D113695,0.13339469,DO_NOT_MAIL
D122295,0.1275187,DO_NOT_MAIL
D128675,0.96617204,MAIL
D144186,0.0015444726,DO_NOT_MAIL
D140324,0.07016112,DO_NOT_MAIL
D119575,0.69809425,DO_NOT_MAIL
D108732,0.9495193,DO_NOT_MAIL
D136475,0.8427521,DO_NOT_MAIL
D134075,0.103817545,DO_NOT_MAIL
D128689,0.961997,MAIL
D134716,0.009401014,DO_NOT_MAIL
D137909,0.081138626,DO_NOT_MAIL
D107503,0.94418365,DO_NOT_MAIL
D115057,0.26764736,DO_NOT_MAIL
D127712,0.06567197,DO_NOT_MAIL
D118297,0.9519325,DO_NOT_MAIL
D113188,0.8892487,DO_NOT_MAIL
D141747,0.0011269463,DO_NOT_MAIL
D128465,0.018141285,DO_NOT_MAIL
D121785,0.9474576,DO_NOT_MAIL
D120600,0.9062348,DO_NOT_MAIL
D122918,0.824826,DO_NOT_MAIL
D133295,0.0018162153,DO_NOT_MAIL
D103269,0.8693399,DO_NOT_MAIL
D103197,0.9711856,MAIL
D104293,0.7819923,DO_NOT_MAIL
D124596,0.022942744,DO_NOT_MAIL
D103020,0.98721606,MAIL
D123432,0.3817256,DO_NOT_MAIL
D116041,0.8722838,DO_NOT_MAIL
D120499,0.9358564,DO_NOT_MAIL
D121211,0.83729506,DO_NOT_MAIL
D130280,0.9770189,MAIL
D103783,0.98014534,MAIL
D125368,0.51708364,DO_NOT_MAIL
D106237,0.97942126,MAIL
D119970,0.025262777,DO_NOT_MAIL
D138553,0.29968807,DO_NOT_MAIL
D139124,0.00348875,DO_NOT_MAIL
D107097,0.97166663,MAIL
D127970,0.21966694,DO_NOT_MAIL
D124856,0.268198,DO_NOT_MAIL
D135551,0.96996504,MAIL
D106587,0.91089255,DO_NOT_MAIL
D117316,0.74776536,DO_NOT_MAIL
D139188,0.089128226,DO_NOT_MAIL
D126344,0.9606411,MAIL
D143256,0.002340913,DO_NOT_MAIL
D109538,0.90447336,DO_NOT_MAIL
D119782,0.96176934,MAIL
D140276,0.012086901,DO_NOT_MAIL
D134190,0.13448349,DO_NOT_MAIL
D129012,0.9711856,MAIL
D101633,0.9462837,DO_NOT_MAIL
D144086,0.009162105,DO_NOT_MAIL
D117086,0.6816522,DO_NOT_MAIL
D122381,0.96558905,MAIL
D142211,0.96547794,MAIL
D120712,0.5368938,DO_NOT_MAIL
D111225,0.18614247,DO_NOT_MAIL
D108665,0.961119,MAIL
D124994,0.92937636,DO_NOT_MAIL
D132970,0.4589601,DO_NOT_MAIL
D142913,0.92576414,DO_NOT_MAIL
D140733,0.039198752,DO_NOT_MAIL
D130791,0.018655455,DO_NOT_MAIL
D100706,0.13363725,DO_NOT_MAIL
D102029,0.0054005724,DO_NOT_MAIL
D104025,0.075754836,DO_NOT_MAIL
D111379,0.28749764,DO_NOT_MAIL
D126292,0.33420607,DO_NOT_MAIL
D117996,0.85608035,DO_NOT_MAIL
D141345,0.009825657,DO_NOT_MAIL
D128602,0.010140209,DO_NOT_MAIL
D131212,0.56445444,DO_NOT_MAIL
D114999,0.905442,DO_NOT_MAIL
D131610,0.7287747,DO_NOT_MAIL
D125988,0.092163414,DO_NOT_MAIL
D125181,0.0024346714,DO_NOT_MAIL
D111048,0.05735164,DO_NOT_MAIL
D115424,0.034728702,DO_NOT_MAIL
D128658,0.8434482,DO_NOT_MAIL
D129395,0.11340723,DO_NOT_MAIL
D134259,0.016545113,DO_NOT_MAIL
D141314,0.048245147,DO_NOT_MAIL
D105149,0.76365095,DO_NOT_MAIL
D142602,0.07886171,DO_NOT_MAIL
D103255,0.9799463,MAIL
D139819,0.06450727,DO_NOT_MAIL
D108139,0.78538567,DO_NOT_MAIL
D106875,0.9718807,MAIL
D128957,0.96996504,MAIL
D129016,0.89891535,DO_NOT_MAIL
D109700,0.98464113,MAIL
D117794,0.9511578,DO_NOT_MAIL
D127486,0.43585023,DO_NOT_MAIL
D140025,0.13228792,DO_NOT_MAIL
D122863,0.01098327,DO_NOT_MAIL
D133157,0.025189677,DO_NOT_MAIL
D102163,0.03508034,DO_NOT_MAIL
D144291,0.3047,DO_NOT_MAIL
D140556,0.08810021,DO_NOT_MAIL
D136911,0.9762113,MAIL
D135840,0.9587937,MAIL
D118651,0.9412208,DO_NOT_MAIL
D142037,0.04220971,DO_NOT_MAIL
D141560,0.021437207,DO_NOT_MAIL
D104725,0.70131403,DO_NOT_MAIL
D143690,0.016152244,DO_NOT_MAIL
D136287,0.7684628,DO_NOT_MAIL
D120653,0.7236768,DO_NOT_MAIL
D132999,0.94837177,DO_NOT_MAIL
D121703,0.85991716,DO_NOT_MAIL
D129659,0.8399911,DO_NOT_MAIL
D139624,0.0030627206,DO_NOT_MAIL
D144057,0.00024822322,DO_NOT_MAIL
D114009,0.88971186,DO_NOT_MAIL
D124540,0.0147542525,DO_NOT_MAIL
D110455,0.9894521,MAIL
D112302,0.47305262,DO_NOT_MAIL
D111770,0.89545536,DO_NOT_MAIL
D121757,0.8665668,DO_NOT_MAIL
D136708,0.8987183,DO_NOT_MAIL
D138833,0.66067046,DO_NOT_MAIL
D135967,0.74183184,DO_NOT_MAIL
D132266,0.9332782,DO_NOT_MAIL
D105503,0.5500742,DO_NOT_MAIL
D141762,0.74299884,DO_NOT_MAIL
D136344,0.03092503,DO_NOT_MAIL
D101288,0.34911385,DO_NOT_MAIL
D107621,0.0006019593,DO_NOT_MAIL
D142608,0.0028133164,DO_NOT_MAIL
D123727,0.8399911,DO_NOT_MAIL
D117685,0.5943451,DO_NOT_MAIL
D124579,0.71599865,DO_NOT_MAIL
D106410,0.7392137,DO_NOT_MAIL
D100891,0.7304995,DO_NOT_MAIL
D138331,0.80627024,DO_NOT_MAIL
D119291,0.87722886,DO_NOT_MAIL
D114761,0.27888337,DO_NOT_MAIL
D135459,0.0031174838,DO_NOT_MAIL
D121100,0.002018738,DO_NOT_MAIL
D128026,0.8665668,DO_NOT_MAIL
D125411,0.9362875,DO_NOT_MAIL
D103268,0.01209263,DO_NOT_MAIL
D115392,0.01075109,DO_NOT_MAIL
D117945,0.8987183,DO_NOT_MAIL
D132879,0.03592544,DO_NOT_MAIL
D129949,0.8576082,DO_NOT_MAIL
D129091,0.8537907,DO_NOT_MAIL
D114493,0.023115968,DO_NOT_MAIL
D142201,0.02303095,DO_NOT_MAIL
D116188,0.8054332,DO_NOT_MAIL
D117784,0.76365095,DO_NOT_MAIL
D106028,0.97037226,MAIL
D118947,0.5943451,DO_NOT_MAIL
D108844,0.9912908,MAIL
D121941,0.2887678,DO_NOT_MAIL
D102890,0.013437146,DO_NOT_MAIL
D100635,0.8332882,DO_NOT_MAIL
D124838,0.43296874,DO_NOT_MAIL
D122900,0.87192446,DO_NOT_MAIL
D102442,0.13486664,DO_NOT_MAIL
D105152,0.90447336,DO_NOT_MAIL
D127186,0.02633962,DO_NOT_MAIL
D107430,0.82409686,DO_NOT_MAIL
D112952,0.9942363,MAIL
D111110,0.25449836,DO_NOT_MAIL
D134368,0.06941075,DO_NOT_MAIL
D127643,0.124139965,DO_NOT_MAIL
D127881,0.118502475,DO_NOT_MAIL
D120602,0.13765953,DO_NOT_MAIL
D107149,0.052919902,DO_NOT_MAIL
D103682,0.8427521,DO_NOT_MAIL
D117748,0.9334319,DO_NOT_MAIL
D143367,0.02295056,DO_NOT_MAIL
D128793,0.8773018,DO_NOT_MAIL
D122649,0.0018544103,DO_NOT_MAIL
D141019,0.3527562,DO_NOT_MAIL
D129873,0.37484962,DO_NOT_MAIL
D129537,0.9337538,DO_NOT_MAIL
D109617,0.01693108,DO_NOT_MAIL
D142284,0.15111682,DO_NOT_MAIL
D103535,0.54785824,DO_NOT_MAIL
D142739,0.4328925,DO_NOT_MAIL
D106116,0.98479754,MAIL
D109378,0.43585023,DO_NOT_MAIL
D104647,0.3238702,DO_NOT_MAIL
D138477,0.012646015,DO_NOT_MAIL
D110741,0.7684628,DO_NOT_MAIL
D122982,0.074556254,DO_NOT_MAIL
D120591,0.9834034,MAIL
D120879,0.9009107,DO_NOT_MAIL
D136384,0.8852851,DO_NOT_MAIL
D112666,0.76219136,DO_NOT_MAIL
D103980,0.7646645,DO_NOT_MAIL
D126732,0.0003039713,DO_NOT_MAIL
D127349,0.92521757,DO_NOT_MAIL
D114546,0.8576082,DO_NOT_MAIL
D122949,0.21385618,DO_NOT_MAIL
D125296,0.9913448,MAIL
D138082,0.7392137,DO_NOT_MAIL
D138510,0.07845251,DO_NOT_MAIL
D129765,0.89545536,DO_NOT_MAIL
D132928,0.9792712,MAIL
D114030,0.5410151,DO_NOT_MAIL
D144383,0.9685836,MAIL
D106582,0.9656056,MAIL
D124625,0.6640927,DO_NOT_MAIL
D105704,0.7597075,DO_NOT_MAIL
D104607,0.99302906,MAIL
D132858,0.99405515,MAIL
D106766,0.6257257,DO_NOT_MAIL
D137357,0.9802091,MAIL
D119618,0.9171358,DO_NOT_MAIL
D142173,0.9857789,MAIL
D130041,0.9025419,DO_NOT_MAIL
D111460,0.6669842,DO_NOT_MAIL
D128488,0.8434482,DO_NOT_MAIL
D136240,0.3709589,DO_NOT_MAIL
D128284,0.8176525,DO_NOT_MAIL
D105066,0.83081913,DO_NOT_MAIL
D106811,0.89608073,DO_NOT_MAIL
D107782,0.93909353,DO_NOT_MAIL
D129776,0.014574912,DO_NOT_MAIL
D103501,0.98628366,MAIL
D115413,0.718007,DO_NOT_MAIL
D137101,0.32456514,DO_NOT_MAIL
D131783,0.9833103,MAIL
D116316,0.88648987,DO_NOT_MAIL
D112886,0.5180919,DO_NOT_MAIL
D138414,0.7531035,DO_NOT_MAIL
D141252,0.37166056,DO_NOT_MAIL
D142792,0.50739,DO_NOT_MAIL
D113557,0.026999816,DO_NOT_MAIL
D126302,0.0034904229,DO_NOT_MAIL
D116376,0.5968687,DO_NOT_MAIL
D140872,0.060217056,DO_NOT_MAIL
D123580,0.12524179,DO_NOT_MAIL
D119645,0.40978232,DO_NOT_MAIL
D137973,0.078581005,DO_NOT_MAIL
D102866,0.0025918272,DO_NOT_MAIL
D118171,0.9675739,MAIL
D109418,0.98721606,MAIL
D100767,0.9306288,DO_NOT_MAIL
D132623,0.7969786,DO_NOT_MAIL
D114282,0.5725532,DO_NOT_MAIL
D104893,0.5709935,DO_NOT_MAIL
D105265,0.14811723,DO_NOT_MAIL
D104385,0.020096108,DO_NOT_MAIL
D139179,0.85133654,DO_NOT_MAIL
D117580,0.8546097,DO_NOT_MAIL
D139461,0.12850645,DO_NOT_MAIL
D107682,0.88723224,DO_NOT_MAIL
D131928,0.003987463,DO_NOT_MAIL
D102634,0.98510695,MAIL
D123845,0.009026143,DO_NOT_MAIL
D127844,0.0036876865,DO_NOT_MAIL
D140809,0.002330262,DO_NOT_MAIL
D133106,0.9844475,MAIL
D124550,0.97171783,MAIL
D120177,0.90302545,DO_NOT_MAIL
D104755,0.015086622,DO_NOT_MAIL
D128419,0.014479772,DO_NOT_MAIL
D116647,0.86922854,DO_NOT_MAIL
D111257,0.2989098,DO_NOT_MAIL
D143010,0.37916133,DO_NOT_MAIL
D131739,0.8968021,DO_NOT_MAIL
D127499,0.8073583,DO_NOT_MAIL
D106032,0.11641411,DO_NOT_MAIL
D140432,0.9297929,DO_NOT_MAIL
D126177,0.88723224,DO_NOT_MAIL
D123873,0.9003407,DO_NOT_MAIL
D131093,0.0350816,DO_NOT_MAIL
D130594,0.38972193,DO_NOT_MAIL
D102651,0.9274354,DO_NOT_MAIL
D137393,0.072829746,DO_NOT_MAIL
D102305,0.23999223,DO_NOT_MAIL
D133440,0.00021259666,DO_NOT_MAIL
D110884,0.7684628,DO_NOT_MAIL
D131733,0.162834,DO_NOT_MAIL
D141158,0.0024178997,DO_NOT_MAIL
D113616,0.9185091,DO_NOT_MAIL
D104097,0.6816522,DO_NOT_MAIL
D130580,0.6106876,DO_NOT_MAIL
D139002,0.89321697,DO_NOT_MAIL
D120457,0.967649,MAIL
D124404,0.97124714,MAIL
D123439,0.030560302,DO_NOT_MAIL
D111367,0.8986892,DO_NOT_MAIL
D144680,0.8638606,DO_NOT_MAIL
D105944,0.11633337,DO_NOT_MAIL
D112893,0.12847623,DO_NOT_MAIL
D139914,0.043415714,DO_NOT_MAIL
D122812,0.003523681,DO_NOT_MAIL
D104685,0.96617204,MAIL
D111922,0.21289513,DO_NOT_MAIL
D112012,0.95110846,DO_NOT_MAIL
D121442,0.8961919,DO_NOT_MAIL
D119027,0.05597781,DO_NOT_MAIL
D144204,0.97339916,MAIL
D124383,0.9362875,DO_NOT_MAIL
D133739,0.039991017,DO_NOT_MAIL
D107351,0.9716717,MAIL
D108294,0.97743076,MAIL
D101481,0.955618,MAIL
D108495,0.82066286,DO_NOT_MAIL
D142774,0.8747092,DO_NOT_MAIL
D140058,0.037084833,DO_NOT_MAIL
D125175,0.94473964,DO_NOT_MAIL
D128421,0.0013360885,DO_NOT_MAIL
D118841,0.0022089416,DO_NOT_MAIL
D139511,0.23596974,DO_NOT_MAIL
D130483,0.9639058,MAIL
D140472,0.07783558,DO_NOT_MAIL
D105237,0.9293554,DO_NOT_MAIL
D120525,0.9479857,DO_NOT_MAIL
D105333,0.42451215,DO_NOT_MAIL
D121260,0.47663742,DO_NOT_MAIL
D111331,0.0024642118,DO_NOT_MAIL
D108081,0.971221,MAIL
D139913,0.09227473,DO_NOT_MAIL
D129880,0.63208497,DO_NOT_MAIL
D113566,0.06325716,DO_NOT_MAIL
D108062,0.5932417,DO_NOT_MAIL
D103226,0.70336944,DO_NOT_MAIL
D136340,0.010119248,DO_NOT_MAIL
D121907,0.88723224,DO_NOT_MAIL
D128668,0.958693,MAIL
D120720,0.9306288,DO_NOT_MAIL
D122079,0.65463436,DO_NOT_MAIL
D137601,0.92150646,DO_NOT_MAIL
D110746,0.94260883,DO_NOT_MAIL
D144655,0.049249962,DO_NOT_MAIL
D102771,0.094899766,DO_NOT_MAIL
D126061,0.56846654,DO_NOT_MAIL
D116600,0.92150646,DO_NOT_MAIL
D137270,0.031140925,DO_NOT_MAIL
D123844,0.92517847,DO_NOT_MAIL
D124851,0.21105549,DO_NOT_MAIL
D123179,0.99122953,MAIL
D103003,0.97877216,MAIL
D100781,0.72308993,DO_NOT_MAIL
D142522,0.12349517,DO_NOT_MAIL
D113945,0.9947036,MAIL
D104625,0.96551836,MAIL
D110869,0.98778266,MAIL
D110682,0.90447336,DO_NOT_MAIL
D139486,0.004618323,DO_NOT_MAIL
D131951,0.979267,MAIL
D128030,0.95568097,MAIL
D118590,0.009009357,DO_NOT_MAIL
D142979,0.97296697,MAIL
D126992,0.00066908513,DO_NOT_MAIL
D144549,0.4615115,DO_NOT_MAIL
D128776,0.96176934,MAIL
D101073,0.006481149,DO_NOT_MAIL
D138887,0.048691858,DO_NOT_MAIL
D101382,0.0072310725,DO_NOT_MAIL
D118238,0.9922355,MAIL
D110785,0.97298795,MAIL
D118950,0.8023649,DO_NOT_MAIL
D133283,0.8989707,DO_NOT_MAIL
D118545,0.63208497,DO_NOT_MAIL
D115909,0.37658718,DO_NOT_MAIL
D137582,0.017380558,DO_NOT_MAIL
D144220,0.05443963,DO_NOT_MAIL
D104252,0.3817256,DO_NOT_MAIL
D110868,0.88336307,DO_NOT_MAIL
D124139,0.99212754,MAIL
D132563,0.9869709,MAIL
D124866,0.2394468,DO_NOT_MAIL
D108442,0.81131417,DO_NOT_MAIL
D130267,0.0037651116,DO_NOT_MAIL
D105785,0.8605096,DO_NOT_MAIL
D139294,0.96151215,MAIL
D135725,0.9290283,DO_NOT_MAIL
D124962,0.99319756,MAIL
D135591,0.011087542,DO_NOT_MAIL
D123396,0.98118603,MAIL
D138365,0.06505997,DO_NOT_MAIL
D106083,0.9484982,DO_NOT_MAIL
D122026,0.07824289,DO_NOT_MAIL
D102800,0.40978232,DO_NOT_MAIL
D127703,0.72434723,DO_NOT_MAIL
D121248,0.8472271,DO_NOT_MAIL
D124293,0.82066286,DO_NOT_MAIL
D100642,0.02861527,DO_NOT_MAIL
D104792,0.70336944,DO_NOT_MAIL
D113033,0.80390793,DO_NOT_MAIL
D123963,0.85991716,DO_NOT_MAIL
D139910,0.88926405,DO_NOT_MAIL
D127211,0.8769818,DO_NOT_MAIL
D121639,0.9881572,MAIL
D133973,0.7046928,DO_NOT_MAIL
D139709,0.14038356,DO_NOT_MAIL
D125842,0.0016721745,DO_NOT_MAIL
D115135,0.8961919,DO_NOT_MAIL
D116986,0.011720317,DO_NOT_MAIL
D119421,0.026085496,DO_NOT_MAIL
D114893,0.96827155,MAIL
D130252,0.8726598,DO_NOT_MAIL
D102406,0.0006390748,DO_NOT_MAIL
D135318,0.98471385,MAIL
D116355,0.56299716,DO_NOT_MAIL
D100419,0.9928227,MAIL
D124638,0.051362712,DO_NOT_MAIL
D140794,0.14668092,DO_NOT_MAIL
D105761,0.96245515,MAIL
D127160,0.9412208,DO_NOT_MAIL
D117559,0.010984823,DO_NOT_MAIL
D120673,0.9770189,MAIL
D127219,0.88891864,DO_NOT_MAIL
D127415,0.8907398,DO_NOT_MAIL
D103939,0.017556507,DO_NOT_MAIL
D137898,0.013415639,DO_NOT_MAIL
D125037,0.8809452,DO_NOT_MAIL
D100590,0.8729779,DO_NOT_MAIL
D139401,0.18299235,DO_NOT_MAIL
D127143,0.046791524,DO_NOT_MAIL
D124823,0.78161925,DO_NOT_MAIL
D113264,0.94260883,DO_NOT_MAIL
D103590,0.93013823,DO_NOT_MAIL
D122462,0.97963756,MAIL
D138357,0.025374329,DO_NOT_MAIL
D103204,0.9257085,DO_NOT_MAIL
D142330,0.005271896,DO_NOT_MAIL
D144151,0.31972712,DO_NOT_MAIL
D106670,0.3238702,DO_NOT_MAIL
D122665,0.84848046,DO_NOT_MAIL
D134982,0.9334319,DO_NOT_MAIL
D112106,0.9305908,DO_NOT_MAIL
D139035,0.91543335,DO_NOT_MAIL
D134985,0.20642881,DO_NOT_MAIL
D132253,0.021753177,DO_NOT_MAIL
D136693,0.73969823,DO_NOT_MAIL
D131342,0.43093163,DO_NOT_MAIL
D114649,0.47663742,DO_NOT_MAIL
D141714,0.020075705,DO_NOT_MAIL
D116682,0.8291849,DO_NOT_MAIL
D137599,0.04210858,DO_NOT_MAIL
D117483,0.5617754,DO_NOT_MAIL
D119639,0.71599865,DO_NOT_MAIL
D101856,0.06457053,DO_NOT_MAIL
D132286,0.1074524,DO_NOT_MAIL
D105896,0.5410151,DO_NOT_MAIL
D119476,0.8611976,DO_NOT_MAIL
D139851,0.00038890922,DO_NOT_MAIL
D133437,0.9770189,MAIL
D129022,0.9259016,DO_NOT_MAIL
D144499,0.19364357,DO_NOT_MAIL
D127252,0.4507605,DO_NOT_MAIL
D132734,0.94473964,DO_NOT_MAIL
D141845,0.045392357,DO_NOT_MAIL
D142688,0.08489238,DO_NOT_MAIL
D128320,0.9185091,DO_NOT_MAIL
D105067,0.008155542,DO_NOT_MAIL
D123022,0.88319796,DO_NOT_MAIL
D102545,0.86432976,DO_NOT_MAIL
D102859,0.8472271,DO_NOT_MAIL
D125656,0.8546097,DO_NOT_MAIL
D100054,0.11719406,DO_NOT_MAIL
D126109,0.96828955,MAIL
D141104,0.009873187,DO_NOT_MAIL
D108436,0.9452456,DO_NOT_MAIL
D131258,0.98946196,MAIL
D114846,0.98895055,MAIL
D135493,0.70131403,DO_NOT_MAIL
D133570,0.96551836,MAIL
D123341,0.4116732,DO_NOT_MAIL
D132954,0.90179396,DO_NOT_MAIL
D127964,0.97489244,MAIL
D108286,0.9225519,DO_NOT_MAIL
D122906,0.01340509,DO_NOT_MAIL
D131763,0.97441304,MAIL
D111372,0.76866704,DO_NOT_MAIL
D119090,0.017807167,DO_NOT_MAIL
D140640,0.012304767,DO_NOT_MAIL
D137704,0.9176977,DO_NOT_MAIL
D133280,0.0017672982,DO_NOT_MAIL
D109291,0.954501,MAIL
D124644,0.83505756,DO_NOT_MAIL
D120281,0.9914744,MAIL
D111588,0.9415254,DO_NOT_MAIL
D138483,0.008159806,DO_NOT_MAIL
D111455,0.007402807,DO_NOT_MAIL
D111972,0.018725635,DO_NOT_MAIL
D106244,0.7287747,DO_NOT_MAIL
D123693,0.23921053,DO_NOT_MAIL
D125080,0.6640927,DO_NOT_MAIL
D134801,0.9258597,DO_NOT_MAIL
D138673,0.1699998,DO_NOT_MAIL
D123933,0.76365095,DO_NOT_MAIL
D102329,0.0011650615,DO_NOT_MAIL
D117386,0.9747672,MAIL
D103183,0.85706615,DO_NOT_MAIL
D133745,0.24357952,DO_NOT_MAIL
D142563,0.008736972,DO_NOT_MAIL
D132194,0.99193174,MAIL
D129879,0.9581196,MAIL
D114302,0.79437804,DO_NOT_MAIL
D102286,0.86368734,DO_NOT_MAIL
D114480,0.001242283,DO_NOT_MAIL
D138273,0.8638606,DO_NOT_MAIL
D133117,0.8067061,DO_NOT_MAIL
D140060,0.5298186,DO_NOT_MAIL
D101086,0.95294404,MAIL
D129814,0.70336944,DO_NOT_MAIL
D107777,0.8472271,DO_NOT_MAIL
D135033,0.37099186,DO_NOT_MAIL
D103520,0.1285583,DO_NOT_MAIL
D124376,0.9334319,DO_NOT_MAIL
D122294,0.7889207,DO_NOT_MAIL
D114959,0.69809425,DO_NOT_MAIL
D136811,0.8511102,DO_NOT_MAIL
D114070,0.00017128108,DO_NOT_MAIL
D138524,0.6645396,DO_NOT_MAIL
D128800,0.8536362,DO_NOT_MAIL
D126573,0.90744495,DO_NOT_MAIL
D123807,0.45362717,DO_NOT_MAIL
D100890,0.86922854,DO_NOT_MAIL
D111290,0.26781368,DO_NOT_MAIL
D137496,0.020679515,DO_NOT_MAIL
D111520,0.24913652,DO_NOT_MAIL
D101525,0.36268032,DO_NOT_MAIL
D137232,0.9637091,MAIL
D132920,0.09432526,DO_NOT_MAIL
D116522,0.96258026,MAIL
D114577,0.9349788,DO_NOT_MAIL
D100307,0.98118603,MAIL
D114154,0.7989529,DO_NOT_MAIL
D141817,0.15159234,DO_NOT_MAIL
D118881,0.01636362,DO_NOT_MAIL
D120084,0.040272016,DO_NOT_MAIL
D106588,0.99087244,MAIL
D139409,0.00035096952,DO_NOT_MAIL
D136059,0.9333508,DO_NOT_MAIL
D104227,0.8427521,DO_NOT_MAIL
D120917,0.0922024,DO_NOT_MAIL
D133254,0.7304995,DO_NOT_MAIL
D142989,0.031531967,DO_NOT_MAIL
D131621,0.71599865,DO_NOT_MAIL
D102141,0.9152594,DO_NOT_MAIL
D112127,0.92532676,DO_NOT_MAIL
D119530,0.70336944,DO_NOT_MAIL
D127531,0.92679274,DO_NOT_MAIL
D129777,0.8838868,DO_NOT_MAIL
D138711,0.16062325,DO_NOT_MAIL
D142377,0.061873637,DO_NOT_MAIL
D124067,0.018196847,DO_NOT_MAIL
D127173,0.9667681,MAIL
D136551,0.76219136,DO_NOT_MAIL
D127619,0.87599283,DO_NOT_MAIL
D117663,0.76365095,DO_NOT_MAIL
D143057,0.09069236,DO_NOT_MAIL
D107935,0.72434723,DO_NOT_MAIL
D107312,0.00761776,DO_NOT_MAIL
D119388,0.47663742,DO_NOT_MAIL
D128300,0.084301166,DO_NOT_MAIL
D118923,0.097495824,DO_NOT_MAIL
D120987,0.82066286,DO_NOT_MAIL
D117225,0.8665668,DO_NOT_MAIL
D110447,0.9862926,MAIL
D108354,0.65463436,DO_NOT_MAIL
D124445,0.011069116,DO_NOT_MAIL
D107289,0.98580605,MAIL
D129330,0.0027838661,DO_NOT_MAIL
D103030,0.2394468,DO_NOT_MAIL
D121876,0.88723224,DO_NOT_MAIL
D127504,0.98900515,MAIL
D140128,0.0671255,DO_NOT_MAIL
D101251,0.93667775,DO_NOT_MAIL
D143648,0.98808134,MAIL
D124919,0.96996504,MAIL
D113438,0.92095155,DO_NOT_MAIL
D121611,0.66607296,DO_NOT_MAIL
D117017,0.3127211,DO_NOT_MAIL
D102755,0.92679274,DO_NOT_MAIL
D131961,0.9506359,DO_NOT_MAIL
D110428,0.91175425,DO_NOT_MAIL
D116258,0.62353516,DO_NOT_MAIL
D133324,0.178799,DO_NOT_MAIL
D117071,0.8447092,DO_NOT_MAIL
D143737,0.0042330124,DO_NOT_MAIL
D133136,0.96245515,MAIL
D117985,0.6431161,DO_NOT_MAIL
D143862,0.0034021,DO_NOT_MAIL
D137435,0.9914744,MAIL
D122037,0.9899042,MAIL
D127584,0.62193674,DO_NOT_MAIL
D112498,0.7480704,DO_NOT_MAIL
D111296,0.16757017,DO_NOT_MAIL
D126572,0.00509791,DO_NOT_MAIL
D120175,0.77400464,DO_NOT_MAIL
D120289,0.003223609,DO_NOT_MAIL
D100695,0.9947642,MAIL
D127391,0.9720426,MAIL
D107577,0.5932417,DO_NOT_MAIL
D104090,0.8961919,DO_NOT_MAIL
D110819,0.9294427,DO_NOT_MAIL
D115236,0.7392137,DO_NOT_MAIL
D132810,0.63208497,DO_NOT_MAIL
D124739,0.092163414,DO_NOT_MAIL
D143476,0.24731167,DO_NOT_MAIL
D125328,0.888573,DO_NOT_MAIL
D134194,0.9658472,MAIL
D125484,0.0123424865,DO_NOT_MAIL
D129185,0.9506359,DO_NOT_MAIL
D119130,0.31752777,DO_NOT_MAIL
D110293,0.70336944,DO_NOT_MAIL
D140330,0.051674716,DO_NOT_MAIL
D135750,0.3374372,DO_NOT_MAIL
D102742,0.90379035,DO_NOT_MAIL
D118911,0.029007217,DO_NOT_MAIL
D142503,0.08404656,DO_NOT_MAIL
D128561,0.9881572,MAIL
D139146,0.4603328,DO_NOT_MAIL
D111633,0.0048665325,DO_NOT_MAIL
D100425,0.72545797,DO_NOT_MAIL
D137129,0.25380296,DO_NOT_MAIL
D135123,0.99243426,MAIL
D129476,0.93904203,DO_NOT_MAIL
D127683,0.032044433,DO_NOT_MAIL
D122805,0.93653774,DO_NOT_MAIL
D112108,0.9458556,DO_NOT_MAIL
D126051,0.9037608,DO_NOT_MAIL
D113927,0.9508744,DO_NOT_MAIL
D132638,0.10601363,DO_NOT_MAIL
D127714,0.053520516,DO_NOT_MAIL
D122331,0.91089255,DO_NOT_MAIL
D111916,0.98464113,MAIL
D133085,0.93806165,DO_NOT_MAIL
D115548,0.3817256,DO_NOT_MAIL
D107323,0.93806165,DO_NOT_MAIL
D125022,0.008844366,DO_NOT_MAIL
D131481,0.0014136927,DO_NOT_MAIL
D113767,0.9306288,DO_NOT_MAIL
D132945,0.67464757,DO_NOT_MAIL
D138179,0.5547297,DO_NOT_MAIL
D119975,0.84869266,DO_NOT_MAIL
D131981,0.93300116,DO_NOT_MAIL
D121635,0.9508744,DO_NOT_MAIL
D111019,0.63461775,DO_NOT_MAIL
D123287,0.9884421,MAIL
D139744,0.99572575,MAIL
D134634,0.004409368,DO_NOT_MAIL
D123249,0.025344912,DO_NOT_MAIL
D134273,0.96707946,MAIL
D141285,0.3650447,DO_NOT_MAIL
D127472,0.70336944,DO_NOT_MAIL
D104783,0.3876558,DO_NOT_MAIL
D141208,0.36800522,DO_NOT_MAIL
D104353,0.9232493,DO_NOT_MAIL
D103936,6.475675e-05,DO_NOT_MAIL
D136211,0.12177737,DO_NOT_MAIL
D121779,0.9422029,DO_NOT_MAIL
D121780,0.71599865,DO_NOT_MAIL
D139876,0.019328164,DO_NOT_MAIL
D138150,0.0072743734,DO_NOT_MAIL
D116424,0.43296874,DO_NOT_MAIL
D113207,0.018560357,DO_NOT_MAIL
D117410,0.95294404,MAIL
D112580,2.8369699e-05,DO_NOT_MAIL
D110721,0.98706704,MAIL
D136831,0.24302566,DO_NOT_MAIL
D124386,0.009785234,DO_NOT_MAIL
D108458,0.7819923,DO_NOT_MAIL
D116320,0.92709506,DO_NOT_MAIL
D106790,0.83528817,DO_NOT_MAIL
D123608,0.089418314,DO_NOT_MAIL
D112276,0.9418153,DO_NOT_MAIL
D101016,0.98706704,MAIL
D135014,0.9755315,MAIL
D141522,0.053517327,DO_NOT_MAIL
D142033,0.101200074,DO_NOT_MAIL
D113527,0.7969786,DO_NOT_MAIL
D105999,0.76495755,DO_NOT_MAIL
D106632,0.8986892,DO_NOT_MAIL
D113585,0.9623464,MAIL
D126039,0.98118603,MAIL
D140885,0.3627215,DO_NOT_MAIL
D129543,0.9615289,MAIL
D113837,0.9009107,DO_NOT_MAIL
D141282,0.90655595,DO_NOT_MAIL
D139236,0.0011493433,DO_NOT_MAIL
D117083,0.724766,DO_NOT_MAIL
D122048,0.8077166,DO_NOT_MAIL
D141323,0.0014806971,DO_NOT_MAIL
D104523,0.8087358,DO_NOT_MAIL
D135488,0.64640063,DO_NOT_MAIL
D124790,0.8545162,DO_NOT_MAIL
D143226,0.01930178,DO_NOT_MAIL
D106965,0.10433501,DO_NOT_MAIL
D111370,0.47305262,DO_NOT_MAIL
D103725,0.42451215,DO_NOT_MAIL
D122073,0.99451584,MAIL
D120385,0.29273427,DO_NOT_MAIL
D104626,0.058544625,DO_NOT_MAIL
D120239,0.09722129,DO_NOT_MAIL
D142621,0.9218918,DO_NOT_MAIL
D125979,0.76365095,DO_NOT_MAIL
D125800,0.4507605,DO_NOT_MAIL
D113758,0.8883942,DO_NOT_MAIL
D103915,0.8023649,DO_NOT_MAIL
D126122,0.008044763,DO_NOT_MAIL
D102161,0.022814944,DO_NOT_MAIL
D120024,0.049161304,DO_NOT_MAIL
D108020,0.9942363,MAIL
D104082,0.07229486,DO_NOT_MAIL
D144293,0.9894521,MAIL
D133677,0.8742346,DO_NOT_MAIL
D123050,0.053796027,DO_NOT_MAIL
D122915,0.8981577,DO_NOT_MAIL
D116621,0.021373335,DO_NOT_MAIL
D118371,0.14541145,DO_NOT_MAIL
D123618,0.8167604,DO_NOT_MAIL
D111176,0.91175425,DO_NOT_MAIL
D101043,0.96176934,MAIL
D143059,0.98745614,MAIL
D132875,0.87721014,DO_NOT_MAIL
D125332,0.37099186,DO_NOT_MAIL
D121705,0.973722,MAIL
D113500,0.9832339,MAIL
D101446,0.98943824,MAIL
D102834,0.05342756,DO_NOT_MAIL
D122008,0.76365095,DO_NOT_MAIL
D115569,0.9615289,MAIL
D133748,0.8087358,DO_NOT_MAIL
D139097,1.3091004e-05,DO_NOT_MAIL
D123766,0.97942126,MAIL
D110024,0.68927664,DO_NOT_MAIL
D122816,0.7332227,DO_NOT_MAIL
D115320,0.22972533,DO_NOT_MAIL
D139009,0.9672376,MAIL
D120919,0.01324216,DO_NOT_MAIL
D125996,0.7375568,DO_NOT_MAIL
D126580,0.9937372,MAIL
D123783,0.5000924,DO_NOT_MAIL
D103343,0.04266044,DO_NOT_MAIL
D115506,0.9462837,DO_NOT_MAIL
D133987,0.13228792,DO_NOT_MAIL
D130924,0.010509507,DO_NOT_MAIL
D143343,0.023496484,DO_NOT_MAIL
D118839,0.9025419,DO_NOT_MAIL
D124952,0.33026293,DO_NOT_MAIL
D140839,0.17762157,DO_NOT_MAIL
D127224,0.9711856,MAIL
D138546,0.28011438,DO_NOT_MAIL
D142615,0.02589261,DO_NOT_MAIL
D138279,0.015333906,DO_NOT_MAIL
D139827,0.9579106,MAIL
D112819,0.97019583,MAIL
D117019,0.80390793,DO_NOT_MAIL
D124811,0.87599576,DO_NOT_MAIL
D141352,0.82086235,DO_NOT_MAIL
D107427,5.6726407e-05,DO_NOT_MAIL
D137776,0.0014309101,DO_NOT_MAIL
D143766,0.022916416,DO_NOT_MAIL
D131437,0.080912635,DO_NOT_MAIL
D126621,0.98377293,MAIL
D144024,0.073245734,DO_NOT_MAIL
D107109,0.092163414,DO_NOT_MAIL
D102415,0.24040827,DO_NOT_MAIL
D133852,0.004539097,DO_NOT_MAIL
D103508,0.9623464,MAIL
D115838,0.87248427,DO_NOT_MAIL
D123066,0.90744495,DO_NOT_MAIL
D113256,0.95294404,MAIL
D131301,0.79660517,DO_NOT_MAIL
D143013,0.073589444,DO_NOT_MAIL
D119588,0.56891495,DO_NOT_MAIL
D106092,0.969633,MAIL
D108043,0.4397283,DO_NOT_MAIL
D104744,0.01861616,DO_NOT_MAIL
D109308,0.0394607,DO_NOT_MAIL
D100299,0.0021499444,DO_NOT_MAIL
D127477,0.0020243225,DO_NOT_MAIL
D105267,0.12792252,DO_NOT_MAIL
D121838,0.9469066,DO_NOT_MAIL
D106553,0.96176934,MAIL
D117078,0.6240543,DO_NOT_MAIL
D141332,0.0030844326,DO_NOT_MAIL
D135965,4.9439146e-05,DO_NOT_MAIL
D115738,0.29273427,DO_NOT_MAIL
D120552,0.824826,DO_NOT_MAIL
D114272,0.96121466,MAIL
D140759,0.61593187,DO_NOT_MAIL
D121955,0.9771327,MAIL
D122072,0.83709186,DO_NOT_MAIL
D115540,0.6545905,DO_NOT_MAIL
D127357,0.8555772,DO_NOT_MAIL
D142171,0.977445,MAIL
D141969,0.039691206,DO_NOT_MAIL
D105364,0.9602031,MAIL
D100731,0.97699124,MAIL
D121712,0.021672782,DO_NOT_MAIL
D115349,0.57365626,DO_NOT_MAIL
D113360,0.120512344,DO_NOT_MAIL
D127336,0.9006484,DO_NOT_MAIL
D134663,0.10930956,DO_NOT_MAIL
D128712,0.88879144,DO_NOT_MAIL
D134183,0.97234666,MAIL
D117538,0.9667681,MAIL
D124296,0.9441003,DO_NOT_MAIL
D111865,0.1926281,DO_NOT_MAIL
D103492,0.81654066,DO_NOT_MAIL
D135615,0.70336944,DO_NOT_MAIL
D108414,0.015799614,DO_NOT_MAIL
D131915,0.7304995,DO_NOT_MAIL
D118749,0.015238529,DO_NOT_MAIL
D109253,0.0037155699,DO_NOT_MAIL
D130876,0.106272824,DO_NOT_MAIL
D120403,0.0031602192,DO_NOT_MAIL
D139123,0.8471566,DO_NOT_MAIL
D137252,0.0011735617,DO_NOT_MAIL
D124413,0.93025255,DO_NOT_MAIL
D132493,0.9736867,MAIL
D109060,0.9662585,MAIL
D119947,0.9859474,MAIL
D106779,0.9599947,MAIL
D142018,0.92521757,DO_NOT_MAIL
D125976,0.9747672,MAIL
D140445,0.036198907,DO_NOT_MAIL
D126485,0.88971186,DO_NOT_MAIL
D123616,0.93909353,DO_NOT_MAIL
D102424,0.11043447,DO_NOT_MAIL
D108904,0.8846277,DO_NOT_MAIL
D132057,0.12485888,DO_NOT_MAIL
D130343,0.8834172,DO_NOT_MAIL
D136146,0.9092488,DO_NOT_MAIL
D135666,0.8546097,DO_NOT_MAIL
D126875,0.003960786,DO_NOT_MAIL
D133972,0.124867626,DO_NOT_MAIL
D144097,0.9815902,MAIL
D112519,0.71599865,DO_NOT_MAIL
D131606,0.96558905,MAIL
D121825,0.8576082,DO_NOT_MAIL
D126969,0.99141425,MAIL
D120955,0.9039037,DO_NOT_MAIL
D133865,0.37098488,DO_NOT_MAIL
D131240,0.8881307,DO_NOT_MAIL
D134413,0.62353516,DO_NOT_MAIL
D128757,0.96522987,MAIL
D140105,0.059595276,DO_NOT_MAIL
D139977,0.006151304,DO_NOT_MAIL
D137887,0.16669957,DO_NOT_MAIL
D102628,0.08740107,DO_NOT_MAIL
D130835,0.002695056,DO_NOT_MAIL
D129411,0.9105622,DO_NOT_MAIL
D138924,0.12628447,DO_NOT_MAIL
D105234,0.8698155,DO_NOT_MAIL
D107056,0.90179396,DO_NOT_MAIL
D131362,0.030791292,DO_NOT_MAIL
D134308,0.0017749411,DO_NOT_MAIL
D131247,0.010791585,DO_NOT_MAIL
D123870,0.93728566,DO_NOT_MAIL
D112354,0.85481644,DO_NOT_MAIL
D130948,0.93728566,DO_NOT_MAIL
D118924,0.014801268,DO_NOT_MAIL
D100243,0.017965494,DO_NOT_MAIL
D142294,0.11908491,DO_NOT_MAIL
D105811,0.8077166,DO_NOT_MAIL
D129856,0.016578121,DO_NOT_MAIL
D136410,0.107090734,DO_NOT_MAIL
D142415,0.030342385,DO_NOT_MAIL
D104875,0.0672679,DO_NOT_MAIL
D109648,0.70075613,DO_NOT_MAIL
D134709,0.0030101188,DO_NOT_MAIL
D114863,0.47305262,DO_NOT_MAIL
D130814,0.007626564,DO_NOT_MAIL
D129394,0.042642828,DO_NOT_MAIL
D123222,0.3181416,DO_NOT_MAIL
D137746,0.71834815,DO_NOT_MAIL
D127668,0.8892487,DO_NOT_MAIL
D143787,0.80740345,DO_NOT_MAIL
D133260,0.29494688,DO_NOT_MAIL
D109449,0.50520223,DO_NOT_MAIL
D116971,0.0071143517,DO_NOT_MAIL
D117729,0.018803995,DO_NOT_MAIL
D137322,0.07362376,DO_NOT_MAIL
D123592,0.16053051,DO_NOT_MAIL
D108969,0.71599865,DO_NOT_MAIL
D133830,0.052264564,DO_NOT_MAIL
D127812,0.13317646,DO_NOT_MAIL
D127030,0.8093756,DO_NOT_MAIL
D105332,0.21414211,DO_NOT_MAIL
D112973,0.92679274,DO_NOT_MAIL
D117597,0.9866388,MAIL
D110847,0.8087358,DO_NOT_MAIL
D104724,0.8611976,DO_NOT_MAIL
D120689,0.8901121,DO_NOT_MAIL
D139254,0.0019974757,DO_NOT_MAIL
D136640,0.47305262,DO_NOT_MAIL
D133887,0.78538567,DO_NOT_MAIL
D118020,0.80441886,DO_NOT_MAIL
D112454,0.96558905,MAIL
D121765,0.026709346,DO_NOT_MAIL
D103359,0.73969823,DO_NOT_MAIL
D117485,0.96176934,MAIL
D123717,0.6431161,DO_NOT_MAIL
D133843,0.37101406,DO_NOT_MAIL
D143031,0.0014350804,DO_NOT_MAIL
D107761,0.45308515,DO_NOT_MAIL
D115065,0.9781587,MAIL
D103401,0.026993705,DO_NOT_MAIL
D142609,0.016908223,DO_NOT_MAIL
D121371,0.9337538,DO_NOT_MAIL
D106647,0.9737379,MAIL
D111299,0.88336307,DO_NOT_MAIL
D138583,0.16508809,DO_NOT_MAIL
D127716,0.0434203,DO_NOT_MAIL
D119714,0.0024979394,DO_NOT_MAIL
D130475,0.0082842065,DO_NOT_MAIL
D127149,0.20612536,DO_NOT_MAIL
D124746,0.80330753,DO_NOT_MAIL
D136479,0.11851075,DO_NOT_MAIL
D108394,0.8415551,DO_NOT_MAIL
D137044,0.0012382257,DO_NOT_MAIL
D125618,0.9658472,MAIL
D135368,0.97271967,MAIL
D142226,0.305282,DO_NOT_MAIL
D123626,0.8722838,DO_NOT_MAIL
D115324,0.9807391,MAIL
D142948,0.013447998,DO_NOT_MAIL
D114732,0.961119,MAIL
D131671,0.9640741,MAIL
D136321,0.08027442,DO_NOT_MAIL
D130144,0.96551836,MAIL
D103141,0.9715028,MAIL
D106142,0.02024998,DO_NOT_MAIL
D128895,0.03612689,DO_NOT_MAIL
D144248,0.88550615,DO_NOT_MAIL
D115247,0.9908025,MAIL
D109374,0.9640741,MAIL
D125109,0.0013304036,DO_NOT_MAIL
D105254,0.9583937,MAIL
D122434,0.8093756,DO_NOT_MAIL
D132653,0.21501467,DO_NOT_MAIL
D103345,0.57474655,DO_NOT_MAIL
D129274,0.91175425,DO_NOT_MAIL
D131846,0.0486534,DO_NOT_MAIL
D101051,0.96558905,MAIL
D127879,0.56296074,DO_NOT_MAIL
D100430,0.0122305555,DO_NOT_MAIL
D104854100,0.9981806,MAIL
D111343,0.9637091,MAIL
D137901,0.4258117,DO_NOT_MAIL
D128411,0.78936344,DO_NOT_MAIL
D134878,0.034702905,DO_NOT_MAIL
D120569,0.85204154,DO_NOT_MAIL
D114201,0.6913615,DO_NOT_MAIL
D141635,0.12928137,DO_NOT_MAIL
D123413,0.2989098,DO_NOT_MAIL
D110639,0.9290283,DO_NOT_MAIL
D126182,0.90447336,DO_NOT_MAIL
D137652,0.004525067,DO_NOT_MAIL
D116809,0.43296874,DO_NOT_MAIL
D127326,0.80441886,DO_NOT_MAIL
D137125,0.83709186,DO_NOT_MAIL
D128978,0.00061191304,DO_NOT_MAIL
D139676,0.0068258327,DO_NOT_MAIL
D123894,0.8447092,DO_NOT_MAIL
D106535,0.6690531,DO_NOT_MAIL
D118387,0.9118403,DO_NOT_MAIL
D119170,0.004327761,DO_NOT_MAIL
D104468,0.9656056,MAIL
D127150,0.3818997,DO_NOT_MAIL
D144668,0.041771095,DO_NOT_MAIL
D105460,0.018630017,DO_NOT_MAIL
D105035,0.7177682,DO_NOT_MAIL
D109911,0.9257085,DO_NOT_MAIL
D135547,0.357484,DO_NOT_MAIL
D108931,0.88891864,DO_NOT_MAIL
D117516,0.9334319,DO_NOT_MAIL
D102357,0.12673269,DO_NOT_MAIL
D126052,0.7392137,DO_NOT_MAIL
D123453,0.9923178,MAIL
D111040,0.9799222,MAIL
D110769,0.9544166,MAIL
D119769,0.970204,MAIL
D133884,0.87647635,DO_NOT_MAIL
D122404,0.92679274,DO_NOT_MAIL
D123207,0.9642926,MAIL
D128536,0.44349778,DO_NOT_MAIL
D110612,0.57365626,DO_NOT_MAIL
D124046,0.9732588,MAIL
D102214,0.9844475,MAIL
D129585,0.6431161,DO_NOT_MAIL
D101335,0.9508744,DO_NOT_MAIL
D143253,0.9572542,MAIL
D142080,0.073668964,DO_NOT_MAIL
D137292,0.9640741,MAIL
D118426,0.049592596,DO_NOT_MAIL
D109774,0.06011913,DO_NOT_MAIL
D144059,0.0011250923,DO_NOT_MAIL
D115024,0.13896227,DO_NOT_MAIL
D109310,0.7037504,DO_NOT_MAIL
D127238,0.99034715,MAIL
D109262,0.65463436,DO_NOT_MAIL
D115498,0.8095635,DO_NOT_MAIL
D131377,0.3629167,DO_NOT_MAIL
D110674,0.9747672,MAIL
D101747,0.9927229,MAIL
D108613,0.94260883,DO_NOT_MAIL
D120316,0.8968021,DO_NOT_MAIL
D129201,0.77132523,DO_NOT_MAIL
D142585,0.07076142,DO_NOT_MAIL
D120373,0.850333,DO_NOT_MAIL
D131011,0.9642926,MAIL
D117880,0.34508723,DO_NOT_MAIL
D133726120,0.9981806,MAIL
D138830,0.024202,DO_NOT_MAIL
D103006,0.9908206,MAIL
D132806,0.977009,MAIL
D131894,0.8595816,DO_NOT_MAIL
D141826,0.04009941,DO_NOT_MAIL
D121904,0.40061572,DO_NOT_MAIL
D123522,0.7236768,DO_NOT_MAIL
D122439,0.90447336,DO_NOT_MAIL
D127468,0.14229555,DO_NOT_MAIL
D135190,0.97261816,MAIL
D103310,0.15451361,DO_NOT_MAIL
D120610,0.9685836,MAIL
D120757,0.88971186,DO_NOT_MAIL
D131175,0.0013102132,DO_NOT_MAIL
D128322,0.8427521,DO_NOT_MAIL
D139788,0.00978852,DO_NOT_MAIL
D102613,0.6690531,DO_NOT_MAIL
D104754,0.5785619,DO_NOT_MAIL
D127605,0.039357502,DO_NOT_MAIL
D123214,0.8881307,DO_NOT_MAIL
D140989,0.05419168,DO_NOT_MAIL
D102091,0.7889207,DO_NOT_MAIL
D108112,0.8892487,DO_NOT_MAIL
D135138,0.09015857,DO_NOT_MAIL
D110119,0.9736867,MAIL
D122608,0.9676331,MAIL
D100769,0.6985896,DO_NOT_MAIL
D103685,0.67208356,DO_NOT_MAIL
D103596,0.37099186,DO_NOT_MAIL
D116488,0.85681254,DO_NOT_MAIL
D135580,0.14778593,DO_NOT_MAIL
D142164,0.03749002,DO_NOT_MAIL
D136579,0.78161925,DO_NOT_MAIL
D141013,0.017140957,DO_NOT_MAIL
D142265,0.0151935145,DO_NOT_MAIL
D102806,0.9681835,MAIL
D116141,0.92521757,DO_NOT_MAIL
D107141,0.5753784,DO_NOT_MAIL
D135251,0.9491667,DO_NOT_MAIL
D108450,0.69809425,DO_NOT_MAIL
D126163,0.003395678,DO_NOT_MAIL
D116998,0.96632427,MAIL
D133105,0.7363752,DO_NOT_MAIL
D104030,0.05898526,DO_NOT_MAIL
D131499,0.324383,DO_NOT_MAIL
D104562,0.14683256,DO_NOT_MAIL
D135021,0.0178619,DO_NOT_MAIL
D135995,0.03967248,DO_NOT_MAIL
D107563,0.96617204,MAIL
D117659,0.8968021,DO_NOT_MAIL
D110714,0.9838995,MAIL
D128998,0.1136399,DO_NOT_MAIL
D107693,0.012682545,DO_NOT_MAIL
D120865,0.81474036,DO_NOT_MAIL
D127650,0.9337538,DO_NOT_MAIL
D121647,0.54785824,DO_NOT_MAIL
D103537,0.0064552394,DO_NOT_MAIL
D115209,0.6816522,DO_NOT_MAIL
D122767,0.026697554,DO_NOT_MAIL
D111842,0.9934628,MAIL
D135421,0.07099881,DO_NOT_MAIL
D139485,0.9834019,MAIL
D100440,0.953535,MAIL
D140357,0.08599942,DO_NOT_MAIL
D144486,0.94418365,DO_NOT_MAIL
D122771,0.9901883,MAIL
D103731,0.8054332,DO_NOT_MAIL
D108005,0.82004774,DO_NOT_MAIL
D117975,0.96245515,MAIL
D144087,0.040865336,DO_NOT_MAIL
D120204,0.86891735,DO_NOT_MAIL
D121446,0.9259016,DO_NOT_MAIL
D105995,0.0003793739,DO_NOT_MAIL
D127569,0.8665668,DO_NOT_MAIL
D122310,0.20337518,DO_NOT_MAIL
D120278,0.90447336,DO_NOT_MAIL
D100484,0.9833103,MAIL
D135279,0.881872,DO_NOT_MAIL
D128253,0.13317293,DO_NOT_MAIL
D136010,0.3197664,DO_NOT_MAIL
D112527,0.7969786,DO_NOT_MAIL
D130005,0.881872,DO_NOT_MAIL
D134913,0.0037489112,DO_NOT_MAIL
D105319,0.01969699,DO_NOT_MAIL
D107706,0.00023663955,DO_NOT_MAIL
D123144,0.014857185,DO_NOT_MAIL
D126198,0.9006484,DO_NOT_MAIL
D123749,0.7177682,DO_NOT_MAIL
D139912,0.11014578,DO_NOT_MAIL
D107411,0.96294856,MAIL
D124831,0.20450248,DO_NOT_MAIL
D110393,0.008281669,DO_NOT_MAIL
D124607,0.24362843,DO_NOT_MAIL
D144574,0.6431161,DO_NOT_MAIL
D115479,0.99122953,MAIL
D132764,0.093759224,DO_NOT_MAIL
D117429,0.67464757,DO_NOT_MAIL
D108516,0.98471385,MAIL
D141706,0.3725779,DO_NOT_MAIL
D142851,0.09902201,DO_NOT_MAIL
D126059,0.06842361,DO_NOT_MAIL
D125629,0.88971186,DO_NOT_MAIL
D102696,0.66999155,DO_NOT_MAIL
D111453,0.92709506,DO_NOT_MAIL
D101671,0.9118403,DO_NOT_MAIL
D107206,0.9793005,MAIL
D134669,0.528885,DO_NOT_MAIL
D108628,0.9708299,MAIL
D126424,0.0082893595,DO_NOT_MAIL
D131653,0.93300116,DO_NOT_MAIL
D133654,0.9337538,DO_NOT_MAIL
D108949,0.9629351,MAIL
D102391,0.00046552802,DO_NOT_MAIL
D105517,0.9770189,MAIL
D138313,0.39336318,DO_NOT_MAIL
D134249,0.9329747,DO_NOT_MAIL
D124168,0.20122604,DO_NOT_MAIL
D116108,0.7392137,DO_NOT_MAIL
D117340,0.98464113,MAIL
D132443,0.83709186,DO_NOT_MAIL
D110834,0.87722886,DO_NOT_MAIL
D143130,0.13638546,DO_NOT_MAIL
D140698,0.073539704,DO_NOT_MAIL
D136807,0.7204647,DO_NOT_MAIL
D109559,0.6391895,DO_NOT_MAIL
D113759,0.7819923,DO_NOT_MAIL
D124920,0.4589601,DO_NOT_MAIL
D136044,0.073227815,DO_NOT_MAIL
D122438,0.037514422,DO_NOT_MAIL
D105802,0.9554237,MAIL
D126877,0.004600938,DO_NOT_MAIL
D104486,0.02343602,DO_NOT_MAIL
D111649,0.5617754,DO_NOT_MAIL
D138468,0.04576896,DO_NOT_MAIL
D105701,0.001166048,DO_NOT_MAIL
D135949,0.9506359,DO_NOT_MAIL
D134918,0.140236,DO_NOT_MAIL
D103034,0.9683634,MAIL
D131237,0.18854314,DO_NOT_MAIL
D104509,0.9854085,MAIL
D109446,0.9550682,MAIL
D144174,0.00943612,DO_NOT_MAIL
D112213,0.91175425,DO_NOT_MAIL
D120561,0.9757868,MAIL
D122219,0.0007664838,DO_NOT_MAIL
D119458,0.81474036,DO_NOT_MAIL
D144542,0.9469066,DO_NOT_MAIL
D140375,0.090534106,DO_NOT_MAIL
D134783,0.80627024,DO_NOT_MAIL
D129905,0.83729506,DO_NOT_MAIL
D144071,0.92434597,DO_NOT_MAIL
D115164,0.5932417,DO_NOT_MAIL
D140269,0.039815243,DO_NOT_MAIL
D133354,0.8399911,DO_NOT_MAIL
D141538,0.0031149318,DO_NOT_MAIL
D133774,0.93471134,DO_NOT_MAIL
D143684,0.00871384,DO_NOT_MAIL
D114690,0.9807391,MAIL
D140726,0.096554466,DO_NOT_MAIL
D137519,0.005919669,DO_NOT_MAIL
D134838,0.21298473,DO_NOT_MAIL
D135605,0.34945247,DO_NOT_MAIL
D133077,0.16488662,DO_NOT_MAIL
D120841,0.9747233,MAIL
D108939,0.7392137,DO_NOT_MAIL
D107346,0.7480704,DO_NOT_MAIL
D116698,0.07060165,DO_NOT_MAIL
D104222,0.19378194,DO_NOT_MAIL
D107608,0.13563025,DO_NOT_MAIL
D134405,0.6545905,DO_NOT_MAIL
D125816,0.9427076,DO_NOT_MAIL
D136928,0.9092488,DO_NOT_MAIL
D130453,0.7421452,DO_NOT_MAIL
D103854,0.94473964,DO_NOT_MAIL
D139038,0.1881619,DO_NOT_MAIL
D106055,0.0015281847,DO_NOT_MAIL
D100323,0.9401205,DO_NOT_MAIL
D122943,0.7861124,DO_NOT_MAIL
D125853,0.4674562,DO_NOT_MAIL
D116579,0.96121466,MAIL
D141946,0.25188604,DO_NOT_MAIL
D114713,0.05125828,DO_NOT_MAIL
D133626,0.9470951,DO_NOT_MAIL
D144027,0.00012398713,DO_NOT_MAIL
D115062,0.4872677,DO_NOT_MAIL
D124308,0.89422464,DO_NOT_MAIL
D105454,0.70989704,DO_NOT_MAIL
D133380,0.38323238,DO_NOT_MAIL
D131218,0.15544574,DO_NOT_MAIL
D112309,0.70336944,DO_NOT_MAIL
D106397,0.12104129,DO_NOT_MAIL
D116278,0.5401169,DO_NOT_MAIL
D136809,0.34663135,DO_NOT_MAIL
D124810,0.8653306,DO_NOT_MAIL
D131321,0.08062185,DO_NOT_MAIL
D113950,0.05921296,DO_NOT_MAIL
D105610,0.9685836,MAIL
D136377,0.029279096,DO_NOT_MAIL
D127676,0.015933495,DO_NOT_MAIL
D136586,0.28222415,DO_NOT_MAIL
D136801,0.83830553,DO_NOT_MAIL
D134565,0.2394468,DO_NOT_MAIL
D105154,0.81131417,DO_NOT_MAIL
D126151,0.8077166,DO_NOT_MAIL
D103317,0.09300745,DO_NOT_MAIL
D127568,0.82538444,DO_NOT_MAIL
D108779,0.97138107,MAIL
D116854,0.99761045,MAIL
D140300,0.06923152,DO_NOT_MAIL
D137548,0.99276733,MAIL
D128140,0.4471892,DO_NOT_MAIL
D140606,0.24406268,DO_NOT_MAIL
D106177,0.98119503,MAIL
D136077,0.013544274,DO_NOT_MAIL
D108338,0.764856,DO_NOT_MAIL
D128748,0.8077166,DO_NOT_MAIL
D116995,0.8892487,DO_NOT_MAIL
D136592,0.90379035,DO_NOT_MAIL
D120001,0.25449836,DO_NOT_MAIL
D130821,0.5925024,DO_NOT_MAIL
D102065,0.023074588,DO_NOT_MAIL
D130034,0.85608035,DO_NOT_MAIL
D123617,0.99087244,MAIL
D110039,0.9302993,DO_NOT_MAIL
D111377,0.77132523,DO_NOT_MAIL
D127709,0.011369756,DO_NOT_MAIL
D123244,0.038261145,DO_NOT_MAIL
D126770,0.99169123,MAIL
D138613,0.13286775,DO_NOT_MAIL
D139578,0.37298957,DO_NOT_MAIL
D100656,0.39776132,DO_NOT_MAIL
D126040,0.9811429,MAIL
D126387,0.3238702,DO_NOT_MAIL
D132389,0.07268991,DO_NOT_MAIL
D101941,0.054013234,DO_NOT_MAIL
D128206,0.99543434,MAIL
D120534,0.0013511755,DO_NOT_MAIL
D141860,0.13330336,DO_NOT_MAIL
D140951,0.015525221,DO_NOT_MAIL
D134983,0.24805205,DO_NOT_MAIL
D110345,0.86032593,DO_NOT_MAIL
D107942,0.9294427,DO_NOT_MAIL
D122355,0.9434021,DO_NOT_MAIL
D111707,0.15737917,DO_NOT_MAIL
D120784,0.93909353,DO_NOT_MAIL
D144546,0.91820985,DO_NOT_MAIL
D133277,0.17900738,DO_NOT_MAIL
D136249,0.4589601,DO_NOT_MAIL
D111875,0.80390793,DO_NOT_MAIL
D114678,0.9786309,MAIL
D122149,0.20524822,DO_NOT_MAIL
D123744,0.021220535,DO_NOT_MAIL
D100997,0.36268032,DO_NOT_MAIL
D138666,0.35141423,DO_NOT_MAIL
D136327,0.9933462,MAIL
D116941,0.96121466,MAIL
D144547,0.96432096,MAIL
D128445,0.32939562,DO_NOT_MAIL
D139408,0.7472351,DO_NOT_MAIL
D133407,0.81871724,DO_NOT_MAIL
D105860,0.9662585,MAIL
D123757,0.8986892,DO_NOT_MAIL
D122664,0.9770189,MAIL
D135836,0.83505756,DO_NOT_MAIL
D126321,0.22701927,DO_NOT_MAIL
D115339,0.026329963,DO_NOT_MAIL
D106821,0.9624114,MAIL
D138474,0.9465924,DO_NOT_MAIL
D139552,0.08598938,DO_NOT_MAIL
D115113,0.002203024,DO_NOT_MAIL
D127317,0.03733699,DO_NOT_MAIL
D131684,0.9225519,DO_NOT_MAIL
D124375,0.009489218,DO_NOT_MAIL
D128705,0.96521676,MAIL
D128992,0.97521484,MAIL
D118800,0.0045025754,DO_NOT_MAIL
D105864,0.65463436,DO_NOT_MAIL
D119312,0.90379035,DO_NOT_MAIL
D107642,0.6240543,DO_NOT_MAIL
D141399,0.006853777,DO_NOT_MAIL
D105787,0.85991716,DO_NOT_MAIL
D141631,0.00622674,DO_NOT_MAIL
D134660,0.6545905,DO_NOT_MAIL
D131743,0.98479754,MAIL
D101721,0.5000924,DO_NOT_MAIL
D130359,0.112674,DO_NOT_MAIL
D128570,0.88723224,DO_NOT_MAIL
D121288,0.10934486,DO_NOT_MAIL
D118161,0.74871504,DO_NOT_MAIL
D133702,0.43585023,DO_NOT_MAIL
D134579,0.036198907,DO_NOT_MAIL
D110980,0.37881243,DO_NOT_MAIL
D104287,0.9929743,MAIL
D124245,0.006161714,DO_NOT_MAIL
D111506,0.9581196,MAIL
D104580,0.82965887,DO_NOT_MAIL
D114697,0.76365095,DO_NOT_MAIL
D109053,0.9770189,MAIL
D125653,0.94440866,DO_NOT_MAIL
D113752,0.831485,DO_NOT_MAIL
D135170,0.12162255,DO_NOT_MAIL
D116582,0.93806165,DO_NOT_MAIL
D126285,0.6023752,DO_NOT_MAIL
D138348,0.96184963,MAIL
D108518,0.48950958,DO_NOT_MAIL
D129474,0.7236768,DO_NOT_MAIL
D128299,0.8537907,DO_NOT_MAIL
D113829,0.9415254,DO_NOT_MAIL
D107985,0.97595996,MAIL
D132884,0.93013823,DO_NOT_MAIL
D122774,0.0065694475,DO_NOT_MAIL
D130613,0.83204716,DO_NOT_MAIL
D102362,0.17216617,DO_NOT_MAIL
D106411,0.01921975,DO_NOT_MAIL
D110800,0.8693399,DO_NOT_MAIL
D107690,0.6545905,DO_NOT_MAIL
D105609,0.38455558,DO_NOT_MAIL
D100675,0.7646645,DO_NOT_MAIL
D112671,0.9763776,MAIL
D112393,0.9349788,DO_NOT_MAIL
D110208,0.9092488,DO_NOT_MAIL
D114266,0.97942126,MAIL
D110942,0.0763121,DO_NOT_MAIL
D130526,0.1476781,DO_NOT_MAIL
D131166,0.023323307,DO_NOT_MAIL
D123582,0.96413136,MAIL
D142973,0.99722266,MAIL
D113782,0.9859474,MAIL
D130986,0.78538567,DO_NOT_MAIL
D120947,0.9434021,DO_NOT_MAIL
D122432,0.57365626,DO_NOT_MAIL
D114409,0.88299966,DO_NOT_MAIL
D140530,0.97070396,MAIL
D114204,0.6816522,DO_NOT_MAIL
D120860,0.034606412,DO_NOT_MAIL
D125832,0.87192446,DO_NOT_MAIL
D127430,0.9232493,DO_NOT_MAIL
D131546,0.8665668,DO_NOT_MAIL
D129954,0.6431161,DO_NOT_MAIL
D118766,0.015178118,DO_NOT_MAIL
D137187,0.83081913,DO_NOT_MAIL
D140305,0.075851545,DO_NOT_MAIL
D108181,0.066163056,DO_NOT_MAIL
D129660,0.82066286,DO_NOT_MAIL
D105018,0.051195964,DO_NOT_MAIL
D118653,0.9025419,DO_NOT_MAIL
D126355,0.8073583,DO_NOT_MAIL
D104847,0.96551836,MAIL
D110429,0.8989707,DO_NOT_MAIL
D101921,0.8732268,DO_NOT_MAIL
D144356,0.0011014679,DO_NOT_MAIL
D139167,0.06487128,DO_NOT_MAIL
D135781,0.9259016,DO_NOT_MAIL
D132761,0.012575999,DO_NOT_MAIL
D114721,0.16757017,DO_NOT_MAIL
D102432,0.000112613714,DO_NOT_MAIL
D129655,0.8472271,DO_NOT_MAIL
D124326,0.83081913,DO_NOT_MAIL
D141351,0.09771111,DO_NOT_MAIL
D106808,0.9881572,MAIL
D137610,0.05386967,DO_NOT_MAIL
D136872,0.06301717,DO_NOT_MAIL
D112385,0.96294856,MAIL
D128262,0.9675739,MAIL
D116440,0.4259524,DO_NOT_MAIL
D120169,0.031596202,DO_NOT_MAIL
D136530,0.4615115,DO_NOT_MAIL
D140311,0.012923466,DO_NOT_MAIL
D126310,0.07865001,DO_NOT_MAIL
D113410,0.8611976,DO_NOT_MAIL
D117486,0.011656811,DO_NOT_MAIL
D113392,0.0078484295,DO_NOT_MAIL
D105392,0.973722,MAIL
D144590,0.015010594,DO_NOT_MAIL
D131149,0.028598784,DO_NOT_MAIL
D116750,0.9859445,MAIL
D120631,0.99212754,MAIL
D114479,0.96707946,MAIL
D112626,0.88319796,DO_NOT_MAIL
D124756,0.27053395,DO_NOT_MAIL
D131566,0.9498495,DO_NOT_MAIL
D120923,0.9962935,MAIL
D113364,0.85706615,DO_NOT_MAIL
D142434,0.0037988382,DO_NOT_MAIL
D125141,0.9711856,MAIL
D140413,0.028157901,DO_NOT_MAIL
D132823,0.63208497,DO_NOT_MAIL
D143886,0.2317128,DO_NOT_MAIL
D137918,0.04383899,DO_NOT_MAIL
D130959,0.84229296,DO_NOT_MAIL
D139902,0.84934926,DO_NOT_MAIL
D125710,0.9176977,DO_NOT_MAIL
D133716,0.65445656,DO_NOT_MAIL
D121425,0.9249026,DO_NOT_MAIL
D135269,0.64456284,DO_NOT_MAIL
D113580,0.9588186,MAIL
D141052,0.0077270516,DO_NOT_MAIL
D114114,0.9662585,MAIL
D134992,0.023446713,DO_NOT_MAIL
D130932,0.63461775,DO_NOT_MAIL
D138679,0.001616987,DO_NOT_MAIL
D128100,0.47839323,DO_NOT_MAIL
D136378,0.6619022,DO_NOT_MAIL
D115125,0.69809425,DO_NOT_MAIL
D112042,0.43296874,DO_NOT_MAIL
D142282,0.23193443,DO_NOT_MAIL
D125910,0.9271437,DO_NOT_MAIL
D118073,0.96632427,MAIL
D131439,0.98380095,MAIL
D137852,0.966664,MAIL
D102828,0.012053894,DO_NOT_MAIL
D109623,0.88723224,DO_NOT_MAIL
D137774,0.09304075,DO_NOT_MAIL
D135857,0.9869551,MAIL
D106030,0.93025255,DO_NOT_MAIL
D114010,0.6816522,DO_NOT_MAIL
D127610,0.0010554946,DO_NOT_MAIL
D140003,0.013373954,DO_NOT_MAIL
D114708,0.22687677,DO_NOT_MAIL
D127656,0.93806165,DO_NOT_MAIL
D132028,0.4445054,DO_NOT_MAIL
D102785,0.018418515,DO_NOT_MAIL
D110471,0.96632427,MAIL
D125691,0.9675739,MAIL
D115618,0.9306288,DO_NOT_MAIL
D118136,0.96996504,MAIL
D109358,0.054686487,DO_NOT_MAIL
D126650,0.9469066,DO_NOT_MAIL
D100201,0.018218677,DO_NOT_MAIL
D136138,0.07037614,DO_NOT_MAIL
D100445,0.22563057,DO_NOT_MAIL
D139593,0.008309089,DO_NOT_MAIL
D144477,0.9905811,MAIL
D134489,0.063380964,DO_NOT_MAIL
D121543,0.91175425,DO_NOT_MAIL
D135412,0.94612527,DO_NOT_MAIL
D100495,0.7177682,DO_NOT_MAIL
D110546,0.98266983,MAIL
D105274,0.83830553,DO_NOT_MAIL
D141347,0.008345354,DO_NOT_MAIL
D107823,0.89545536,DO_NOT_MAIL
D124898,0.00021041588,DO_NOT_MAIL
D142074,0.05515449,DO_NOT_MAIL
D122280,0.6545905,DO_NOT_MAIL
D113237,0.002646431,DO_NOT_MAIL
D119519,0.8456637,DO_NOT_MAIL
D117080,0.5925024,DO_NOT_MAIL
D109459,0.9685309,MAIL
D135942,0.9101504,DO_NOT_MAIL
D126633,0.9469838,DO_NOT_MAIL
D112692,0.87721014,DO_NOT_MAIL
D144587,0.29340944,DO_NOT_MAIL
D143289,0.029012233,DO_NOT_MAIL
D131401,0.012218936,DO_NOT_MAIL
D141370,0.6626127,DO_NOT_MAIL
D113179,0.016421491,DO_NOT_MAIL
D105414,0.831485,DO_NOT_MAIL
D113959,0.9581196,MAIL
D110484,0.009666724,DO_NOT_MAIL
D133429,0.8545162,DO_NOT_MAIL
D124211,0.0072317948,DO_NOT_MAIL
D107237,0.98816675,MAIL
D111365,0.091331296,DO_NOT_MAIL
D128571,0.84229296,DO_NOT_MAIL
D110099,0.9552332,MAIL
D136997,0.0017046364,DO_NOT_MAIL
D116228,0.9325167,DO_NOT_MAIL
D125122,0.9799463,MAIL
D138556,0.45984972,DO_NOT_MAIL
D139787,0.80228597,DO_NOT_MAIL
D105790,0.96921176,MAIL
D112139,0.92532676,DO_NOT_MAIL
D100543,5.9015365e-05,DO_NOT_MAIL
D105650,0.94706964,DO_NOT_MAIL
D100820,0.3817256,DO_NOT_MAIL
D121186,0.7392137,DO_NOT_MAIL
D123898,0.9854085,MAIL
D126781,0.8555243,DO_NOT_MAIL
D107890,0.046362653,DO_NOT_MAIL
D133567,0.89545536,DO_NOT_MAIL
D131369,0.37985092,DO_NOT_MAIL
D107130,0.57086194,DO_NOT_MAIL
D105275,0.9009107,DO_NOT_MAIL
D104033,0.84869266,DO_NOT_MAIL
D119828,0.9009107,DO_NOT_MAIL
D136198,0.01216205,DO_NOT_MAIL
D142915,0.0026960236,DO_NOT_MAIL
D135937,0.98580605,MAIL
D108646,0.0100640915,DO_NOT_MAIL
D105783,0.051678076,DO_NOT_MAIL
D132340,0.9762113,MAIL
D124583,0.92756534,DO_NOT_MAIL
D105469,0.011162083,DO_NOT_MAIL
D126120,0.9443709,DO_NOT_MAIL
D133125,0.07778083,DO_NOT_MAIL
D130666,0.2314297,DO_NOT_MAIL
D134768,0.47305262,DO_NOT_MAIL
D107814,0.9458556,DO_NOT_MAIL
D122130,0.4333138,DO_NOT_MAIL
D112975,0.99101263,MAIL
D130219,0.98499227,MAIL
D144540,0.9714092,MAIL
D106159,0.9811429,MAIL
D107340,0.84869266,DO_NOT_MAIL
D141296,0.9619982,MAIL
D140916,0.7408338,DO_NOT_MAIL
D126395,0.8838868,DO_NOT_MAIL
D112846,0.9550682,MAIL
D130470,0.99101263,MAIL
D116420,0.8427521,DO_NOT_MAIL
D123634,0.22475272,DO_NOT_MAIL
D136365,0.8427521,DO_NOT_MAIL
D128664,0.6469854,DO_NOT_MAIL
D138876,0.9265914,DO_NOT_MAIL
D102723,0.03319511,DO_NOT_MAIL
D122414,0.8332882,DO_NOT_MAIL
D103451,0.9924231,MAIL
D107645,0.961119,MAIL
D140595,0.019157138,DO_NOT_MAIL
D141229,0.23005489,DO_NOT_MAIL
D119892,0.62353516,DO_NOT_MAIL
D133789,0.9347862,DO_NOT_MAIL
D140588,0.010579155,DO_NOT_MAIL
D129928,0.5943451,DO_NOT_MAIL
D100136,0.85924363,DO_NOT_MAIL
D120489,0.9854085,MAIL
D121137,0.7089558,DO_NOT_MAIL
D100540,0.91175425,DO_NOT_MAIL
D135016,0.9638973,MAIL
D104065,0.12383318,DO_NOT_MAIL
D134639,0.16446865,DO_NOT_MAIL
D135611,0.9433685,DO_NOT_MAIL
D138656,0.68806726,DO_NOT_MAIL
D133046,0.961119,MAIL
D119974,0.9658472,MAIL
D110875,0.015474039,DO_NOT_MAIL
D115707,0.87515295,DO_NOT_MAIL
D119873,0.18933156,DO_NOT_MAIL
D129826,0.054278497,DO_NOT_MAIL
D116845,0.22687677,DO_NOT_MAIL
D107794,0.87192446,DO_NOT_MAIL
D100995,0.9433685,DO_NOT_MAIL
D102624,0.9803861,MAIL
D139554,0.9809732,MAIL
D137083,0.19159634,DO_NOT_MAIL
D128111,0.0019164635,DO_NOT_MAIL
D129309,0.82004774,DO_NOT_MAIL
D122616,0.87722886,DO_NOT_MAIL
D108929,0.9569196,MAIL
D118991,0.0064309477,DO_NOT_MAIL
D113176,0.24302566,DO_NOT_MAIL
D117611,0.8722838,DO_NOT_MAIL
D140364,0.31861982,DO_NOT_MAIL
D117343,0.008131821,DO_NOT_MAIL
D119191,0.64477336,DO_NOT_MAIL
D141524,0.042633682,DO_NOT_MAIL
D108730,0.227697,DO_NOT_MAIL
D126094,0.017204512,DO_NOT_MAIL
D143114,0.08052867,DO_NOT_MAIL
D126027,0.07232312,DO_NOT_MAIL
D122723,0.8077166,DO_NOT_MAIL
D140334,0.07567253,DO_NOT_MAIL
D111499,0.7177682,DO_NOT_MAIL
D102017,0.9914619,MAIL
D132595,0.8472271,DO_NOT_MAIL
D108042,0.9506359,DO_NOT_MAIL
D121961,0.0033419603,DO_NOT_MAIL
D106703,0.91026044,DO_NOT_MAIL
D126212,0.8415551,DO_NOT_MAIL
D109211,0.9347862,DO_NOT_MAIL
D113880,0.99034715,MAIL
D100295,0.024698958,DO_NOT_MAIL
D125015,0.5139931,DO_NOT_MAIL
D110008,0.8981577,DO_NOT_MAIL
D141413,0.17365363,DO_NOT_MAIL
D117154,0.85608035,DO_NOT_MAIL
D125972,0.9334319,DO_NOT_MAIL
D123092,0.22687677,DO_NOT_MAIL
D105729,0.4911845,DO_NOT_MAIL
D103803,0.20996696,DO_NOT_MAIL
D103358,0.82409686,DO_NOT_MAIL
D119064,0.40908304,DO_NOT_MAIL
D129527,0.9658472,MAIL
D137964,0.015404267,DO_NOT_MAIL
D137717,0.12698731,DO_NOT_MAIL
D104286,0.03283881,DO_NOT_MAIL
D115957,0.93471134,DO_NOT_MAIL
D126736,0.092163414,DO_NOT_MAIL
D142481,0.052631136,DO_NOT_MAIL
D112259,0.95693064,MAIL
D130123,0.88319796,DO_NOT_MAIL
D125110,0.90744495,DO_NOT_MAIL
D129200,0.002768861,DO_NOT_MAIL
D129366,0.90447336,DO_NOT_MAIL
D100145,0.912446,DO_NOT_MAIL
D140024,0.9632459,MAIL
D119992,0.98895055,MAIL
D139411,0.042141948,DO_NOT_MAIL
D135043,0.9615289,MAIL
D120479,0.6816522,DO_NOT_MAIL
D143964,0.041801367,DO_NOT_MAIL
D142335,0.13419233,DO_NOT_MAIL
D127355,0.091207355,DO_NOT_MAIL
D112795,0.6547513,DO_NOT_MAIL
D104151,0.03281922,DO_NOT_MAIL
D114633,0.94837177,DO_NOT_MAIL
D123710,0.0053645354,DO_NOT_MAIL
D118565,0.05526799,DO_NOT_MAIL
D126405,0.8987183,DO_NOT_MAIL
D113910,0.018791823,DO_NOT_MAIL
D112858,0.7304995,DO_NOT_MAIL
D135505,0.88336307,DO_NOT_MAIL
D138897,0.008947024,DO_NOT_MAIL
D104229,0.001411963,DO_NOT_MAIL
D109086,0.77132523,DO_NOT_MAIL
D128825,0.06287014,DO_NOT_MAIL
D116411,0.969633,MAIL
D130275,0.9736867,MAIL
D137614,0.9583937,MAIL
D143883,0.022019625,DO_NOT_MAIL
D118858,0.8961919,DO_NOT_MAIL
D102250,0.88631564,DO_NOT_MAIL
D106852,0.91175425,DO_NOT_MAIL
D138732,0.025282146,DO_NOT_MAIL
D102911,0.87722886,DO_NOT_MAIL
D119250,0.9792458,MAIL
D140754,0.06282994,DO_NOT_MAIL
D141475,0.96349406,MAIL
D128180,0.9859477,MAIL
D114056,0.011335237,DO_NOT_MAIL
D114949,0.06763348,DO_NOT_MAIL
D118051,0.9606411,MAIL
D125442,0.969633,MAIL
D128795,0.7089558,DO_NOT_MAIL
D132944,0.023056379,DO_NOT_MAIL
D135523,0.35888764,DO_NOT_MAIL
D114956,0.9302993,DO_NOT_MAIL
D106633,0.9768689,MAIL
D112375,0.97963756,MAIL
D132427,0.83729506,DO_NOT_MAIL
D128638,0.8619678,DO_NOT_MAIL
D137626,0.9617045,MAIL
D112497,0.9833103,MAIL
D122599,0.9519325,DO_NOT_MAIL
D128295,0.9716717,MAIL
D121507,0.9810497,MAIL
D111179,0.97441304,MAIL
D137040,0.011037029,DO_NOT_MAIL
D134001,0.22094788,DO_NOT_MAIL
D104003,0.9676331,MAIL
D103335,0.67464757,DO_NOT_MAIL
D127417,0.014787631,DO_NOT_MAIL
D127035,0.84294873,DO_NOT_MAIL
D111221,0.0034815758,DO_NOT_MAIL
D119300,0.3396977,DO_NOT_MAIL
D132270,0.9740155,MAIL
D100049,0.07490722,DO_NOT_MAIL
D121646,0.9669261,MAIL
D111217,0.7089558,DO_NOT_MAIL
D139806,0.0232003,DO_NOT_MAIL
D117759,0.9491667,DO_NOT_MAIL
D109849,0.88971186,DO_NOT_MAIL
D108073,0.3144139,DO_NOT_MAIL
D133333,0.62193674,DO_NOT_MAIL
D111962,0.9675739,MAIL
D116776,0.77132523,DO_NOT_MAIL
D120740,0.8981577,DO_NOT_MAIL
D116867,0.9105622,DO_NOT_MAIL
D103849,0.8054332,DO_NOT_MAIL
D112469,0.5243425,DO_NOT_MAIL
D125024,0.01494543,DO_NOT_MAIL
D114335,0.9914619,MAIL
D116414,0.9105622,DO_NOT_MAIL
D140734,0.9505381,DO_NOT_MAIL
D140785,0.0032804934,DO_NOT_MAIL
D135583,0.0010274721,DO_NOT_MAIL
D141026,0.9700686,MAIL
D120994,0.8611976,DO_NOT_MAIL
D133940,0.99319756,MAIL
D129684,0.470703,DO_NOT_MAIL
D124922,0.22687677,DO_NOT_MAIL
D136641,0.8846277,DO_NOT_MAIL
D141822,0.17117955,DO_NOT_MAIL
D125934,0.9658242,MAIL
D108120,0.94288254,DO_NOT_MAIL
D124993,0.80441886,DO_NOT_MAIL
D118309,0.97152454,MAIL
D107484,0.8892487,DO_NOT_MAIL
D102904,0.9274354,DO_NOT_MAIL
D102439,0.0022029371,DO_NOT_MAIL
D134841,0.9669261,MAIL
D119564,0.042266384,DO_NOT_MAIL
D106355,0.9698342,MAIL
D127602,0.8555018,DO_NOT_MAIL
D120377,0.2730765,DO_NOT_MAIL
D102470,0.002423369,DO_NOT_MAIL
D139613,0.016428424,DO_NOT_MAIL
D142399,0.6169667,DO_NOT_MAIL
D116782,0.08493374,DO_NOT_MAIL
D126871,0.7479858,DO_NOT_MAIL
D115779,0.010676025,DO_NOT_MAIL
D118166,0.8987183,DO_NOT_MAIL
D104852,0.96245515,MAIL
D109708,0.9118403,DO_NOT_MAIL
D106694,0.08418922,DO_NOT_MAIL
D107288,0.06162195,DO_NOT_MAIL
D109113,0.2025721,DO_NOT_MAIL
D125009,0.02280958,DO_NOT_MAIL
D142797,0.060663003,DO_NOT_MAIL
D105525,0.004579634,DO_NOT_MAIL
D133880,0.030474076,DO_NOT_MAIL
D140248,0.44426715,DO_NOT_MAIL
D129717,0.8838868,DO_NOT_MAIL
D104352,0.019712277,DO_NOT_MAIL
D114275,0.9711856,MAIL
D107055,0.0030089242,DO_NOT_MAIL
D131068,0.020960351,DO_NOT_MAIL
D139457,0.1710522,DO_NOT_MAIL
D112474,0.00036347518,DO_NOT_MAIL
D142976,0.32560068,DO_NOT_MAIL
D104461,0.9349788,DO_NOT_MAIL
D108359,0.9450459,DO_NOT_MAIL
D124160,0.99051017,MAIL
D117600,0.0081213275,DO_NOT_MAIL
D116313,0.042584907,DO_NOT_MAIL
D143014,0.10783231,DO_NOT_MAIL
D107758,0.43585023,DO_NOT_MAIL
D132448,0.70336944,DO_NOT_MAIL
D123352,0.99141425,MAIL
D115188,0.8054332,DO_NOT_MAIL
D120164,0.824826,DO_NOT_MAIL
D138980,0.7455879,DO_NOT_MAIL
D143301,0.10373854,DO_NOT_MAIL
D144415,0.9006484,DO_NOT_MAIL
D112925,0.99319756,MAIL
D107836,0.96245515,MAIL
D100065,0.37817994,DO_NOT_MAIL
D115053,0.80390793,DO_NOT_MAIL
D121484,0.96004707,MAIL
D115574,0.9716717,MAIL
D135545,0.4202113,DO_NOT_MAIL
D144440,0.8693399,DO_NOT_MAIL
D104588,0.90179396,DO_NOT_MAIL
D114914,0.95774984,MAIL
D109944,0.5410151,DO_NOT_MAIL
D129642,0.8399911,DO_NOT_MAIL
D117204,0.8167604,DO_NOT_MAIL
D113199,0.82004774,DO_NOT_MAIL
D137170,0.97716546,MAIL
D114905,0.021977995,DO_NOT_MAIL
D133428,0.0012189356,DO_NOT_MAIL
D119721,0.9834034,MAIL
D132955,0.0029194981,DO_NOT_MAIL
D111859,0.6690531,DO_NOT_MAIL
D114791,0.84686965,DO_NOT_MAIL
D125928,0.881872,DO_NOT_MAIL
D129965,0.89230096,DO_NOT_MAIL
D130825,0.04478393,DO_NOT_MAIL
D116159,0.38879102,DO_NOT_MAIL
D107406,0.92150646,DO_NOT_MAIL
D113474,0.08604683,DO_NOT_MAIL
D101183,0.1225581,DO_NOT_MAIL
D110638,0.98706704,MAIL
D144689,0.28612474,DO_NOT_MAIL
D126620,0.9834034,MAIL
D123247,0.0025878118,DO_NOT_MAIL
D106746,0.80390793,DO_NOT_MAIL
D133780,0.97767377,MAIL
D128384,0.022780573,DO_NOT_MAIL
D138625,0.010148953,DO_NOT_MAIL
D143352,0.039629582,DO_NOT_MAIL
D107646,0.5943451,DO_NOT_MAIL
D123191,0.6469854,DO_NOT_MAIL
D134137,0.96223414,MAIL
D132829,0.9833952,MAIL
D115517,0.90302545,DO_NOT_MAIL
D108331,0.56445444,DO_NOT_MAIL
D102504,0.3115542,DO_NOT_MAIL
D140053,0.038761996,DO_NOT_MAIL
D109985,0.8659051,DO_NOT_MAIL
D116994,0.9176977,DO_NOT_MAIL
D100055,0.8925203,DO_NOT_MAIL
D136697,0.95227355,MAIL
D117463,0.81654066,DO_NOT_MAIL
D133577,0.078435846,DO_NOT_MAIL
D135473,0.9332782,DO_NOT_MAIL
D111032,0.9895745,MAIL
D107376,0.016068928,DO_NOT_MAIL
D109117,0.6167146,DO_NOT_MAIL
D112654,0.78161925,DO_NOT_MAIL
D121337,0.13788532,DO_NOT_MAIL
D114679,0.9763776,MAIL
D114488,0.9693406,MAIL
D142700,0.42735285,DO_NOT_MAIL
D106084,0.79660517,DO_NOT_MAIL
D144128,0.027868066,DO_NOT_MAIL
D116099,0.8809452,DO_NOT_MAIL
D111006,0.8834172,DO_NOT_MAIL
D123860,8.255358e-05,DO_NOT_MAIL
D120496,0.81654066,DO_NOT_MAIL
D122330,0.13830897,DO_NOT_MAIL
D128622,0.24644752,DO_NOT_MAIL
D115795,0.99171,MAIL
D105644,0.9718807,MAIL
D143369,0.5619514,DO_NOT_MAIL
D120470,0.22093585,DO_NOT_MAIL
D127286,0.47663742,DO_NOT_MAIL
D101123,0.019331936,DO_NOT_MAIL
D142620,0.051231716,DO_NOT_MAIL
D106772,0.0017725627,DO_NOT_MAIL
D104199,0.16641161,DO_NOT_MAIL
D104022,0.8981577,DO_NOT_MAIL
D132651,0.9758908,MAIL
D119015,0.98631525,MAIL
D109929,0.97261816,MAIL
D100835,0.98464113,MAIL
D138461,0.25587675,DO_NOT_MAIL
D120460,0.86601335,DO_NOT_MAIL
D110854,0.9731653,MAIL
D102304,0.43956122,DO_NOT_MAIL
D128810,0.89230096,DO_NOT_MAIL
D109210,0.20172131,DO_NOT_MAIL
D108510,0.9672093,MAIL
D119143,0.94018435,DO_NOT_MAIL
D102561,0.8611976,DO_NOT_MAIL
D123476,0.9554237,MAIL
D115667,0.92709506,DO_NOT_MAIL
D116778,0.4507605,DO_NOT_MAIL
D109477,0.07322827,DO_NOT_MAIL
D121649,0.7819923,DO_NOT_MAIL
D137521,0.0005162802,DO_NOT_MAIL
D125559,0.11390278,DO_NOT_MAIL
D124109,0.9806153,MAIL
D137803,0.009251303,DO_NOT_MAIL
D100746,0.85204154,DO_NOT_MAIL
D120580,0.024415644,DO_NOT_MAIL
D100723,0.88971186,DO_NOT_MAIL
D128973,0.113904886,DO_NOT_MAIL
D138063,0.052801404,DO_NOT_MAIL
D111157,0.9698342,MAIL
D132452,0.0009448131,DO_NOT_MAIL
D103099,0.83081913,DO_NOT_MAIL
D106687,0.8986892,DO_NOT_MAIL
D123994,0.3907952,DO_NOT_MAIL
D106453,0.8537907,DO_NOT_MAIL
D122364,0.83729506,DO_NOT_MAIL
D122501,0.05150299,DO_NOT_MAIL
D120468,0.00030805747,DO_NOT_MAIL
D119464,0.93728566,DO_NOT_MAIL
D102159,0.95227355,MAIL
D140155,0.66406447,DO_NOT_MAIL
D113057,0.528885,DO_NOT_MAIL
D122858,0.33079335,DO_NOT_MAIL
D122726,0.9906378,MAIL
D137819,0.0056561395,DO_NOT_MAIL
D118801,0.077590846,DO_NOT_MAIL
D130631,0.3817256,DO_NOT_MAIL
D133643,0.4634777,DO_NOT_MAIL
D111005,0.81474036,DO_NOT_MAIL
D125252,0.09330246,DO_NOT_MAIL
D131848,0.83528817,DO_NOT_MAIL
D138825,0.30891514,DO_NOT_MAIL
D122765,0.9356916,DO_NOT_MAIL
D125146,0.9037608,DO_NOT_MAIL
D118993,0.93161374,DO_NOT_MAIL
D129900,0.83709186,DO_NOT_MAIL
D103550,0.63069046,DO_NOT_MAIL
D118076,0.9914744,MAIL
D143805,0.004630098,DO_NOT_MAIL
D118273,0.8986892,DO_NOT_MAIL
D123081,0.96223414,MAIL
D101479,0.88971186,DO_NOT_MAIL
D102145,0.52650124,DO_NOT_MAIL
D128515,0.9763776,MAIL
D143938,0.02307621,DO_NOT_MAIL
D110668,0.97578216,MAIL
D119492,0.9914619,MAIL
D105011,0.88723224,DO_NOT_MAIL
D132562,0.5431207,DO_NOT_MAIL
D140519,0.42088345,DO_NOT_MAIL
D127388,0.831485,DO_NOT_MAIL
D132376,0.8986892,DO_NOT_MAIL
D104912,0.7646645,DO_NOT_MAIL
D114927,0.00057004724,DO_NOT_MAIL
D136909,0.012064215,DO_NOT_MAIL
D131948,0.031953827,DO_NOT_MAIL
D121079,0.36268032,DO_NOT_MAIL
D101977,0.009202628,DO_NOT_MAIL
D130037,0.94903064,DO_NOT_MAIL
D116458,0.9278522,DO_NOT_MAIL
D128331,0.47305262,DO_NOT_MAIL
D122042,0.00039580546,DO_NOT_MAIL
D142426,0.080821455,DO_NOT_MAIL
D100434,0.9833103,MAIL
D118508,5.366397e-05,DO_NOT_MAIL
D116147,0.98628366,MAIL
D100370,0.9617881,MAIL
D110110,0.33113825,DO_NOT_MAIL
D139110,0.12836161,DO_NOT_MAIL
D119548,0.85481644,DO_NOT_MAIL
D100459,0.89608073,DO_NOT_MAIL
D124224,0.0061034113,DO_NOT_MAIL
D119910,0.9656056,MAIL
D126134,0.6816522,DO_NOT_MAIL
D137307,0.29273427,DO_NOT_MAIL
D106469,0.9945648,MAIL
D113941,0.90447336,DO_NOT_MAIL
D116950,0.25919732,DO_NOT_MAIL
D140404,0.36489388,DO_NOT_MAIL
D115490,0.9833103,MAIL
D137936,0.012025149,DO_NOT_MAIL
D131685,0.98471385,MAIL
D111237,0.02444045,DO_NOT_MAIL
D138547,0.31821007,DO_NOT_MAIL
D140663,0.9878764,MAIL
D107808,0.92087764,DO_NOT_MAIL
D139119,0.020571653,DO_NOT_MAIL
D106424,0.92517406,DO_NOT_MAIL
D144117,0.15232873,DO_NOT_MAIL
D106724,0.7037504,DO_NOT_MAIL
D115096,0.30751604,DO_NOT_MAIL
D124071,0.82213485,DO_NOT_MAIL
D114254,0.010824758,DO_NOT_MAIL
D136620,0.9311235,DO_NOT_MAIL
D138991,0.18431996,DO_NOT_MAIL
D137525,0.8665668,DO_NOT_MAIL
D130102,0.61531746,DO_NOT_MAIL
D123934,0.89230096,DO_NOT_MAIL
D113974,0.15893632,DO_NOT_MAIL
D100657,0.1800984,DO_NOT_MAIL
D113053,0.053042814,DO_NOT_MAIL
D132221,0.8415551,DO_NOT_MAIL
D138007,0.9533354,MAIL
D131292,0.0057405415,DO_NOT_MAIL
D139352,0.039905075,DO_NOT_MAIL
D110536,0.6431161,DO_NOT_MAIL
D129369,0.81474036,DO_NOT_MAIL
D121322,0.54785824,DO_NOT_MAIL
D127945,0.013686594,DO_NOT_MAIL
D144472,0.90179396,DO_NOT_MAIL
D110390,0.38146904,DO_NOT_MAIL
D141866,0.8725012,DO_NOT_MAIL
D100667,0.28922915,DO_NOT_MAIL
D138122,0.017391328,DO_NOT_MAIL
D127960,0.97138107,MAIL
D131114,0.4590276,DO_NOT_MAIL
D117277,0.96921176,MAIL
D120705,0.17230265,DO_NOT_MAIL
D113850,0.96632427,MAIL
D136173,0.00066447485,DO_NOT_MAIL
D124203,0.0037507513,DO_NOT_MAIL
D116749,0.82004774,DO_NOT_MAIL
D109725,0.97693527,MAIL
D110100,0.85608035,DO_NOT_MAIL
D107738,0.07342151,DO_NOT_MAIL
D128249,0.9715028,MAIL
D121924,0.96558905,MAIL
D125005,0.06724641,DO_NOT_MAIL
D118394,0.8834172,DO_NOT_MAIL
D129015,0.99034715,MAIL
D138827,0.8142461,DO_NOT_MAIL
D117116,0.7684628,DO_NOT_MAIL
D129920,0.9176977,DO_NOT_MAIL
D144647,0.37439582,DO_NOT_MAIL
D142891,0.0010414921,DO_NOT_MAIL
D119118,0.85204154,DO_NOT_MAIL
D118286,0.8834051,DO_NOT_MAIL
D129265,0.022662878,DO_NOT_MAIL
D139890,0.10386347,DO_NOT_MAIL
D116084,0.96632427,MAIL
D111275,0.65055174,DO_NOT_MAIL
D125493,0.020515228,DO_NOT_MAIL
D105256,0.9606411,MAIL
D132407,0.09895579,DO_NOT_MAIL
D121004,0.9450459,DO_NOT_MAIL
D122369,0.99187404,MAIL
D127852,0.96470815,MAIL
D100935,0.54517126,DO_NOT_MAIL
D136748,0.8892487,DO_NOT_MAIL
D101057,0.74901295,DO_NOT_MAIL
D113836,0.8968021,DO_NOT_MAIL
D139103,0.09608521,DO_NOT_MAIL
D121298,0.8595816,DO_NOT_MAIL
D139152,0.3115549,DO_NOT_MAIL
D109959,0.5243425,DO_NOT_MAIL
D140724,0.3004626,DO_NOT_MAIL
D114793,0.83081913,DO_NOT_MAIL
D111747,0.975021,MAIL
D134427,0.657778,DO_NOT_MAIL
D133356,0.93161374,DO_NOT_MAIL
D138303,0.9770189,MAIL
D126014,0.56853235,DO_NOT_MAIL
D109987,0.76219136,DO_NOT_MAIL
D141274,0.025798725,DO_NOT_MAIL
D119161,0.8073583,DO_NOT_MAIL
D136245,0.008975855,DO_NOT_MAIL
D107568,0.01865494,DO_NOT_MAIL
D124460,0.8834172,DO_NOT_MAIL
D139773,0.093562685,DO_NOT_MAIL
D140391,0.020303115,DO_NOT_MAIL
D114017,0.9881572,MAIL
D132311,0.9259016,DO_NOT_MAIL
D117422,0.93806165,DO_NOT_MAIL
D139309,0.04509451,DO_NOT_MAIL
D116396,0.6469854,DO_NOT_MAIL
D105389,0.8073583,DO_NOT_MAIL
D103767,0.718007,DO_NOT_MAIL
D103424,0.9924231,MAIL
D109359,0.20169817,DO_NOT_MAIL
D139217,0.02021881,DO_NOT_MAIL
D143757,0.007781534,DO_NOT_MAIL
D113529,0.9748004,MAIL
D124372,0.002588879,DO_NOT_MAIL
D140017,0.013397291,DO_NOT_MAIL
D107085,0.96500885,MAIL
D113781,0.3817256,DO_NOT_MAIL
D117792,0.028088963,DO_NOT_MAIL
D104643,0.5753784,DO_NOT_MAIL
D132420,0.99329513,MAIL
D121561,0.97699124,MAIL
D121638,0.0018817999,DO_NOT_MAIL
D134244,0.9854085,MAIL
D144460,0.047253855,DO_NOT_MAIL
D144274,0.23042352,DO_NOT_MAIL
D128453,0.5139931,DO_NOT_MAIL
D121793,0.94260883,DO_NOT_MAIL
D144239,0.12273883,DO_NOT_MAIL
D129904,0.6690531,DO_NOT_MAIL
D123494,0.9498495,DO_NOT_MAIL
D115556,0.9610854,MAIL
D139407,0.01842597,DO_NOT_MAIL
D140422,0.015246481,DO_NOT_MAIL
D129311,0.6335348,DO_NOT_MAIL
D100222,0.018057445,DO_NOT_MAIL
D119584,0.21340625,DO_NOT_MAIL
D100208,0.0058533945,DO_NOT_MAIL
D134431,0.99329513,MAIL
D107556,0.7332227,DO_NOT_MAIL
D123731,0.98266983,MAIL
D124036,0.8726598,DO_NOT_MAIL
D144264,0.0583953,DO_NOT_MAIL
D117433,0.8576082,DO_NOT_MAIL
D139998,0.20205742,DO_NOT_MAIL
D115292,0.6106876,DO_NOT_MAIL
D120537,0.37803388,DO_NOT_MAIL
D119778,0.050273255,DO_NOT_MAIL
D128590,0.8732268,DO_NOT_MAIL
D135143,0.973722,MAIL
D134629,0.0011384538,DO_NOT_MAIL
D141074,0.6979773,DO_NOT_MAIL
D131393,0.003577072,DO_NOT_MAIL
D134321,0.02355118,DO_NOT_MAIL
D133915,0.8537907,DO_NOT_MAIL
D112650,0.9452905,DO_NOT_MAIL
D130695,0.007592161,DO_NOT_MAIL
D112523,0.95568097,MAIL
D115778,0.9716717,MAIL
D124555,0.82004774,DO_NOT_MAIL
D116304,0.7332227,DO_NOT_MAIL
D138148,0.041951332,DO_NOT_MAIL
D109520,0.85204154,DO_NOT_MAIL
D125911,0.6690531,DO_NOT_MAIL
D124853,0.7177682,DO_NOT_MAIL
D120930,0.0024983399,DO_NOT_MAIL
D120091,0.78250086,DO_NOT_MAIL
D143920,0.000799914,DO_NOT_MAIL
D123609,0.9633085,MAIL
D120060,0.08313087,DO_NOT_MAIL
D123577,0.9949838,MAIL
D136864,0.0013462162,DO_NOT_MAIL
D139748,0.8311406,DO_NOT_MAIL
D140792,0.0044665583,DO_NOT_MAIL
D135924,0.7819923,DO_NOT_MAIL
D132575,0.8054332,DO_NOT_MAIL
D102956,0.93909353,DO_NOT_MAIL
D108922,0.7889207,DO_NOT_MAIL
D115427,0.97261816,MAIL
D109571,0.9347862,DO_NOT_MAIL
D123955,0.8087358,DO_NOT_MAIL
D117518,0.8809452,DO_NOT_MAIL
D104627,0.23999223,DO_NOT_MAIL
D103978,0.7478545,DO_NOT_MAIL
D117227,0.8023649,DO_NOT_MAIL
D103982,0.9118403,DO_NOT_MAIL
D100650,0.9796536,MAIL
D118046,0.84229296,DO_NOT_MAIL
D132722,0.71599865,DO_NOT_MAIL
D134025,0.9788836,MAIL
D133316,0.7287747,DO_NOT_MAIL
D106999,0.08804288,DO_NOT_MAIL
D126233,0.90379035,DO_NOT_MAIL
D134186,0.017872786,DO_NOT_MAIL
D114627,0.97928065,MAIL
D114676,0.01675357,DO_NOT_MAIL
D142040,0.5701337,DO_NOT_MAIL
D143444,0.08744629,DO_NOT_MAIL
D133303,0.07689287,DO_NOT_MAIL
D102497,2.2815722e-05,DO_NOT_MAIL
D115582,0.65935063,DO_NOT_MAIL
D138938,0.10568417,DO_NOT_MAIL
D118104,0.86922854,DO_NOT_MAIL
D100631,0.9495193,DO_NOT_MAIL
D112178,0.86032593,DO_NOT_MAIL
D125986,0.824826,DO_NOT_MAIL
D138153,0.07877635,DO_NOT_MAIL
D137185,0.9862926,MAIL
D128437,0.9862926,MAIL
D135077,0.23600984,DO_NOT_MAIL
D108501,0.8881598,DO_NOT_MAIL
D111410,0.0016998984,DO_NOT_MAIL
D117218,0.98464113,MAIL
D124660,0.8427521,DO_NOT_MAIL
D123044,0.78250086,DO_NOT_MAIL
D118294,0.8165528,DO_NOT_MAIL
D122699,0.0064122886,DO_NOT_MAIL
D131672,0.718007,DO_NOT_MAIL
D139329,0.0062974826,DO_NOT_MAIL
D127789,0.85481644,DO_NOT_MAIL
D111709,0.007138516,DO_NOT_MAIL
D118304,0.6348726,DO_NOT_MAIL
D112349,0.9906378,MAIL
D130363,0.9415254,DO_NOT_MAIL
D133984,0.13451114,DO_NOT_MAIL
D137891,0.11877701,DO_NOT_MAIL
D121614,0.75934094,DO_NOT_MAIL
D129069,0.19378194,DO_NOT_MAIL
D131893,0.94612527,DO_NOT_MAIL
D140088,0.044610478,DO_NOT_MAIL
D123303,0.8472271,DO_NOT_MAIL
D136181,0.87722886,DO_NOT_MAIL
D132061,0.8073583,DO_NOT_MAIL
D125920,0.9006484,DO_NOT_MAIL
D105666,0.7480704,DO_NOT_MAIL
D132790,0.67464757,DO_NOT_MAIL
D136264,0.909399,DO_NOT_MAIL
D110163,0.85481644,DO_NOT_MAIL
D129712,0.5553199,DO_NOT_MAIL
D103971,0.053346124,DO_NOT_MAIL
D122985,0.006159437,DO_NOT_MAIL
D103116,0.6725385,DO_NOT_MAIL
D129980,0.008855559,DO_NOT_MAIL
D139225,0.92659265,DO_NOT_MAIL
D124489,0.010119248,DO_NOT_MAIL
D123409,0.4809225,DO_NOT_MAIL
D135572,0.9258597,DO_NOT_MAIL
D129097,0.22006933,DO_NOT_MAIL
D137551,0.881872,DO_NOT_MAIL
D141089,0.008337773,DO_NOT_MAIL
D136957,0.9153493,DO_NOT_MAIL
D133519,0.70989704,DO_NOT_MAIL
D104064,0.9615289,MAIL
D114936,0.96483654,MAIL
D102027,0.93474895,DO_NOT_MAIL
D108515,0.8981577,DO_NOT_MAIL
D115620,0.90302545,DO_NOT_MAIL
D131246,0.0025609988,DO_NOT_MAIL
D138401,0.04081524,DO_NOT_MAIL
D132626,0.07159006,DO_NOT_MAIL
D108283,0.0489299,DO_NOT_MAIL
D140289,0.06214439,DO_NOT_MAIL
D139277,0.059282444,DO_NOT_MAIL
D116860,0.5399626,DO_NOT_MAIL
D130278,0.6431161,DO_NOT_MAIL
D134818,0.7480704,DO_NOT_MAIL
D101485,0.3022023,DO_NOT_MAIL
D113259,0.30256915,DO_NOT_MAIL
D105700,0.3773142,DO_NOT_MAIL
D123508,0.9718807,MAIL
D134275,0.718007,DO_NOT_MAIL
D138436,0.9257085,DO_NOT_MAIL
D135286,0.6816522,DO_NOT_MAIL
D140123,0.01691321,DO_NOT_MAIL
D104776,0.02361825,DO_NOT_MAIL
D122787,0.47305262,DO_NOT_MAIL
D143228,0.0066630235,DO_NOT_MAIL
D133554,0.072426215,DO_NOT_MAIL
D103381,0.070101894,DO_NOT_MAIL
D139140,0.95382136,MAIL
D132998,0.0037950377,DO_NOT_MAIL
D105239,0.9540989,MAIL
D107285,0.8572309,DO_NOT_MAIL
D126090,0.9658242,MAIL
D135688,0.41659734,DO_NOT_MAIL
D105816,0.02071703,DO_NOT_MAIL
D101537,0.18474442,DO_NOT_MAIL
D127084,0.92657644,DO_NOT_MAIL
D115793,0.0046826117,DO_NOT_MAIL
D100516,0.0036398375,DO_NOT_MAIL
D116820,0.013394532,DO_NOT_MAIL
D143649,0.9744923,MAIL
D104415,0.67757505,DO_NOT_MAIL
D119631,0.4507605,DO_NOT_MAIL
D102282,0.033874094,DO_NOT_MAIL
D129252,0.17494975,DO_NOT_MAIL
D109603,0.9334319,DO_NOT_MAIL
D121895,0.90379035,DO_NOT_MAIL
D112268,0.06894846,DO_NOT_MAIL
D113525,0.9334319,DO_NOT_MAIL
D128974,0.7236768,DO_NOT_MAIL
D105411,0.85608035,DO_NOT_MAIL
D119924,0.1273499,DO_NOT_MAIL
D106062,0.5410151,DO_NOT_MAIL
D108166,0.98816675,MAIL
D122476,0.9834034,MAIL
D101302,0.8881307,DO_NOT_MAIL
D128349,0.02975915,DO_NOT_MAIL
D106839,0.98499227,MAIL
D129893,0.8834172,DO_NOT_MAIL
D117986,0.0444874,DO_NOT_MAIL
D132433,0.98946196,MAIL
D125419,0.80955744,DO_NOT_MAIL
D123902,0.83505756,DO_NOT_MAIL
D130664,0.02008003,DO_NOT_MAIL
D133948,0.5530324,DO_NOT_MAIL
D106269,0.9884421,MAIL
D112323,0.9937643,MAIL
D131555,0.006642815,DO_NOT_MAIL
D142437,0.03611619,DO_NOT_MAIL
D104325,0.9303067,DO_NOT_MAIL
D136187,0.9811509,MAIL
D115312,0.8165528,DO_NOT_MAIL
D120799,0.8764,DO_NOT_MAIL
D144049,0.029078295,DO_NOT_MAIL
D133820,0.03789286,DO_NOT_MAIL
D141414,0.0095067,DO_NOT_MAIL
D102140,0.054982208,DO_NOT_MAIL
D104069,0.97138107,MAIL
D117814,0.98628366,MAIL
D139799,0.07193571,DO_NOT_MAIL
D137157,0.9762113,MAIL
D133713,0.8427521,DO_NOT_MAIL
D109627,0.89891535,DO_NOT_MAIL
D111165,0.9881572,MAIL
D107830,0.11376143,DO_NOT_MAIL
D121333,0.8852851,DO_NOT_MAIL
D127684,0.94260883,DO_NOT_MAIL
D117920,0.80627024,DO_NOT_MAIL
D123971,0.8961919,DO_NOT_MAIL
D111476,0.0031583256,DO_NOT_MAIL
D114344,0.80955744,DO_NOT_MAIL
D102631,0.9869551,MAIL
D128770,0.98014534,MAIL
D106796,0.007997749,DO_NOT_MAIL
D133763,0.9009107,DO_NOT_MAIL
D122853,0.54621947,DO_NOT_MAIL
D102187,0.9549817,MAIL
D120896,0.5943451,DO_NOT_MAIL
D109225,0.9545625,MAIL
D113178,0.00090948824,DO_NOT_MAIL
D135458,0.49037725,DO_NOT_MAIL
D132956,0.9271437,DO_NOT_MAIL
D139160,0.2583845,DO_NOT_MAIL
D120139,0.9869551,MAIL
D107175,0.8693399,DO_NOT_MAIL
D140194,0.32072008,DO_NOT_MAIL
D111753,0.007665599,DO_NOT_MAIL
D140064,0.0048321886,DO_NOT_MAIL
D139721,0.28978577,DO_NOT_MAIL
D119870,0.7392137,DO_NOT_MAIL
D101329,0.96500885,MAIL
D109274,0.8483679,DO_NOT_MAIL
D142978,0.005453494,DO_NOT_MAIL
D114913,0.9003407,DO_NOT_MAIL
D133661,0.16917759,DO_NOT_MAIL
D142452,0.022935247,DO_NOT_MAIL
D107008,0.0016544099,DO_NOT_MAIL
D115771,0.6690531,DO_NOT_MAIL
D107933,0.83729506,DO_NOT_MAIL
D114263,0.1583973,DO_NOT_MAIL
D121393,0.8595816,DO_NOT_MAIL
D124188,0.94440866,DO_NOT_MAIL
D106413,0.73969823,DO_NOT_MAIL
D101560,0.81131417,DO_NOT_MAIL
D143578,0.010361353,DO_NOT_MAIL
D135406,0.29287687,DO_NOT_MAIL
D130152,0.055484332,DO_NOT_MAIL
D100901,0.88971186,DO_NOT_MAIL
D107065,0.9640741,MAIL
D121455,0.8669198,DO_NOT_MAIL
D141004,0.13953076,DO_NOT_MAIL
D106825,0.824826,DO_NOT_MAIL
D123785,0.0030549094,DO_NOT_MAIL
D141269,0.007929655,DO_NOT_MAIL
D130740,0.2265287,DO_NOT_MAIL
D105111,0.78538567,DO_NOT_MAIL
D110644,0.96245515,MAIL
D118053,0.16473223,DO_NOT_MAIL
D101931,0.2496635,DO_NOT_MAIL
D144006,0.8629538,DO_NOT_MAIL
D144382,0.78161925,DO_NOT_MAIL
D109432,0.7969786,DO_NOT_MAIL
D120943,0.8073583,DO_NOT_MAIL
D117114,0.6106876,DO_NOT_MAIL
D113492,0.038107194,DO_NOT_MAIL
D102007,0.40061572,DO_NOT_MAIL
D119346,0.95093936,DO_NOT_MAIL
D142002,0.82835764,DO_NOT_MAIL
D127727,0.98464113,MAIL
D104278,0.3815899,DO_NOT_MAIL
D136062,0.5243425,DO_NOT_MAIL
D112623,0.79660517,DO_NOT_MAIL
D120326,0.08782835,DO_NOT_MAIL
D129977,0.9290283,DO_NOT_MAIL
D124273,0.82066286,DO_NOT_MAIL
D120753,0.7332227,DO_NOT_MAIL
D121980,0.008607589,DO_NOT_MAIL
D100758,0.9788103,MAIL
D100828,0.0073020523,DO_NOT_MAIL
D112933,0.9552332,MAIL
D124205,0.8415551,DO_NOT_MAIL
D110164,0.9642926,MAIL
D144512,0.122794025,DO_NOT_MAIL
D125677,0.95568097,MAIL
D116057,0.08455463,DO_NOT_MAIL
D100056,0.04412138,DO_NOT_MAIL
D106865,0.7889207,DO_NOT_MAIL
D127846,0.8852851,DO_NOT_MAIL
D128772,0.8291849,DO_NOT_MAIL
D126654,0.9799463,MAIL
D107559,0.9025419,DO_NOT_MAIL
D108144,0.8961919,DO_NOT_MAIL
D130727,0.00080790423,DO_NOT_MAIL
D108054,0.8698155,DO_NOT_MAIL
D110342,0.9294427,DO_NOT_MAIL
D124921,0.99192226,MAIL
D135371,0.72434723,DO_NOT_MAIL
D117544,0.8094076,DO_NOT_MAIL
D137325,0.14019933,DO_NOT_MAIL
D112269,0.88723224,DO_NOT_MAIL
D101101,0.3238702,DO_NOT_MAIL
D137714,0.954375,MAIL
D114029,0.8968021,DO_NOT_MAIL
D134043,0.0109591065,DO_NOT_MAIL
D129301,0.9023609,DO_NOT_MAIL
D124721,0.8933007,DO_NOT_MAIL
D141751,0.0448919,DO_NOT_MAIL
D132388,0.96470815,MAIL
D135491,0.011660855,DO_NOT_MAIL
D132233,0.8722838,DO_NOT_MAIL
D136550,0.3817256,DO_NOT_MAIL
D104715,0.007574108,DO_NOT_MAIL
D102372,0.16756622,DO_NOT_MAIL
D120792,0.5399626,DO_NOT_MAIL
D124017,0.3817256,DO_NOT_MAIL
D126809,0.059939366,DO_NOT_MAIL
D118404,0.4615115,DO_NOT_MAIL
D121720,0.35198572,DO_NOT_MAIL
D104473,0.62193674,DO_NOT_MAIL
D131267,0.70131403,DO_NOT_MAIL
D137196,0.9009107,DO_NOT_MAIL
D108392,0.92150646,DO_NOT_MAIL
D119454,0.3493186,DO_NOT_MAIL
D100692,0.77132523,DO_NOT_MAIL
D118422,0.7236768,DO_NOT_MAIL
D119770,0.99101263,MAIL
D141809,0.014360344,DO_NOT_MAIL
D135263,0.8324783,DO_NOT_MAIL
D102578,0.6725385,DO_NOT_MAIL
D135072,0.008473032,DO_NOT_MAIL
D140172,0.98872656,MAIL
D114862,0.52446514,DO_NOT_MAIL
D142654,0.0041991123,DO_NOT_MAIL
D112800,0.8054332,DO_NOT_MAIL
D122802,0.8415551,DO_NOT_MAIL
D119738,0.9259016,DO_NOT_MAIL
D119337,0.824826,DO_NOT_MAIL
D128258,0.10707438,DO_NOT_MAIL
D124115,0.9623464,MAIL
D121003,0.2781145,DO_NOT_MAIL
D106365,0.78194124,DO_NOT_MAIL
D131676,0.016487433,DO_NOT_MAIL
D131521,0.62583345,DO_NOT_MAIL
D120184,0.9039037,DO_NOT_MAIL
D128633,0.8211532,DO_NOT_MAIL
D127227,0.9681835,MAIL
D108782,0.122657254,DO_NOT_MAIL
D120111,0.82965887,DO_NOT_MAIL
D141608,0.2985374,DO_NOT_MAIL
D124699,0.98307866,MAIL
D124664,0.95368224,MAIL
D118843,0.51160187,DO_NOT_MAIL
D120285,0.9550913,MAIL
D106783,0.80330753,DO_NOT_MAIL
D117146,0.975021,MAIL
D110216,0.96828955,MAIL
D138802,0.8999175,DO_NOT_MAIL
D127190,0.8654825,DO_NOT_MAIL
D134813,0.9788103,MAIL
D127014,0.9781587,MAIL
D131827,0.37881243,DO_NOT_MAIL
D120893,0.9806153,MAIL
D110309,0.76365095,DO_NOT_MAIL
D106953,0.019763837,DO_NOT_MAIL
D116152,0.99481213,MAIL
D121553,0.6725385,DO_NOT_MAIL
D106650,0.93300116,DO_NOT_MAIL
D141232,0.9875842,MAIL
D125880,0.6312673,DO_NOT_MAIL
D123483,0.98943824,MAIL
D126647,0.8726598,DO_NOT_MAIL
D100095,0.90744495,DO_NOT_MAIL
D112947,0.9760435,MAIL
D102917,0.40978232,DO_NOT_MAIL
D126798,0.2394468,DO_NOT_MAIL
D120097,0.0019625654,DO_NOT_MAIL
D107263,0.34356675,DO_NOT_MAIL
D127059,0.8611976,DO_NOT_MAIL
D142319,0.5098892,DO_NOT_MAIL
D123233,0.0052557467,DO_NOT_MAIL
D116783,0.5617754,DO_NOT_MAIL
D141967,0.008132079,DO_NOT_MAIL
D124491,0.96004707,MAIL
D106801,0.43296874,DO_NOT_MAIL
D140890,0.03670893,DO_NOT_MAIL
D105973,0.85991716,DO_NOT_MAIL
D109818,0.9708299,MAIL
D142139,0.11379292,DO_NOT_MAIL
D130837,0.94078404,DO_NOT_MAIL
D126331,0.99230194,MAIL
D139660,0.38856483,DO_NOT_MAIL
D106227,0.96521676,MAIL
D115107,0.067035034,DO_NOT_MAIL
D103096,0.2673272,DO_NOT_MAIL
D120370,0.3238702,DO_NOT_MAIL
D126976,0.78033173,DO_NOT_MAIL
D112944,0.3127211,DO_NOT_MAIL
D140622,0.32494998,DO_NOT_MAIL
D139211,0.09550046,DO_NOT_MAIL
D132169,0.43685997,DO_NOT_MAIL
D112655,0.9418153,DO_NOT_MAIL
D116498,0.34706292,DO_NOT_MAIL
D139019,0.009719498,DO_NOT_MAIL
D115134,0.9441003,DO_NOT_MAIL
D127632,0.5000924,DO_NOT_MAIL
D115153,0.62088764,DO_NOT_MAIL
D128624,0.8968021,DO_NOT_MAIL
D127555,0.9493857,DO_NOT_MAIL
D112566,0.8447092,DO_NOT_MAIL
D141112,0.9809899,MAIL
D117221,0.9642926,MAIL
D121221,0.8052598,DO_NOT_MAIL
D139727,0.9680208,MAIL
D125006,0.9740155,MAIL
D137159,0.9377958,DO_NOT_MAIL
D131644,0.94473964,DO_NOT_MAIL
D140831,0.9430677,DO_NOT_MAIL
D119563,0.12668489,DO_NOT_MAIL
D139314,0.118113585,DO_NOT_MAIL
D142649,0.005356534,DO_NOT_MAIL
D139051,0.01345011,DO_NOT_MAIL
D108790,0.63461775,DO_NOT_MAIL
D107073,0.7819923,DO_NOT_MAIL
D135100,0.9092488,DO_NOT_MAIL
D101431,0.03614898,DO_NOT_MAIL
D134428,0.02653221,DO_NOT_MAIL
D117125,0.96413136,MAIL
D107880,0.961997,MAIL
D127017,0.67464757,DO_NOT_MAIL
D103421,0.90179396,DO_NOT_MAIL
D102195,0.8810793,DO_NOT_MAIL
D101790,0.1583933,DO_NOT_MAIL
D100624,0.9788905,MAIL
D110061,0.9838995,MAIL
D130230,0.96996504,MAIL
D119003,0.8165528,DO_NOT_MAIL
D137056,0.98277086,MAIL
D114877,0.82066286,DO_NOT_MAIL
D120665,0.92929256,DO_NOT_MAIL
D111346,0.9377958,DO_NOT_MAIL
D105894,0.77132523,DO_NOT_MAIL
D105741,0.8023649,DO_NOT_MAIL
D134083,0.8276394,DO_NOT_MAIL
D137264,0.004834032,DO_NOT_MAIL
D134684,0.8572682,DO_NOT_MAIL
D116946,0.20014754,DO_NOT_MAIL
D101737,0.7969786,DO_NOT_MAIL
D105114,0.9495754,DO_NOT_MAIL
D129210,0.9714092,MAIL
D143844,0.0055194045,DO_NOT_MAIL
D125879,0.0034238524,DO_NOT_MAIL
D119610,0.8555243,DO_NOT_MAIL
D107241,0.0060379533,DO_NOT_MAIL
D143478,0.082032986,DO_NOT_MAIL
D115749,0.9788103,MAIL
D125362,0.7334407,DO_NOT_MAIL
D109002,0.7684628,DO_NOT_MAIL
D141705,0.0038798905,DO_NOT_MAIL
D139010,0.20691222,DO_NOT_MAIL
D144425,0.013437146,DO_NOT_MAIL
D108300,0.039946582,DO_NOT_MAIL
D122792,0.97171783,MAIL
D121016,0.9747233,MAIL
D118092,0.9039037,DO_NOT_MAIL
D126767,0.9884421,MAIL
D138676,0.053831406,DO_NOT_MAIL
D133180,0.8165528,DO_NOT_MAIL
D105222,0.40061572,DO_NOT_MAIL
D117499,0.96996504,MAIL
D143279,0.09109649,DO_NOT_MAIL
D124131,0.24892946,DO_NOT_MAIL
D144187,0.1789807,DO_NOT_MAIL
D127240,0.18883753,DO_NOT_MAIL
D102571,0.9803861,MAIL
D101950,0.03318559,DO_NOT_MAIL
D141837,0.03688768,DO_NOT_MAIL
D114042,0.71599865,DO_NOT_MAIL
D106661,0.8881598,DO_NOT_MAIL
D127880,0.6983845,DO_NOT_MAIL
D116968,0.0014277903,DO_NOT_MAIL
D143811,0.022531359,DO_NOT_MAIL
D105494,0.9811509,MAIL
D126565,0.056489844,DO_NOT_MAIL
D115991,0.78161925,DO_NOT_MAIL
D101066,0.084327385,DO_NOT_MAIL
D123401,0.98706704,MAIL
D111498,0.95461893,MAIL
D110152,0.9844475,MAIL
D130426,0.9554237,MAIL
D107489,0.96551836,MAIL
D141778,0.14054948,DO_NOT_MAIL
D133718,0.89608073,DO_NOT_MAIL
D105556,0.14592536,DO_NOT_MAIL
D116723,0.69809425,DO_NOT_MAIL
D127107,0.11743094,DO_NOT_MAIL
D111955,0.002581028,DO_NOT_MAIL
D105300,0.0040404196,DO_NOT_MAIL
D121312,0.96223414,MAIL
D102307,0.019767763,DO_NOT_MAIL
D123922,0.8087358,DO_NOT_MAIL
D117966,0.87722886,DO_NOT_MAIL
D116742,0.62193674,DO_NOT_MAIL
D120178,0.9333508,DO_NOT_MAIL
D130891,0.0055791554,DO_NOT_MAIL
D111650,0.9278522,DO_NOT_MAIL
D134958,0.9009107,DO_NOT_MAIL
D108757,0.9118403,DO_NOT_MAIL
D125694,0.9838995,MAIL
D134333,0.03214629,DO_NOT_MAIL
D126789,0.9642926,MAIL
D116758,0.8892806,DO_NOT_MAIL
D125452,0.8722838,DO_NOT_MAIL
D129216,0.8961919,DO_NOT_MAIL
D136041,0.8595816,DO_NOT_MAIL
D130040,0.78538567,DO_NOT_MAIL
D108128,0.9775019,MAIL
D137979,0.15679593,DO_NOT_MAIL
D123670,0.006743961,DO_NOT_MAIL
D140407,0.039017424,DO_NOT_MAIL
D114228,0.25767258,DO_NOT_MAIL
D129028,0.80441886,DO_NOT_MAIL
D105538,0.36247674,DO_NOT_MAIL
D131486,0.9658472,MAIL
D110934,0.6345191,DO_NOT_MAIL
D108427,0.8846277,DO_NOT_MAIL
D113832,0.9792474,MAIL
D134626,0.96258026,MAIL
D128837,0.025767867,DO_NOT_MAIL
D142161,0.035973407,DO_NOT_MAIL
D125115,0.9176977,DO_NOT_MAIL
D125003,0.8732268,DO_NOT_MAIL
D127623,0.9714092,MAIL
D127800,0.9838995,MAIL
D128054,0.002051538,DO_NOT_MAIL
D100864,0.98806006,MAIL
D129146,0.37985092,DO_NOT_MAIL
D109049,0.7287747,DO_NOT_MAIL
D100627,0.008599585,DO_NOT_MAIL
D133767,0.041350067,DO_NOT_MAIL
D115980,0.99358964,MAIL
D102401,0.0053995047,DO_NOT_MAIL
D134184,0.73969823,DO_NOT_MAIL
D134398,0.9470951,DO_NOT_MAIL
D120282,0.718007,DO_NOT_MAIL
D103070,0.06223316,DO_NOT_MAIL
D113182,0.36087066,DO_NOT_MAIL
D118224,0.97037226,MAIL
D125327,0.9452905,DO_NOT_MAIL
D136090,0.9302993,DO_NOT_MAIL
D124608,0.9217734,DO_NOT_MAIL
D125937,0.227697,DO_NOT_MAIL
D139452,0.023644522,DO_NOT_MAIL
D108564,0.86032593,DO_NOT_MAIL
D104088,0.019416805,DO_NOT_MAIL
D120039,0.43296874,DO_NOT_MAIL
D111719,0.8869641,DO_NOT_MAIL
D110424,0.16757017,DO_NOT_MAIL
D103060,0.5530366,DO_NOT_MAIL
D124895,0.006953103,DO_NOT_MAIL
D122316,0.38602617,DO_NOT_MAIL
D118228,0.25453117,DO_NOT_MAIL
D105639,0.9811509,MAIL
D120913,0.8415551,DO_NOT_MAIL
D127112,0.94473964,DO_NOT_MAIL
D120709,0.9006077,DO_NOT_MAIL
D116797,0.04890582,DO_NOT_MAIL
D128410,0.7236768,DO_NOT_MAIL
D130601,0.08981929,DO_NOT_MAIL
D120143,0.01702242,DO_NOT_MAIL
D137791,0.025571879,DO_NOT_MAIL
D118523,0.7392137,DO_NOT_MAIL
D103010,0.9412208,DO_NOT_MAIL
D136305,0.8077166,DO_NOT_MAIL
D134352,0.120282754,DO_NOT_MAIL
D124591,0.027971443,DO_NOT_MAIL
D139639,0.029360333,DO_NOT_MAIL
D110442,0.029526114,DO_NOT_MAIL
D104362,0.96432096,MAIL
D118883,0.43585023,DO_NOT_MAIL
D116364,0.8968021,DO_NOT_MAIL
D115362,0.78133124,DO_NOT_MAIL
D117098,0.7304995,DO_NOT_MAIL
D120015,0.9418153,DO_NOT_MAIL
D129726,0.9799463,MAIL
D106866,0.9519325,DO_NOT_MAIL
D121679,0.96483654,MAIL
D104492,0.14692228,DO_NOT_MAIL
D130054,0.73969823,DO_NOT_MAIL
D128678,0.10610001,DO_NOT_MAIL
D143418,0.29400778,DO_NOT_MAIL
D102572,0.953535,MAIL
D115253,0.84229296,DO_NOT_MAIL
D141609,0.6084276,DO_NOT_MAIL
D110717,0.4704758,DO_NOT_MAIL
D123612,0.9362875,DO_NOT_MAIL
D117813,0.45348984,DO_NOT_MAIL
D144640,0.14181545,DO_NOT_MAIL
D118292,0.92095155,DO_NOT_MAIL
D121943,0.96659976,MAIL
D128487,0.0045022853,DO_NOT_MAIL
D114570,0.0041880826,DO_NOT_MAIL
D141755,0.87888515,DO_NOT_MAIL
D134828,0.07037614,DO_NOT_MAIL
D105031,0.114186205,DO_NOT_MAIL
D110628,0.68927664,DO_NOT_MAIL
D126306,0.19368362,DO_NOT_MAIL
D120736,0.3817256,DO_NOT_MAIL
D131191,0.010658874,DO_NOT_MAIL
D122377,0.92095155,DO_NOT_MAIL
D142949,0.23193443,DO_NOT_MAIL
D118557,0.6935014,DO_NOT_MAIL
D142946,0.011938083,DO_NOT_MAIL
D104821,0.0013053357,DO_NOT_MAIL
D139820,0.004896004,DO_NOT_MAIL
D128458,0.93909353,DO_NOT_MAIL
D117696,0.8869641,DO_NOT_MAIL
D116595,0.09575096,DO_NOT_MAIL
D100426,0.9434021,DO_NOT_MAIL
D120535,0.0538107,DO_NOT_MAIL
D115835,0.7177682,DO_NOT_MAIL
D113697,0.831485,DO_NOT_MAIL
D112839,0.13771686,DO_NOT_MAIL
D144661,0.96828955,MAIL
D138646,0.96157783,MAIL
D144518,0.98380095,MAIL
D118089,0.98499227,MAIL
D139767,0.9381486,DO_NOT_MAIL
D113958,0.93471134,DO_NOT_MAIL
D102069,0.03668368,DO_NOT_MAIL
D124276,0.7819923,DO_NOT_MAIL
D144567,0.18211102,DO_NOT_MAIL
D127528,0.43296874,DO_NOT_MAIL
D137283,0.03353658,DO_NOT_MAIL
D128023,0.0003695905,DO_NOT_MAIL
D110649,0.015140644,DO_NOT_MAIL
D116326,0.0006666769,DO_NOT_MAIL
D104341,0.96626717,MAIL
D115404,0.99181,MAIL
D137675,0.87722886,DO_NOT_MAIL
D133826,0.00058728206,DO_NOT_MAIL
D132242,0.0035992963,DO_NOT_MAIL
D127433,0.82066286,DO_NOT_MAIL
D113952,0.6816522,DO_NOT_MAIL
D121694,0.9893246,MAIL
D127675,0.00078968046,DO_NOT_MAIL
D127994,0.0009410106,DO_NOT_MAIL
D122752,0.5139931,DO_NOT_MAIL
D122040,0.9641061,MAIL
D114108,0.89230096,DO_NOT_MAIL
D116358,0.8483679,DO_NOT_MAIL
D140439,0.019521562,DO_NOT_MAIL
D119392,0.93471134,DO_NOT_MAIL
D122147,0.8555772,DO_NOT_MAIL
D119511,0.019283736,DO_NOT_MAIL
D125322,0.843054,DO_NOT_MAIL
D141276,0.002685195,DO_NOT_MAIL
D103189,0.47305262,DO_NOT_MAIL
D138260,0.052968208,DO_NOT_MAIL
D108291,0.94288254,DO_NOT_MAIL
D121789,0.96996504,MAIL
D103193,0.08323867,DO_NOT_MAIL
D116354,0.81474036,DO_NOT_MAIL
D137775,0.077231206,DO_NOT_MAIL
D109817,0.973722,MAIL
D104131,0.973722,MAIL
D130921,0.4589601,DO_NOT_MAIL
D139319,0.5870261,DO_NOT_MAIL
D102556,0.9763776,MAIL
D104470,0.82066286,DO_NOT_MAIL
D133791,0.9462837,DO_NOT_MAIL
D129711,0.971221,MAIL
D118792,0.62193674,DO_NOT_MAIL
D127244,0.8291849,DO_NOT_MAIL
D141932,0.05666382,DO_NOT_MAIL
D118482,0.8595816,DO_NOT_MAIL
D117802,0.18236564,DO_NOT_MAIL
D125482,0.93471134,DO_NOT_MAIL
D100914,0.0012338327,DO_NOT_MAIL
D125693,0.19364357,DO_NOT_MAIL
D115864,0.8023649,DO_NOT_MAIL
D131992,0.7392137,DO_NOT_MAIL
D133034,0.96004707,MAIL
D126003,0.020627316,DO_NOT_MAIL
D140157,0.88403016,DO_NOT_MAIL
D115491,0.011926496,DO_NOT_MAIL
D128956,0.85608035,DO_NOT_MAIL
D142142,0.017724432,DO_NOT_MAIL
D144675,0.7738617,DO_NOT_MAIL
D127833,0.71230865,DO_NOT_MAIL
D137676,0.1548824,DO_NOT_MAIL
D107078,0.99176425,MAIL
D100534,0.2631779,DO_NOT_MAIL
D137628,0.4567487,DO_NOT_MAIL
D134012,0.029601501,DO_NOT_MAIL
D113859,0.7861124,DO_NOT_MAIL
D143807,0.09180321,DO_NOT_MAIL
D132408,0.09334018,DO_NOT_MAIL
D115040,0.5243425,DO_NOT_MAIL
D140670,0.08006321,DO_NOT_MAIL
D127777,0.08062185,DO_NOT_MAIL
D102392,0.006012999,DO_NOT_MAIL
D100044,0.47318652,DO_NOT_MAIL
D139320,0.0019991086,DO_NOT_MAIL
D134986,0.97124714,MAIL
D131617,0.002647554,DO_NOT_MAIL
D135871,0.012535969,DO_NOT_MAIL
D101311,0.014966616,DO_NOT_MAIL
D128752,0.8427521,DO_NOT_MAIL
D137497,0.91333556,DO_NOT_MAIL
D139279,0.06885458,DO_NOT_MAIL
D122227,0.97532654,MAIL
D132566,0.85895944,DO_NOT_MAIL
D108855,0.8968021,DO_NOT_MAIL
D120010,0.8073583,DO_NOT_MAIL
D111557,0.068482034,DO_NOT_MAIL
D140976,0.09899366,DO_NOT_MAIL
D128840,0.05526799,DO_NOT_MAIL
D136336,0.100265935,DO_NOT_MAIL
D117796,0.011960693,DO_NOT_MAIL
D127797,0.0028649794,DO_NOT_MAIL
D101457,0.02572074,DO_NOT_MAIL
D122257,0.8986892,DO_NOT_MAIL
D116918,0.95827425,MAIL
D125536,0.975021,MAIL
D130597,0.8881307,DO_NOT_MAIL
D130672,0.55550224,DO_NOT_MAIL
D134034,0.15964893,DO_NOT_MAIL
D117675,0.356199,DO_NOT_MAIL
D136895,0.23222695,DO_NOT_MAIL
D130249,0.6913615,DO_NOT_MAIL
D125040,0.28760162,DO_NOT_MAIL
D123628,0.087599166,DO_NOT_MAIL
D126538,0.0060116514,DO_NOT_MAIL
D110824,0.12509392,DO_NOT_MAIL
D111714,0.9452905,DO_NOT_MAIL
D105950,0.52650124,DO_NOT_MAIL
D126586,0.6469854,DO_NOT_MAIL
D137828,0.024543641,DO_NOT_MAIL
D130027,0.121581994,DO_NOT_MAIL
D137613,0.2595374,DO_NOT_MAIL
D118318,0.011367409,DO_NOT_MAIL
D129945,0.9658242,MAIL
D105804,0.70336944,DO_NOT_MAIL
D116929,0.9708299,MAIL
D104778,0.9602031,MAIL
D137799,0.004457245,DO_NOT_MAIL
D126972,0.6469854,DO_NOT_MAIL
D120375,0.8434482,DO_NOT_MAIL
D119316,0.9927463,MAIL
D116064,0.97767377,MAIL
D111874,0.9788836,MAIL
D126981,0.69809425,DO_NOT_MAIL
D112979,0.8852851,DO_NOT_MAIL
D108006,0.4333138,DO_NOT_MAIL
D138504,0.6192586,DO_NOT_MAIL
D104447,0.8165528,DO_NOT_MAIL
D122527,0.0019080772,DO_NOT_MAIL
D128650,0.5243425,DO_NOT_MAIL
D112929,0.010425282,DO_NOT_MAIL
D125663,0.04150422,DO_NOT_MAIL
D139751,0.022170603,DO_NOT_MAIL
D132934,0.039580286,DO_NOT_MAIL
D125720,0.88336307,DO_NOT_MAIL
D110634,0.8611976,DO_NOT_MAIL
D130545,0.027713692,DO_NOT_MAIL
D131643,0.63208497,DO_NOT_MAIL
D130149,0.04910131,DO_NOT_MAIL
D120021,0.0036801486,DO_NOT_MAIL
D139966,0.034733042,DO_NOT_MAIL
D104766,0.8659051,DO_NOT_MAIL
D139058,0.016981807,DO_NOT_MAIL
D143553,0.06491139,DO_NOT_MAIL
D124336,0.46261945,DO_NOT_MAIL
D105151,0.9306288,DO_NOT_MAIL
D143849,0.1764345,DO_NOT_MAIL
D135048,0.025214035,DO_NOT_MAIL
D125299,0.5243425,DO_NOT_MAIL
D135768,0.7738617,DO_NOT_MAIL
D139673,0.020100098,DO_NOT_MAIL
D106944,0.86922854,DO_NOT_MAIL
D115873,0.967649,MAIL
D112297,0.97166663,MAIL
D109111,0.97171783,MAIL
D128188,0.8595816,DO_NOT_MAIL
D130878,0.06808903,DO_NOT_MAIL
D120613,0.8546097,DO_NOT_MAIL
D118610,0.8852851,DO_NOT_MAIL
D124391,0.8077166,DO_NOT_MAIL
D112890,0.47663742,DO_NOT_MAIL
D131686,0.9762113,MAIL
D113051,0.24990009,DO_NOT_MAIL
D137098,0.46726277,DO_NOT_MAIL
D121326,0.85706615,DO_NOT_MAIL
D128351,0.23999223,DO_NOT_MAIL
D142639,0.03321624,DO_NOT_MAIL
D128229,0.0012689432,DO_NOT_MAIL
D105653,0.961997,MAIL
D124613,0.41243508,DO_NOT_MAIL
D107451,0.969633,MAIL
D142180,0.081403635,DO_NOT_MAIL
D107868,0.9377958,DO_NOT_MAIL
D132701,0.8724779,DO_NOT_MAIL
D113671,0.97138107,MAIL
D138409,0.035249677,DO_NOT_MAIL
D111597,0.7480704,DO_NOT_MAIL
D123213,0.97699124,MAIL
D134856,0.0021571706,DO_NOT_MAIL
D107227,0.2030647,DO_NOT_MAIL
D143725,0.03345793,DO_NOT_MAIL
D130788,0.98696494,MAIL
D111799,0.18323812,DO_NOT_MAIL
D126207,0.9463768,DO_NOT_MAIL
D139338,0.0100505985,DO_NOT_MAIL
D123995,0.9458556,DO_NOT_MAIL
D123695,0.6690531,DO_NOT_MAIL
D106461,0.8555772,DO_NOT_MAIL
D136503,0.8724779,DO_NOT_MAIL
D127114,0.08030985,DO_NOT_MAIL
D119419,0.8332882,DO_NOT_MAIL
D142592,0.37716052,DO_NOT_MAIL
D137465,0.0034334587,DO_NOT_MAIL
D143544,7.36912e-05,DO_NOT_MAIL
D100087,0.11366313,DO_NOT_MAIL
D143763,0.00017185742,DO_NOT_MAIL
D137136,0.7512396,DO_NOT_MAIL
D118718,0.28282708,DO_NOT_MAIL
D131432,0.02774869,DO_NOT_MAIL
D110312,0.8555772,DO_NOT_MAIL
D141968,0.18179135,DO_NOT_MAIL
D134042,0.053934645,DO_NOT_MAIL
D102550,0.2394468,DO_NOT_MAIL
D102979,0.0100505985,DO_NOT_MAIL
D127667,0.8989707,DO_NOT_MAIL
D124428,0.81474036,DO_NOT_MAIL
D119496,0.042592324,DO_NOT_MAIL
D135245,0.033721466,DO_NOT_MAIL
D113660,0.0029235666,DO_NOT_MAIL
D111611,0.8472271,DO_NOT_MAIL
D134637,0.9693406,MAIL
D120276,0.12133471,DO_NOT_MAIL
D135121,0.5330842,DO_NOT_MAIL
D144654,0.92521757,DO_NOT_MAIL
D143078,0.09943981,DO_NOT_MAIL
D108151,0.9698342,MAIL
D125902,0.9788103,MAIL
D144007,0.6196262,DO_NOT_MAIL
D134154,0.92517847,DO_NOT_MAIL
D137925,0.0047543603,DO_NOT_MAIL
D102752,0.9869551,MAIL
D142496,0.0040808716,DO_NOT_MAIL
D100079,0.83709186,DO_NOT_MAIL
D119138,0.87722886,DO_NOT_MAIL
D106077,0.82066286,DO_NOT_MAIL
D136399,0.016401386,DO_NOT_MAIL
D126219,0.9760435,MAIL
D123120,0.8826862,DO_NOT_MAIL
D127116,0.04547007,DO_NOT_MAIL
D137948,0.005613389,DO_NOT_MAIL
D113548,0.9747233,MAIL
D129223,0.8852851,DO_NOT_MAIL
D107373,0.98471385,MAIL
D111327,0.112806216,DO_NOT_MAIL
D142917,0.48621985,DO_NOT_MAIL
D103784,0.999185,MAIL
D117467,0.69809425,DO_NOT_MAIL
D137916,7.885051e-05,DO_NOT_MAIL
D140593,0.09225428,DO_NOT_MAIL
D110587,0.005003794,DO_NOT_MAIL
D107115,0.91026044,DO_NOT_MAIL
D103938,0.9777964,MAIL
D111580,0.3200876,DO_NOT_MAIL
D137061,0.9848007,MAIL
D133663,0.982675,MAIL
D127705,0.92679274,DO_NOT_MAIL
D118813,0.04059531,DO_NOT_MAIL
D108874,0.9349788,DO_NOT_MAIL
D110409,0.6547513,DO_NOT_MAIL
D109896,0.076774165,DO_NOT_MAIL
D101984,0.72222793,DO_NOT_MAIL
D140614,0.03479032,DO_NOT_MAIL
D115606,0.9554237,MAIL
D104913,0.56445444,DO_NOT_MAIL
D119819,0.07784277,DO_NOT_MAIL
D101132,0.097815886,DO_NOT_MAIL
D105664,0.98118603,MAIL
D116139,0.9912908,MAIL
D140711,0.04592424,DO_NOT_MAIL
D108577,0.9792474,MAIL
D133235,0.7819923,DO_NOT_MAIL
D115150,0.6547513,DO_NOT_MAIL
D111970,0.004404232,DO_NOT_MAIL
D140408,0.89081204,DO_NOT_MAIL
D143700,0.09116614,DO_NOT_MAIL
D115222,0.0010314776,DO_NOT_MAIL
D132226,0.96432096,MAIL
D128489,0.9906378,MAIL
D136639,0.99189115,MAIL
D120694,0.042130858,DO_NOT_MAIL
D114250,0.7969786,DO_NOT_MAIL
D122931,0.48687914,DO_NOT_MAIL
D133351,0.99187404,MAIL
D131101,0.0042596664,DO_NOT_MAIL
D127872,0.0032676419,DO_NOT_MAIL
D105833,0.10510202,DO_NOT_MAIL
D109364,0.016068928,DO_NOT_MAIL
D141610,0.08107936,DO_NOT_MAIL
D102452,0.001474602,DO_NOT_MAIL
D102701,0.9588186,MAIL
D116459,0.006714066,DO_NOT_MAIL
D108822,0.81474036,DO_NOT_MAIL
D117543,0.51018953,DO_NOT_MAIL
D109421,0.7392137,DO_NOT_MAIL
D101511,0.0033885464,DO_NOT_MAIL
D141157,0.8244357,DO_NOT_MAIL
D123477,0.0036317103,DO_NOT_MAIL
D113098,0.8809452,DO_NOT_MAIL
D100059,0.25367758,DO_NOT_MAIL
D144593,0.9779025,MAIL
D116385,0.40169877,DO_NOT_MAIL
D134142,0.98307866,MAIL
D134277,0.8892487,DO_NOT_MAIL
D104789,0.98479754,MAIL
D133054,0.82539433,DO_NOT_MAIL
D127640,0.32403615,DO_NOT_MAIL
D135745,0.954501,MAIL
D131876,0.9009107,DO_NOT_MAIL
D111572,0.25615668,DO_NOT_MAIL
D127277,0.8570528,DO_NOT_MAIL
D118168,0.92095155,DO_NOT_MAIL
D126950,0.99523157,MAIL
D135457,0.9924231,MAIL
D131038,0.023360854,DO_NOT_MAIL
D102389,0.0097848885,DO_NOT_MAIL
D109801,0.85608035,DO_NOT_MAIL
D109557,0.6431161,DO_NOT_MAIL
D121752,0.9258597,DO_NOT_MAIL
D120795,0.8087358,DO_NOT_MAIL
D131957,0.81131417,DO_NOT_MAIL
D106997,0.94078404,DO_NOT_MAIL
D106407,0.6545905,DO_NOT_MAIL
D116818,0.9806153,MAIL
D139525,0.099395275,DO_NOT_MAIL
D118832,0.0047341287,DO_NOT_MAIL
D126990,0.9905811,MAIL
D105989,0.9415254,DO_NOT_MAIL
D128549,0.006824708,DO_NOT_MAIL
D142490,0.068140574,DO_NOT_MAIL
D133691,0.027987763,DO_NOT_MAIL
D108959,0.026676398,DO_NOT_MAIL
D117311,0.97908825,MAIL
D117152,0.5246195,DO_NOT_MAIL
D115306,0.82409686,DO_NOT_MAIL
D102302,0.01230916,DO_NOT_MAIL
D144456,0.9415254,DO_NOT_MAIL
D130213,0.9039037,DO_NOT_MAIL
D112748,0.016765183,DO_NOT_MAIL
D117671,0.0047853924,DO_NOT_MAIL
D110511,0.95294404,MAIL
D138343,0.2606812,DO_NOT_MAIL
D124745,0.0013023026,DO_NOT_MAIL
D106350,0.6547513,DO_NOT_MAIL
D136753,0.9922355,MAIL
D144346,0.80390793,DO_NOT_MAIL
D139982,0.77217805,DO_NOT_MAIL
D124503,0.0034432379,DO_NOT_MAIL
D114432,0.33371556,DO_NOT_MAIL
D135606,0.9105622,DO_NOT_MAIL
D115486,0.92924166,DO_NOT_MAIL
D101508,0.029026482,DO_NOT_MAIL
D132412,0.002857997,DO_NOT_MAIL
D132016,0.8935608,DO_NOT_MAIL
D123833,0.6547513,DO_NOT_MAIL
D138619,0.23606963,DO_NOT_MAIL
D110437,0.9914744,MAIL
D114785,0.98380095,MAIL
D125638,0.8892884,DO_NOT_MAIL
D116590,0.9701361,MAIL
D112340,0.7456418,DO_NOT_MAIL
D135738,0.83528817,DO_NOT_MAIL
D144422,0.96707946,MAIL
D100550,0.831485,DO_NOT_MAIL
D114594,0.2394468,DO_NOT_MAIL
D119649,0.7480704,DO_NOT_MAIL
D112752,0.967649,MAIL
D104690,0.013306178,DO_NOT_MAIL
D143462,0.94927216,DO_NOT_MAIL
D144351,0.6899635,DO_NOT_MAIL
D135958,0.1655843,DO_NOT_MAIL
D103234,0.8077166,DO_NOT_MAIL
D140613,0.00180442,DO_NOT_MAIL
D115695,0.9698342,MAIL
D108308,0.9498495,DO_NOT_MAIL
D110772,0.9490709,DO_NOT_MAIL
D104864,0.050134476,DO_NOT_MAIL
D121942,0.9463768,DO_NOT_MAIL
D128962,0.99463934,MAIL
D131476,0.3817256,DO_NOT_MAIL
D131326,0.73448575,DO_NOT_MAIL
D120110,0.008916358,DO_NOT_MAIL
D116208,0.8665668,DO_NOT_MAIL
D121360,0.43296874,DO_NOT_MAIL
D140449,0.12926053,DO_NOT_MAIL
D139388,0.35710776,DO_NOT_MAIL
D122332,0.068577446,DO_NOT_MAIL
D102154,0.96294856,MAIL
D125218,0.15141071,DO_NOT_MAIL
D124517,0.0023385833,DO_NOT_MAIL
D100630,0.019588795,DO_NOT_MAIL
D138399,0.032358296,DO_NOT_MAIL
D102251,0.0014747685,DO_NOT_MAIL
D124654,0.9003407,DO_NOT_MAIL
D115753,0.9274354,DO_NOT_MAIL
D122549,0.9584709,MAIL
D122281,0.9519325,DO_NOT_MAIL
D133027,0.02520758,DO_NOT_MAIL
D122405,0.8881307,DO_NOT_MAIL
D141955,0.97223467,MAIL
D127235,0.039313983,DO_NOT_MAIL
D117724,0.28199747,DO_NOT_MAIL
D111028,0.65463436,DO_NOT_MAIL
D109431,0.104329236,DO_NOT_MAIL
D134562,0.7332227,DO_NOT_MAIL
D132523,0.718007,DO_NOT_MAIL
D139547,0.33767998,DO_NOT_MAIL
D131645,0.84686965,DO_NOT_MAIL
D105452,0.9452333,DO_NOT_MAIL
D129099,0.83528817,DO_NOT_MAIL
D119753,0.026099747,DO_NOT_MAIL
D138644,0.16337919,DO_NOT_MAIL
D114980,0.47305262,DO_NOT_MAIL
D107321,0.9658242,MAIL
D140493,0.41534498,DO_NOT_MAIL
D121574,0.9744031,MAIL
D134046,0.92122304,DO_NOT_MAIL
D115945,0.5925024,DO_NOT_MAIL
D101166,0.9675739,MAIL
D113311,0.06120106,DO_NOT_MAIL
D116901,0.93909353,DO_NOT_MAIL
D125379,0.12533538,DO_NOT_MAIL
D133215,0.9615289,MAIL
D127883,0.040461708,DO_NOT_MAIL
D124303,0.25219795,DO_NOT_MAIL
D134973,0.47174096,DO_NOT_MAIL
D121172,0.0066959267,DO_NOT_MAIL
D124692,0.012411961,DO_NOT_MAIL
D114166,0.9257085,DO_NOT_MAIL
D116684,0.9349788,DO_NOT_MAIL
D125291,0.9716717,MAIL
D107333,0.9462837,DO_NOT_MAIL
D131417,0.0027335277,DO_NOT_MAIL
D114419,0.843054,DO_NOT_MAIL
D131865,0.014894444,DO_NOT_MAIL
D136689,0.43309996,DO_NOT_MAIL
D125215,0.9916916,MAIL
D119979,0.8072802,DO_NOT_MAIL
D107419,0.98628366,MAIL
D111184,0.90447336,DO_NOT_MAIL
D132793,0.059103746,DO_NOT_MAIL
D126555,0.8809452,DO_NOT_MAIL
D121243,0.9306288,DO_NOT_MAIL
D137214,0.81131417,DO_NOT_MAIL
D105090,0.8077166,DO_NOT_MAIL
D106759,0.8726598,DO_NOT_MAIL
D107567,0.9658242,MAIL
D123748,0.19364357,DO_NOT_MAIL
D142676,0.07957975,DO_NOT_MAIL
D101858,0.7037504,DO_NOT_MAIL
D140343,0.38889492,DO_NOT_MAIL
D133588,0.9853275,MAIL
D144438,0.9257085,DO_NOT_MAIL
D121910,0.21229039,DO_NOT_MAIL
D114794,0.9358564,DO_NOT_MAIL
D112725,0.5667713,DO_NOT_MAIL
D122628,0.6431161,DO_NOT_MAIL
D134731,0.89545536,DO_NOT_MAIL
D105400,0.92938864,DO_NOT_MAIL
D107147,0.9401205,DO_NOT_MAIL
D106692,0.8981577,DO_NOT_MAIL
D104811,0.9614345,MAIL
D128601,0.030283412,DO_NOT_MAIL
D116157,0.01112228,DO_NOT_MAIL
D136359,0.94288254,DO_NOT_MAIL
D138814,0.95291644,MAIL
D144031,0.09387192,DO_NOT_MAIL
D135801,0.9975387,MAIL
D113326,0.0067861998,DO_NOT_MAIL
D134416,0.0020124193,DO_NOT_MAIL
D114971,0.0021809132,DO_NOT_MAIL
D116803,0.9748004,MAIL
D125084,0.8415551,DO_NOT_MAIL
D103898,0.004624557,DO_NOT_MAIL
D137082,0.42438605,DO_NOT_MAIL
D141343,0.0013918993,DO_NOT_MAIL
D144349,0.9676331,MAIL
D100369,0.8572682,DO_NOT_MAIL
D134712,0.85000795,DO_NOT_MAIL
D132318,0.9811509,MAIL
D105524,0.9747672,MAIL
D127934,0.09693425,DO_NOT_MAIL
D142794,0.5413349,DO_NOT_MAIL
D139888,0.09406854,DO_NOT_MAIL
D100016,0.11800947,DO_NOT_MAIL
D115426,0.8846277,DO_NOT_MAIL
D120404,0.99319756,MAIL
D124172,0.0031526515,DO_NOT_MAIL
D118258,0.986133,MAIL
D117712,0.43585023,DO_NOT_MAIL
D114798,0.99169123,MAIL
D100230,0.28800896,DO_NOT_MAIL
D133279,0.26051673,DO_NOT_MAIL
D121962,0.0379097,DO_NOT_MAIL
D100203,0.22678989,DO_NOT_MAIL
D121822,0.95294404,MAIL
D101449,0.9629351,MAIL
D133175,0.029340452,DO_NOT_MAIL
D116070,0.6545905,DO_NOT_MAIL
D143453,0.001654918,DO_NOT_MAIL
D101271,0.21928062,DO_NOT_MAIL
D100547,0.9984475,MAIL
D101130,0.79128486,DO_NOT_MAIL
D120918,0.9629351,MAIL
D128879,0.9257085,DO_NOT_MAIL
D132269,0.65935063,DO_NOT_MAIL
D127875,0.96077126,MAIL
D141244,0.05921296,DO_NOT_MAIL
D132278,0.002748606,DO_NOT_MAIL
D115800,0.3817256,DO_NOT_MAIL
D135379,0.8883942,DO_NOT_MAIL
D139797,0.007928578,DO_NOT_MAIL
D114864,0.97716546,MAIL
D142364,0.10077446,DO_NOT_MAIL
D128565,0.9862926,MAIL
D144133,0.015137167,DO_NOT_MAIL
D123217,0.3238702,DO_NOT_MAIL
D114517,0.9377958,DO_NOT_MAIL
D123765,0.967649,MAIL
D119331,0.9458556,DO_NOT_MAIL
D112383,0.08470734,DO_NOT_MAIL
D125724,0.96551836,MAIL
D107579,0.86891735,DO_NOT_MAIL
D104206,0.135871,DO_NOT_MAIL
D113434,0.84229296,DO_NOT_MAIL
D115265,0.85608035,DO_NOT_MAIL
D124611,0.024940323,DO_NOT_MAIL
D132831,0.93806165,DO_NOT_MAIL
D125443,0.9866388,MAIL
D115012,0.12750168,DO_NOT_MAIL
D120497,0.6640927,DO_NOT_MAIL
D133080,0.40978232,DO_NOT_MAIL
D102255,0.76911116,DO_NOT_MAIL
D109033,0.3238702,DO_NOT_MAIL
D120394,0.27453977,DO_NOT_MAIL
D103224,0.97271967,MAIL
D135252,0.96996504,MAIL
D110322,0.19558594,DO_NOT_MAIL
D119790,0.8638606,DO_NOT_MAIL
D117509,0.9452456,DO_NOT_MAIL
D120872,0.98580605,MAIL
D104642,0.9720347,MAIL
D107757,0.73135215,DO_NOT_MAIL
D106168,0.86922854,DO_NOT_MAIL
D106722,0.26336005,DO_NOT_MAIL
D138421,0.25587675,DO_NOT_MAIL
D108986,0.9803861,MAIL
D116628,0.002751822,DO_NOT_MAIL
D119582,0.5376466,DO_NOT_MAIL
D105353,0.9922355,MAIL
D137002,0.0029793978,DO_NOT_MAIL
D116879,0.009927622,DO_NOT_MAIL
D111266,0.17865139,DO_NOT_MAIL
D135274,0.60338175,DO_NOT_MAIL
D137509,0.60832375,DO_NOT_MAIL
D118176,0.9101504,DO_NOT_MAIL
D104336,0.0003993235,DO_NOT_MAIL
D126096,0.16755813,DO_NOT_MAIL
D109077,0.6469854,DO_NOT_MAIL
D140069,0.087487675,DO_NOT_MAIL
D101074,0.9859474,MAIL
D119842,0.383862,DO_NOT_MAIL
D124969,0.87722886,DO_NOT_MAIL
D143195,0.78183544,DO_NOT_MAIL
D125768,0.9624114,MAIL
D140096,0.042633682,DO_NOT_MAIL
D133988,0.89413357,DO_NOT_MAIL
D103686,0.04273303,DO_NOT_MAIL
D112303,0.89891535,DO_NOT_MAIL
D109509,0.038372044,DO_NOT_MAIL
D136623,0.8698155,DO_NOT_MAIL
D125169,0.078953974,DO_NOT_MAIL
D127268,0.8659051,DO_NOT_MAIL
D123412,0.10143299,DO_NOT_MAIL
D139371,0.31354824,DO_NOT_MAIL
D144302,0.013312559,DO_NOT_MAIL
D106740,0.96245515,MAIL
D124539,0.092163414,DO_NOT_MAIL
D129141,0.98631525,MAIL
D113479,0.6913615,DO_NOT_MAIL
D124668,0.99513584,MAIL
D117734,0.19468686,DO_NOT_MAIL
D101954,0.83830553,DO_NOT_MAIL
D121655,0.97019583,MAIL
D121108,0.6816522,DO_NOT_MAIL
D122361,0.5925024,DO_NOT_MAIL
D141508,0.000770762,DO_NOT_MAIL
D133941,0.015191038,DO_NOT_MAIL
D143117,0.008232426,DO_NOT_MAIL
D109207,0.97931653,MAIL
D111991,0.17462233,DO_NOT_MAIL
D114333,0.0054982365,DO_NOT_MAIL
D120786,0.97171783,MAIL
D124525,0.7476414,DO_NOT_MAIL
D113820,0.0029028377,DO_NOT_MAIL
D122748,0.9945648,MAIL
D123614,0.1406144,DO_NOT_MAIL
D141862,0.032690838,DO_NOT_MAIL
D109514,0.8555243,DO_NOT_MAIL
D119716,0.13723816,DO_NOT_MAIL
D124633,0.87722886,DO_NOT_MAIL
D132009,0.3127211,DO_NOT_MAIL
D127113,0.80441886,DO_NOT_MAIL
D113818,0.091034524,DO_NOT_MAIL
D107756,0.9433685,DO_NOT_MAIL
D100799,0.71599865,DO_NOT_MAIL
D110801,0.9690147,MAIL
D110701,0.6816522,DO_NOT_MAIL
D129940,0.0027343624,DO_NOT_MAIL
D128028,0.98721606,MAIL
D120605,0.86922854,DO_NOT_MAIL
D125885,0.82213485,DO_NOT_MAIL
D127494,0.8537907,DO_NOT_MAIL
D100077,0.4257207,DO_NOT_MAIL
D136659,0.80627024,DO_NOT_MAIL
D142983,0.108097665,DO_NOT_MAIL
D114621,0.3127211,DO_NOT_MAIL
D120384,0.06680195,DO_NOT_MAIL
D136566,0.9624114,MAIL
D103718,0.13160637,DO_NOT_MAIL
D133611,0.70909077,DO_NOT_MAIL
D126412,0.96470815,MAIL
D143394,0.033161435,DO_NOT_MAIL
D102939,0.14827879,DO_NOT_MAIL
D140987,0.18631688,DO_NOT_MAIL
D114981,0.97271967,MAIL
D113369,0.82965887,DO_NOT_MAIL
D127199,0.002446592,DO_NOT_MAIL
D120484,0.8958466,DO_NOT_MAIL
D139443,0.0034731736,DO_NOT_MAIL
D108454,0.89545536,DO_NOT_MAIL
D102517,0.031745847,DO_NOT_MAIL
D138724,0.17345934,DO_NOT_MAIL
D138840,0.51464725,DO_NOT_MAIL
D102856,0.9332782,DO_NOT_MAIL
D136079,0.85481644,DO_NOT_MAIL
D142020,0.26989558,DO_NOT_MAIL
D120544,0.0914005,DO_NOT_MAIL
D113893,0.0031154796,DO_NOT_MAIL
D118150,0.012264798,DO_NOT_MAIL
D116172,0.74289393,DO_NOT_MAIL
D122460,0.08683637,DO_NOT_MAIL
D132081,0.77132523,DO_NOT_MAIL
D111639,0.62353516,DO_NOT_MAIL
D117200,0.0073366077,DO_NOT_MAIL
D114741,0.9358564,DO_NOT_MAIL
D130982,0.81474036,DO_NOT_MAIL
D135529,0.6725385,DO_NOT_MAIL
D114926,0.79660517,DO_NOT_MAIL
D132301,0.18001126,DO_NOT_MAIL
D103786,0.72434723,DO_NOT_MAIL
D108680,0.57311416,DO_NOT_MAIL
D140901,0.007654584,DO_NOT_MAIL
D142061,0.08478151,DO_NOT_MAIL
D140222,0.01424334,DO_NOT_MAIL
D122306,0.6118895,DO_NOT_MAIL
D122394,0.0026820581,DO_NOT_MAIL
D135613,0.025893988,DO_NOT_MAIL
D137024,0.08864032,DO_NOT_MAIL
D113104,0.6249479,DO_NOT_MAIL
D118636,0.9554237,MAIL
D105481,0.9662585,MAIL
D109423,0.97373116,MAIL
D106916,0.9441003,DO_NOT_MAIL
D121334,0.001756574,DO_NOT_MAIL
D138328,0.9768689,MAIL
D117315,0.00045686823,DO_NOT_MAIL
D115319,0.9278522,DO_NOT_MAIL
D133943,0.111536615,DO_NOT_MAIL
D114696,0.9347862,DO_NOT_MAIL
D104726,0.0016976374,DO_NOT_MAIL
D138805,0.03310785,DO_NOT_MAIL
D122717,0.045501657,DO_NOT_MAIL
D105441,0.0037958315,DO_NOT_MAIL
D142994,0.0016053031,DO_NOT_MAIL
D141972,0.11126046,DO_NOT_MAIL
D126008,0.88971186,DO_NOT_MAIL
D127147,0.8538114,DO_NOT_MAIL
D100525,0.031588443,DO_NOT_MAIL
D140851,0.18354245,DO_NOT_MAIL
D135805,0.0032407856,DO_NOT_MAIL
D130555,0.4507605,DO_NOT_MAIL
D128473,0.26551497,DO_NOT_MAIL
D105442,0.051573455,DO_NOT_MAIL
D113796,0.9926387,MAIL
D128288,0.98618895,MAIL
D140936,0.78181225,DO_NOT_MAIL
D124679,0.90179396,DO_NOT_MAIL
D133251,0.80330753,DO_NOT_MAIL
D115705,0.9843615,MAIL
D126435,0.07030488,DO_NOT_MAIL
D112189,0.9714092,MAIL
D136254,0.9176977,DO_NOT_MAIL
D144362,0.9760435,MAIL
D111341,0.22693714,DO_NOT_MAIL
D122352,0.95690113,MAIL
D101696,0.89360845,DO_NOT_MAIL
D121582,0.94612527,DO_NOT_MAIL
D125095,0.54785824,DO_NOT_MAIL
D141495,0.9908744,MAIL
D102219,0.028185414,DO_NOT_MAIL
D113544,0.9023609,DO_NOT_MAIL
D106844,0.018416071,DO_NOT_MAIL
D103872,0.57365626,DO_NOT_MAIL
D117677,0.21561491,DO_NOT_MAIL
D119896,8.114062e-05,DO_NOT_MAIL
D112664,0.8595816,DO_NOT_MAIL
D129199,0.80390793,DO_NOT_MAIL
D122890,0.8087358,DO_NOT_MAIL
D107026,0.83830553,DO_NOT_MAIL
D101928,0.5650268,DO_NOT_MAIL
D143613,0.05883549,DO_NOT_MAIL
D135142,0.95693064,MAIL
D122004,0.8722838,DO_NOT_MAIL
D103417,0.5617754,DO_NOT_MAIL
D121494,0.9401205,DO_NOT_MAIL
D133684,0.81474036,DO_NOT_MAIL
D116472,0.9866388,MAIL
D113200,0.9506359,DO_NOT_MAIL
D143685,0.02744273,DO_NOT_MAIL
D114988,0.8726598,DO_NOT_MAIL
D144001,0.010839994,DO_NOT_MAIL
D108011,0.9506359,DO_NOT_MAIL
D121403,0.92709506,DO_NOT_MAIL
D138828,0.2930432,DO_NOT_MAIL
D104414,0.010288943,DO_NOT_MAIL
D115767,0.65463436,DO_NOT_MAIL
D102364,0.029207818,DO_NOT_MAIL
D144292,0.9807817,MAIL
D141254,0.04682216,DO_NOT_MAIL
D110888,0.3238702,DO_NOT_MAIL
D126218,0.8211532,DO_NOT_MAIL
D126720,0.78161925,DO_NOT_MAIL
D134771,0.9321697,DO_NOT_MAIL
D115702,0.20240787,DO_NOT_MAIL
D116960,0.71599865,DO_NOT_MAIL
D103867,0.98943824,MAIL
D114752,0.94440866,DO_NOT_MAIL
D141773,0.048005894,DO_NOT_MAIL
D131503,0.9025419,DO_NOT_MAIL
D118118,0.92709506,DO_NOT_MAIL
D129897,0.9812448,MAIL
D119106,0.18002102,DO_NOT_MAIL
D121533,0.9470951,DO_NOT_MAIL
D122143,0.6606206,DO_NOT_MAIL
D119972,0.5243425,DO_NOT_MAIL
D109284,0.8809452,DO_NOT_MAIL
D133267,0.00016987693,DO_NOT_MAIL
D105891,0.047230527,DO_NOT_MAIL
D141896,0.020437965,DO_NOT_MAIL
D112477,0.9329747,DO_NOT_MAIL
D118806,0.28647447,DO_NOT_MAIL
D134148,0.026643602,DO_NOT_MAIL
D130315,0.9294427,DO_NOT_MAIL
D112706,0.0008294307,DO_NOT_MAIL
D123636,0.0027644995,DO_NOT_MAIL
D115282,0.6690531,DO_NOT_MAIL
D122851,0.70336944,DO_NOT_MAIL
D105938,0.9923178,MAIL
D131879,0.3143932,DO_NOT_MAIL
D137984,0.023422562,DO_NOT_MAIL
D109842,0.7332227,DO_NOT_MAIL
D134910,0.8447092,DO_NOT_MAIL
D123655,0.56299716,DO_NOT_MAIL
D105291,0.006279277,DO_NOT_MAIL
D107513,0.99051017,MAIL
D139944,0.19264004,DO_NOT_MAIL
D135651,4.667894e-05,DO_NOT_MAIL
D126303,0.86922854,DO_NOT_MAIL
D120647,0.7819923,DO_NOT_MAIL
D122614,0.8916998,DO_NOT_MAIL
D138353,0.13584842,DO_NOT_MAIL
D101801,0.7969786,DO_NOT_MAIL
D142835,0.30697814,DO_NOT_MAIL
D106371,0.8846277,DO_NOT_MAIL
D139506,0.09829859,DO_NOT_MAIL
D120417,0.6725385,DO_NOT_MAIL
D102698,0.9278522,DO_NOT_MAIL
D127539,0.29273427,DO_NOT_MAIL
D108788,0.82066286,DO_NOT_MAIL
D117700,0.045501657,DO_NOT_MAIL
D119314,0.79437804,DO_NOT_MAIL
D127877,0.97767377,MAIL
D135398,0.7177682,DO_NOT_MAIL
D102707,0.8537907,DO_NOT_MAIL
D142898,0.027649473,DO_NOT_MAIL
D131146,0.02522325,DO_NOT_MAIL
D116072,0.17714517,DO_NOT_MAIL
D132309,0.9657949,MAIL
D138126,0.25094792,DO_NOT_MAIL
D101771,0.8332882,DO_NOT_MAIL
D110366,0.657778,DO_NOT_MAIL
D121508,0.6106876,DO_NOT_MAIL
D115631,0.000197604,DO_NOT_MAIL
D102853,0.9463768,DO_NOT_MAIL
D111890,0.97595996,MAIL
D118898,0.9716717,MAIL
D114618,0.9584709,MAIL
D128417,0.053042814,DO_NOT_MAIL
D134201,0.19569327,DO_NOT_MAIL
D129627,0.978593,MAIL
D128200,0.05249985,DO_NOT_MAIL
D119807,0.42092443,DO_NOT_MAIL
D110669,0.9337538,DO_NOT_MAIL
D120157,0.5410151,DO_NOT_MAIL
D131892,0.8618242,DO_NOT_MAIL
D102464,0.007823514,DO_NOT_MAIL
D134274,0.9545625,MAIL
D105497,0.2543624,DO_NOT_MAIL
D127728,0.84848046,DO_NOT_MAIL
D131629,0.89891535,DO_NOT_MAIL
D136436,0.37099186,DO_NOT_MAIL
D118913,0.96828955,MAIL
D123319,0.97699124,MAIL
D133885,0.91615474,DO_NOT_MAIL
D118864,0.99034715,MAIL
D117963,0.018122492,DO_NOT_MAIL
D108468,0.5139931,DO_NOT_MAIL
D132162,0.8961919,DO_NOT_MAIL
D122411,0.9554237,MAIL
D116612,0.16757017,DO_NOT_MAIL
D101172,0.83709186,DO_NOT_MAIL
D111501,0.6431161,DO_NOT_MAIL
D137133,0.8483679,DO_NOT_MAIL
D143012,0.036447752,DO_NOT_MAIL
D116914,0.78538567,DO_NOT_MAIL
D134363,0.9716717,MAIL
D129189,0.20239756,DO_NOT_MAIL
D103017,0.87722886,DO_NOT_MAIL
D142552,0.6107611,DO_NOT_MAIL
D105585,0.88723224,DO_NOT_MAIL
D123725,0.03129059,DO_NOT_MAIL
D103166,0.98066485,MAIL
D140806,0.037187766,DO_NOT_MAIL
D108243,0.66436815,DO_NOT_MAIL
D102485,0.00022967484,DO_NOT_MAIL
D113494,0.94288254,DO_NOT_MAIL
D126447,0.9638973,MAIL
D115293,0.9701361,MAIL
D134476,0.82409686,DO_NOT_MAIL
D122083,0.93474895,DO_NOT_MAIL
D142396,0.03729142,DO_NOT_MAIL
D143032,0.015800985,DO_NOT_MAIL
D127766,0.02936799,DO_NOT_MAIL
D116390,0.5410151,DO_NOT_MAIL
D123912,0.97908825,MAIL
D116618,0.9092488,DO_NOT_MAIL
D104427,0.010690873,DO_NOT_MAIL
D143373,0.5679741,DO_NOT_MAIL
D104681,0.37985092,DO_NOT_MAIL
D113397,0.73969823,DO_NOT_MAIL
D131099,0.8399911,DO_NOT_MAIL
D131840,0.82409686,DO_NOT_MAIL
D114450,0.8483679,DO_NOT_MAIL
D120449,0.68927664,DO_NOT_MAIL
D113643,0.3104496,DO_NOT_MAIL
D142268,0.0011431305,DO_NOT_MAIL
D121482,0.9347862,DO_NOT_MAIL
D101383,0.9039037,DO_NOT_MAIL
D113894,0.9640741,MAIL
D117230,0.9735162,MAIL
D131596,0.88648987,DO_NOT_MAIL
D113673,0.80627024,DO_NOT_MAIL
D136799,0.8087358,DO_NOT_MAIL
D109293,0.9415254,DO_NOT_MAIL
D107562,0.96558905,MAIL
D118200,0.9377958,DO_NOT_MAIL
D107058,0.9658472,MAIL
D103315,0.96996504,MAIL
D120045,0.9615289,MAIL
D119358,0.9552332,MAIL
D143017,0.18799587,DO_NOT_MAIL
D114085,0.004702805,DO_NOT_MAIL
D134482,0.0023383864,DO_NOT_MAIL
D113692,0.9333508,DO_NOT_MAIL
D139837,0.0035502869,DO_NOT_MAIL
D125882,0.013008186,DO_NOT_MAIL
D137793,0.95770705,MAIL
D112814,0.022459388,DO_NOT_MAIL
D135388,0.9092488,DO_NOT_MAIL
D141313,0.85652894,DO_NOT_MAIL
D103890,0.14352274,DO_NOT_MAIL
D135519,0.039683137,DO_NOT_MAIL
D125616,0.99302906,MAIL
D139756,0.070099704,DO_NOT_MAIL
D129362,0.977445,MAIL
D126230,0.007386854,DO_NOT_MAIL
D136908,0.9118403,DO_NOT_MAIL
D112875,0.9908025,MAIL
D120503,0.93909353,DO_NOT_MAIL
D141357,0.087599166,DO_NOT_MAIL
D125550,0.09682897,DO_NOT_MAIL
D103233,0.053489715,DO_NOT_MAIL
D123466,0.032476336,DO_NOT_MAIL
D126894,0.15937445,DO_NOT_MAIL
D114788,0.97521484,MAIL
D143826,0.0042562378,DO_NOT_MAIL
D141196,0.9848409,MAIL
D130789,0.08738238,DO_NOT_MAIL
D107070,0.97877216,MAIL
D126987,0.40978232,DO_NOT_MAIL
D114983,0.975021,MAIL
D128743,0.5753784,DO_NOT_MAIL
D138677,0.024100438,DO_NOT_MAIL
D131689,0.005564452,DO_NOT_MAIL
D118077,0.2767879,DO_NOT_MAIL
D128348,0.973722,MAIL
D140886,0.012188391,DO_NOT_MAIL
D141947,0.2031441,DO_NOT_MAIL
D128573,0.8726598,DO_NOT_MAIL
D119534,0.010990503,DO_NOT_MAIL
D104251,0.006704701,DO_NOT_MAIL
D138671,0.9584689,MAIL
D120886,0.9105622,DO_NOT_MAIL
D125689,0.2078482,DO_NOT_MAIL
D122484,0.0050293347,DO_NOT_MAIL
D110291,0.7287747,DO_NOT_MAIL
D103433,7.949952e-05,DO_NOT_MAIL
D144386,0.7939737,DO_NOT_MAIL
D103956,0.6469854,DO_NOT_MAIL
D144691,0.81256,DO_NOT_MAIL
D139220,0.062122744,DO_NOT_MAIL
D120845,0.88336307,DO_NOT_MAIL
D103948,0.40061572,DO_NOT_MAIL
D121060,0.8881307,DO_NOT_MAIL
D118439,0.9337538,DO_NOT_MAIL
D132592,0.8602647,DO_NOT_MAIL
D140517,0.0013741853,DO_NOT_MAIL
D138346,0.023355288,DO_NOT_MAIL
D119095,0.9930816,MAIL
D142409,0.010119114,DO_NOT_MAIL
D111848,0.8834172,DO_NOT_MAIL
D117145,0.8981577,DO_NOT_MAIL
D143127,0.0016629836,DO_NOT_MAIL
D106648,0.022286087,DO_NOT_MAIL
D137786,0.0086851325,DO_NOT_MAIL
D122567,0.14671144,DO_NOT_MAIL
D125129,0.4615115,DO_NOT_MAIL
D135729,0.96996504,MAIL
D120383,0.79437804,DO_NOT_MAIL
D126379,0.01609372,DO_NOT_MAIL
D136916,0.01565932,DO_NOT_MAIL
D120365,0.7287747,DO_NOT_MAIL
D133751,0.8713781,DO_NOT_MAIL
D122733,0.9720426,MAIL
D133134,0.9581196,MAIL
D135524,0.9806153,MAIL
D122522,0.5392941,DO_NOT_MAIL
D124086,0.017869288,DO_NOT_MAIL
D118699,0.8732268,DO_NOT_MAIL
D131454,0.9781948,MAIL
D108678,0.8619678,DO_NOT_MAIL
D143638,0.0042004143,DO_NOT_MAIL
D105690,0.7865956,DO_NOT_MAIL
D122612,0.021552267,DO_NOT_MAIL
D115919,0.84686965,DO_NOT_MAIL
D130326,0.954501,MAIL
D139189,0.0038525918,DO_NOT_MAIL
D125993,0.9403472,DO_NOT_MAIL
D136224,0.030217914,DO_NOT_MAIL
D140148,0.39955312,DO_NOT_MAIL
D135877,0.008310558,DO_NOT_MAIL
D110352,0.9003407,DO_NOT_MAIL
D129272,0.9337538,DO_NOT_MAIL
D130909,0.0046147974,DO_NOT_MAIL
D126403,0.91175425,DO_NOT_MAIL
D116624,0.3817256,DO_NOT_MAIL
D129067,0.9535937,MAIL
D110998,0.9642926,MAIL
D117742,0.99181455,MAIL
D121844,0.8892806,DO_NOT_MAIL
D141121,0.3865722,DO_NOT_MAIL
D140906,0.0017033799,DO_NOT_MAIL
D103921,0.0022007476,DO_NOT_MAIL
D143203,0.99060947,MAIL
D131646,0.65463436,DO_NOT_MAIL
D113995,0.92709506,DO_NOT_MAIL
D116997,0.6240543,DO_NOT_MAIL
D108254,0.98068994,MAIL
D140132,0.2712898,DO_NOT_MAIL
D115544,0.9332782,DO_NOT_MAIL
D114571,0.977009,MAIL
D105287,0.00022771065,DO_NOT_MAIL
D136409,0.8834172,DO_NOT_MAIL
D134472,0.011156705,DO_NOT_MAIL
D113488,0.8961919,DO_NOT_MAIL
D117115,0.93618584,DO_NOT_MAIL
D114468,0.03589378,DO_NOT_MAIL
D142307,0.014990495,DO_NOT_MAIL
D108483,0.8536362,DO_NOT_MAIL
D143164,0.018818473,DO_NOT_MAIL
D113139,0.9420675,DO_NOT_MAIL
D102123,0.80330753,DO_NOT_MAIL
D133186,0.5243425,DO_NOT_MAIL
D107804,0.19872732,DO_NOT_MAIL
D133495,0.46099663,DO_NOT_MAIL
D137730,0.98816675,MAIL
D104602,0.00035241258,DO_NOT_MAIL
D124125,0.7819923,DO_NOT_MAIL
D119611,0.8846277,DO_NOT_MAIL
D131255,0.0009880785,DO_NOT_MAIL
D125826,0.059919424,DO_NOT_MAIL
D140697,0.07083753,DO_NOT_MAIL
D143715,0.10028446,DO_NOT_MAIL
D111083,0.98122597,MAIL
D100809,0.9768689,MAIL
D100089,0.9450459,DO_NOT_MAIL
D138768,0.014944298,DO_NOT_MAIL
D127670,0.96223414,MAIL
D105473,0.005741611,DO_NOT_MAIL
D139273,0.0506529,DO_NOT_MAIL
D134086,0.87722886,DO_NOT_MAIL
D126227,0.011863402,DO_NOT_MAIL
D110821,0.06530505,DO_NOT_MAIL
D144327,0.00922428,DO_NOT_MAIL
D124538,0.28924915,DO_NOT_MAIL
D102458,0.69053406,DO_NOT_MAIL
D104346,0.86032593,DO_NOT_MAIL
D141482,0.19014412,DO_NOT_MAIL
D116037,0.9606411,MAIL
D128868,0.93806165,DO_NOT_MAIL
D110258,0.9924231,MAIL
D130705,0.027915206,DO_NOT_MAIL
D106008,0.48970595,DO_NOT_MAIL
D134786,0.8989707,DO_NOT_MAIL
D110814,0.5909094,DO_NOT_MAIL
D114264,0.118769765,DO_NOT_MAIL
D120664,0.9707436,MAIL
D125445,0.96712106,MAIL
D116231,0.8546097,DO_NOT_MAIL
D100873,0.8983231,DO_NOT_MAIL
D143795,0.0037878915,DO_NOT_MAIL
D120105,0.105414316,DO_NOT_MAIL
D120319,0.2680485,DO_NOT_MAIL
D102666,0.8989707,DO_NOT_MAIL
D101393,0.8726598,DO_NOT_MAIL
D139406,0.0006969426,DO_NOT_MAIL
D142758,0.06370531,DO_NOT_MAIL
D128293,0.9833103,MAIL
D130181,0.992488,MAIL
D140308,0.24635,DO_NOT_MAIL
D134623,0.9716717,MAIL
D142771,0.013940377,DO_NOT_MAIL
D143824,0.0002750737,DO_NOT_MAIL
D132941,0.9811429,MAIL
D118524,0.7304995,DO_NOT_MAIL
D132778,0.9775019,MAIL
D115860,0.07591454,DO_NOT_MAIL
D112392,0.88336307,DO_NOT_MAIL
D114223,0.79437804,DO_NOT_MAIL
D128644,0.9788836,MAIL
D127093,0.9009107,DO_NOT_MAIL
D127838,0.006933252,DO_NOT_MAIL
D102852,0.4507605,DO_NOT_MAIL
D138714,0.7134079,DO_NOT_MAIL
D117549,0.8925203,DO_NOT_MAIL
D112290,0.9490709,DO_NOT_MAIL
D123842,0.8536362,DO_NOT_MAIL
D143268,0.0065780138,DO_NOT_MAIL
D102823,0.0036405725,DO_NOT_MAIL
D114800,0.99192226,MAIL
D108010,0.3127211,DO_NOT_MAIL
D141163,0.0004539497,DO_NOT_MAIL
D110324,0.6690531,DO_NOT_MAIL
D130897,0.9306288,DO_NOT_MAIL
D126697,0.04753397,DO_NOT_MAIL
D133645,0.009879463,DO_NOT_MAIL
D142936,0.83709186,DO_NOT_MAIL
D136747,0.3952006,DO_NOT_MAIL
D109335,0.99288416,MAIL
D109784,0.5410151,DO_NOT_MAIL
D102039,0.973897,MAIL
D139771,0.2002072,DO_NOT_MAIL
D130081,0.40978232,DO_NOT_MAIL
D125253,0.7332227,DO_NOT_MAIL
D143283,0.004536571,DO_NOT_MAIL
D121515,0.54785824,DO_NOT_MAIL
D109152,0.7286865,DO_NOT_MAIL
D106602,0.9895745,MAIL
D100292,0.002150417,DO_NOT_MAIL
D136381,0.9859477,MAIL
D126244,0.56445444,DO_NOT_MAIL
D113075,0.7304995,DO_NOT_MAIL
D140273,0.2992073,DO_NOT_MAIL
D121519,0.004344908,DO_NOT_MAIL
D123139,0.2419524,DO_NOT_MAIL
D128158,0.4507605,DO_NOT_MAIL
D134059,0.3174215,DO_NOT_MAIL
D139054,0.008864222,DO_NOT_MAIL
D120031,0.039313983,DO_NOT_MAIL
D140681,0.9762755,MAIL
D102361,0.94427675,DO_NOT_MAIL
D113014,0.9685309,MAIL
D126853,0.92095155,DO_NOT_MAIL
D109926,0.25449836,DO_NOT_MAIL
D138643,0.037263483,DO_NOT_MAIL
D131813,0.0034360802,DO_NOT_MAIL
D110946,0.9881572,MAIL
D122604,0.9657949,MAIL
D118959,0.14427143,DO_NOT_MAIL
D129098,0.70336944,DO_NOT_MAIL
D103606,0.8070212,DO_NOT_MAIL
D118013,0.77132523,DO_NOT_MAIL
D141628,0.009416765,DO_NOT_MAIL
D130760,0.90564024,DO_NOT_MAIL
D100724,0.021874364,DO_NOT_MAIL
D105657,0.98287404,MAIL
D103789,0.8869641,DO_NOT_MAIL
D101591,0.9462837,DO_NOT_MAIL
D130565,0.17861806,DO_NOT_MAIL
D114306,0.89608073,DO_NOT_MAIL
D143417,0.11942542,DO_NOT_MAIL
D128047,0.9843615,MAIL
D127193,0.69809425,DO_NOT_MAIL
D126696,0.0055939895,DO_NOT_MAIL
D122345,0.027760075,DO_NOT_MAIL
D118758,0.01733858,DO_NOT_MAIL
D129640,0.9786309,MAIL
D106507,0.0132132685,DO_NOT_MAIL
D143785,0.84525627,DO_NOT_MAIL
D142967,0.984775,MAIL
D136367,0.98002785,MAIL
D133232,0.022358699,DO_NOT_MAIL
D116223,0.2880065,DO_NOT_MAIL
D102170,0.92532676,DO_NOT_MAIL
D142916,0.028214352,DO_NOT_MAIL
D108523,0.9869551,MAIL
D129427,0.99194884,MAIL
D100510,0.15033555,DO_NOT_MAIL
D105231,0.91026044,DO_NOT_MAIL
D118848,0.961119,MAIL
D125053,0.97928065,MAIL
D120119,0.35589674,DO_NOT_MAIL
D114041,0.010511073,DO_NOT_MAIL
D123085,0.82213485,DO_NOT_MAIL
D126769,0.010711197,DO_NOT_MAIL
D106051,0.24445696,DO_NOT_MAIL
D136603,0.27158892,DO_NOT_MAIL
D108111,0.66958344,DO_NOT_MAIL
D100132,0.06553671,DO_NOT_MAIL
D138528,0.015638143,DO_NOT_MAIL
D128037,0.9763776,MAIL
D100256,0.941746,DO_NOT_MAIL
D134406,0.4357111,DO_NOT_MAIL
D118707,0.80627024,DO_NOT_MAIL
D111293,0.8434482,DO_NOT_MAIL
D124742,0.8670206,DO_NOT_MAIL
D128890,0.9362875,DO_NOT_MAIL
D106211,0.004031559,DO_NOT_MAIL
D127332,0.0010697065,DO_NOT_MAIL
D125738,0.1821522,DO_NOT_MAIL
D143095,0.0020730884,DO_NOT_MAIL
D121908,0.7597075,DO_NOT_MAIL
D143116,0.14316697,DO_NOT_MAIL
D125586,0.8054332,DO_NOT_MAIL
D126341,0.8659051,DO_NOT_MAIL
D128290,0.97928065,MAIL
D121099,0.15570877,DO_NOT_MAIL
D107434,0.9349788,DO_NOT_MAIL
D109919,0.4004827,DO_NOT_MAIL
D144617,0.0073172934,DO_NOT_MAIL
D114536,0.786375,DO_NOT_MAIL
D118427,0.94288254,DO_NOT_MAIL
D140384,0.013795981,DO_NOT_MAIL
D130976,0.48008776,DO_NOT_MAIL
D141341,0.030120056,DO_NOT_MAIL
D131078,0.05524566,DO_NOT_MAIL
D102397,0.3497543,DO_NOT_MAIL
D118845,0.80627024,DO_NOT_MAIL
D115660,0.9701361,MAIL
D128201,0.9662585,MAIL
D111421,0.24381803,DO_NOT_MAIL
D141612,0.0040732315,DO_NOT_MAIL
D101407,0.7392137,DO_NOT_MAIL
D106239,0.98349416,MAIL
D101787,0.59878206,DO_NOT_MAIL
D133954,0.0998924,DO_NOT_MAIL
D116197,0.6545905,DO_NOT_MAIL
D132117,0.40475723,DO_NOT_MAIL
D111108,0.03457084,DO_NOT_MAIL
D104669,0.71599865,DO_NOT_MAIL
D112078,0.9792458,MAIL
D131695,0.4507605,DO_NOT_MAIL
D124630,0.22687677,DO_NOT_MAIL
D107828,0.98628366,MAIL
D122206,0.43296874,DO_NOT_MAIL
D103698,0.970485,MAIL
D113285,0.9554237,MAIL
D120411,0.9690147,MAIL
D140412,0.023990322,DO_NOT_MAIL
D129340,0.9144005,DO_NOT_MAIL
D102113,0.99189115,MAIL
D126624,0.5943451,DO_NOT_MAIL
D142909,0.83709186,DO_NOT_MAIL
D142884,0.6163616,DO_NOT_MAIL
D112225,0.9675739,MAIL
D140836,0.25049978,DO_NOT_MAIL
D141757,0.94908667,DO_NOT_MAIL
D120903,0.91175425,DO_NOT_MAIL
D133198,0.41034022,DO_NOT_MAIL
D115472,0.9274354,DO_NOT_MAIL
D128197,0.958693,MAIL
D135735,0.7040064,DO_NOT_MAIL
D120883,0.96470815,MAIL
D133263,0.0003482822,DO_NOT_MAIL
D139183,0.7483392,DO_NOT_MAIL
D117790,0.7534281,DO_NOT_MAIL
D117151,0.6725385,DO_NOT_MAIL
D116289,0.84229296,DO_NOT_MAIL
D109922,0.9176977,DO_NOT_MAIL
D114378,0.9470951,DO_NOT_MAIL
D132757,0.8986892,DO_NOT_MAIL
D115968,0.9844077,MAIL
D111286,0.9681835,MAIL
D135470,0.78250086,DO_NOT_MAIL
D138507,0.00019467332,DO_NOT_MAIL
D108774,0.36697325,DO_NOT_MAIL
D128377,0.0047123404,DO_NOT_MAIL
D130615,0.08480562,DO_NOT_MAIL
D128281,0.42323187,DO_NOT_MAIL
D137695,0.6816522,DO_NOT_MAIL
D123903,0.99396163,MAIL
D132090,0.80390793,DO_NOT_MAIL
D131015,0.5410151,DO_NOT_MAIL
D142309,0.0029062403,DO_NOT_MAIL
D107796,0.9606411,MAIL
D139224,0.112836376,DO_NOT_MAIL
D100517,0.084551916,DO_NOT_MAIL
D108228,0.88723224,DO_NOT_MAIL
D141301,0.0032354572,DO_NOT_MAIL
D101505,0.9859474,MAIL
D126209,0.85204154,DO_NOT_MAIL
D129962,0.95690113,MAIL
D116352,0.71599865,DO_NOT_MAIL
D131853,0.9859477,MAIL
D131912,0.003020184,DO_NOT_MAIL
D114388,0.79343617,DO_NOT_MAIL
D130142,0.7714974,DO_NOT_MAIL
D103240,0.8077166,DO_NOT_MAIL
D138237,0.0065008877,DO_NOT_MAIL
D120595,0.9745087,MAIL
D115875,0.85481644,DO_NOT_MAIL
D135767,0.9654538,MAIL
D102786,0.9278522,DO_NOT_MAIL
D127325,0.9748004,MAIL
D124358,0.0030239497,DO_NOT_MAIL
D102018,0.012605592,DO_NOT_MAIL
D114380,0.010664337,DO_NOT_MAIL
D137173,0.8869641,DO_NOT_MAIL
D104259,0.6106876,DO_NOT_MAIL
D124747,0.23787789,DO_NOT_MAIL
D106941,0.9859474,MAIL
D136760,0.26611698,DO_NOT_MAIL
D138076,0.0692882,DO_NOT_MAIL
D134040,0.36774158,DO_NOT_MAIL
D130898,0.8093756,DO_NOT_MAIL
D143162,0.098768406,DO_NOT_MAIL
D123823,0.48693123,DO_NOT_MAIL
D105980,0.95693064,MAIL
D139616,0.7481275,DO_NOT_MAIL
D127570,0.8918787,DO_NOT_MAIL
D130384,0.40978232,DO_NOT_MAIL
D138231,0.0790141,DO_NOT_MAIL
D134296,0.021099618,DO_NOT_MAIL
D105356,0.0008067926,DO_NOT_MAIL
D127903,0.9588186,MAIL
D133619,0.94288254,DO_NOT_MAIL
D134900,0.88723224,DO_NOT_MAIL
D130520,0.8726598,DO_NOT_MAIL
D129074,0.9770189,MAIL
D118768,0.967649,MAIL
D126206,0.030542014,DO_NOT_MAIL
D128113,0.39883178,DO_NOT_MAIL
D140061,0.25867355,DO_NOT_MAIL
D121569,0.47305262,DO_NOT_MAIL
D100342,0.9544166,MAIL
D128059,0.8472271,DO_NOT_MAIL
D130080,0.9914744,MAIL
D111801,0.22687677,DO_NOT_MAIL
D113556,0.8427521,DO_NOT_MAIL
D127946,0.16247241,DO_NOT_MAIL
D120422,0.22687677,DO_NOT_MAIL
D130842,0.95347804,MAIL
D102242,0.031597983,DO_NOT_MAIL
D129835,0.97908825,MAIL
D106432,0.37099186,DO_NOT_MAIL
D128875,0.11933943,DO_NOT_MAIL
D105466,0.33006874,DO_NOT_MAIL
D136766,9.979814e-05,DO_NOT_MAIL
D107113,0.6545905,DO_NOT_MAIL
D108295,0.9859474,MAIL
D114101,0.9185091,DO_NOT_MAIL
D136098,0.31571802,DO_NOT_MAIL
D139369,0.13703997,DO_NOT_MAIL
D105947,0.657778,DO_NOT_MAIL
D120123,0.9768689,MAIL
D133024,0.17887871,DO_NOT_MAIL
D101348,0.00070380844,DO_NOT_MAIL
D103851,0.0021373038,DO_NOT_MAIL
D113341,0.004226098,DO_NOT_MAIL
D119996,0.87190205,DO_NOT_MAIL
D112014,0.83081913,DO_NOT_MAIL
D142213,0.9900693,MAIL
D117280,0.80330753,DO_NOT_MAIL
D124936,0.9039037,DO_NOT_MAIL
D127438,0.9672093,MAIL
D142411,0.5608387,DO_NOT_MAIL
D112282,0.96617204,MAIL
D127128,0.5144095,DO_NOT_MAIL
D133708,0.11879692,DO_NOT_MAIL
D142098,0.4442813,DO_NOT_MAIL
D119184,0.5139931,DO_NOT_MAIL
D139258,0.6373152,DO_NOT_MAIL
D131626,0.28977495,DO_NOT_MAIL
D132597,0.54785824,DO_NOT_MAIL
D144407,0.08565851,DO_NOT_MAIL
D104008,0.84229296,DO_NOT_MAIL
D127157,0.9949838,MAIL
D136770,0.17459525,DO_NOT_MAIL
D137316,0.90447336,DO_NOT_MAIL
D103625,0.8693399,DO_NOT_MAIL
D130796,0.00054237596,DO_NOT_MAIL
D138006,0.97390467,MAIL
D120134,0.07122193,DO_NOT_MAIL
D115532,0.9690147,MAIL
D133410,0.85991716,DO_NOT_MAIL
D141588,0.015025527,DO_NOT_MAIL
D106733,0.88971186,DO_NOT_MAIL
D134682,0.071036324,DO_NOT_MAIL
D121305,0.97908825,MAIL
D121229,0.992894,MAIL
D109170,0.10180955,DO_NOT_MAIL
D139752,0.092208594,DO_NOT_MAIL
D107512,0.3238702,DO_NOT_MAIL
D141732,0.8311406,DO_NOT_MAIL
D126613,0.4823258,DO_NOT_MAIL
D119838,0.9006484,DO_NOT_MAIL
D126838,0.09253915,DO_NOT_MAIL
D115538,0.9896332,MAIL
D111720,0.004822663,DO_NOT_MAIL
D109129,0.86922854,DO_NOT_MAIL
D118483,0.97171783,MAIL
D111056,0.014211767,DO_NOT_MAIL
D113404,0.9274354,DO_NOT_MAIL
D128356,0.91175425,DO_NOT_MAIL
D141025,0.020669099,DO_NOT_MAIL
D138246,0.019013513,DO_NOT_MAIL
D136151,0.96617204,MAIL
D142887,0.0035618707,DO_NOT_MAIL
D121992,0.016790079,DO_NOT_MAIL
D142859,0.00030682466,DO_NOT_MAIL
D135859,0.07625792,DO_NOT_MAIL
D123998,0.0012418021,DO_NOT_MAIL
D117662,0.7594901,DO_NOT_MAIL
D114591,0.92679274,DO_NOT_MAIL
D121085,0.96121466,MAIL
D107793,0.8892806,DO_NOT_MAIL
D120882,0.045932148,DO_NOT_MAIL
D110105,0.8892806,DO_NOT_MAIL
D123689,0.9554237,MAIL
D129388,0.9105622,DO_NOT_MAIL
D121617,0.90527356,DO_NOT_MAIL
D134243,0.9305908,DO_NOT_MAIL
D125316,0.82409686,DO_NOT_MAIL
D104782,0.9039037,DO_NOT_MAIL
D115819,0.9658472,MAIL
D136572,0.83505756,DO_NOT_MAIL
D136186,0.8537907,DO_NOT_MAIL
D108616,0.8427521,DO_NOT_MAIL
D138175,0.026652142,DO_NOT_MAIL
D111319,0.05755491,DO_NOT_MAIL
D137568,0.002711053,DO_NOT_MAIL
D126869,0.058264446,DO_NOT_MAIL
D137279,0.6431161,DO_NOT_MAIL
D144070,0.00095440156,DO_NOT_MAIL
D130983,0.079492666,DO_NOT_MAIL
D135736,0.00011824856,DO_NOT_MAIL
D131578,0.859489,DO_NOT_MAIL
D124798,0.9362875,DO_NOT_MAIL
D140402,0.017935058,DO_NOT_MAIL
D114578,0.8665668,DO_NOT_MAIL
D120441,0.0104701435,DO_NOT_MAIL
D103523,0.98946196,MAIL
D120999,0.105392374,DO_NOT_MAIL
D107858,0.96828955,MAIL
D128492,0.9358564,DO_NOT_MAIL
D137624,0.6106876,DO_NOT_MAIL
D136714,0.7596501,DO_NOT_MAIL
D103503,0.80390793,DO_NOT_MAIL
D125751,0.70131403,DO_NOT_MAIL
D102839,0.63208497,DO_NOT_MAIL
D120095,0.08313116,DO_NOT_MAIL
D115970,0.76365095,DO_NOT_MAIL
D102622,0.3127211,DO_NOT_MAIL
D140544,0.99264765,MAIL
D143099,0.061678648,DO_NOT_MAIL
D139456,0.1664483,DO_NOT_MAIL
D121686,0.8989707,DO_NOT_MAIL
D125528,0.87722886,DO_NOT_MAIL
D114631,0.8602647,DO_NOT_MAIL
D131231,0.93129426,DO_NOT_MAIL
D102751,0.9917236,MAIL
D135678,0.09633063,DO_NOT_MAIL
D140359,0.6050157,DO_NOT_MAIL
D136155,0.8611976,DO_NOT_MAIL
D101403,0.7392137,DO_NOT_MAIL
D112674,0.9606411,MAIL
D132669,0.8916998,DO_NOT_MAIL
D131994,0.6469854,DO_NOT_MAIL
D121394,0.5410151,DO_NOT_MAIL
D141772,0.03460954,DO_NOT_MAIL
D105815,0.65463436,DO_NOT_MAIL
D123075,0.91089255,DO_NOT_MAIL
D106059,0.37214047,DO_NOT_MAIL
D100259,0.013582182,DO_NOT_MAIL
D121304,0.68492806,DO_NOT_MAIL
D131035,0.08160943,DO_NOT_MAIL
D117346,0.42371234,DO_NOT_MAIL
D143793,0.009301506,DO_NOT_MAIL
D128939,0.718007,DO_NOT_MAIL
D141566,0.06311887,DO_NOT_MAIL
D107689,0.8883942,DO_NOT_MAIL
D112208,0.97877216,MAIL
D101295,0.12776162,DO_NOT_MAIL
D126873,0.0037507513,DO_NOT_MAIL
D121782,0.20435113,DO_NOT_MAIL
D122929,0.92150646,DO_NOT_MAIL
D137055,0.9767363,MAIL
D135236,0.83554816,DO_NOT_MAIL
D104637,0.9927463,MAIL
D109791,0.7819923,DO_NOT_MAIL
D134435,0.982675,MAIL
D114459,0.9362875,DO_NOT_MAIL
D132818,0.95173514,DO_NOT_MAIL
D125865,0.5023838,DO_NOT_MAIL
D116235,0.8864602,DO_NOT_MAIL
D135348,0.0014309386,DO_NOT_MAIL
D119494,0.04490179,DO_NOT_MAIL
D144591,0.07377976,DO_NOT_MAIL
D114289,0.8809452,DO_NOT_MAIL
D117339,0.9916916,MAIL
D121700,0.9917148,MAIL
D130484,0.63208497,DO_NOT_MAIL
D109661,0.89545536,DO_NOT_MAIL
D111868,0.8611976,DO_NOT_MAIL
D120603,0.15874614,DO_NOT_MAIL
D134422,0.8916998,DO_NOT_MAIL
D129349,0.027728392,DO_NOT_MAIL
D114954,0.82409686,DO_NOT_MAIL
D107902,0.86922854,DO_NOT_MAIL
D107569,0.8881598,DO_NOT_MAIL
D131276,0.0014420383,DO_NOT_MAIL
D112918,0.8536362,DO_NOT_MAIL
D114180,0.9736867,MAIL
D135326,0.92848164,DO_NOT_MAIL
D141891,0.024456225,DO_NOT_MAIL
D111454,0.86922854,DO_NOT_MAIL
D117867,0.9906378,MAIL
D132399,0.754803,DO_NOT_MAIL
D112053,0.69809425,DO_NOT_MAIL
D102581,0.09920639,DO_NOT_MAIL
D139667,0.036853552,DO_NOT_MAIL
D126704,0.02557414,DO_NOT_MAIL
D103514,0.86891735,DO_NOT_MAIL
D105307,0.19893645,DO_NOT_MAIL
D106023,0.20396307,DO_NOT_MAIL
D121911,0.9763776,MAIL
D113042,0.22687677,DO_NOT_MAIL
D114549,0.01776465,DO_NOT_MAIL
D134871,0.7819923,DO_NOT_MAIL
D141058,0.85133654,DO_NOT_MAIL
D112791,0.975021,MAIL
D134487,0.0013927997,DO_NOT_MAIL
D111641,0.6816522,DO_NOT_MAIL
D122057,0.2184223,DO_NOT_MAIL
D136548,0.9545625,MAIL
D118060,0.8276394,DO_NOT_MAIL
D127502,0.90447336,DO_NOT_MAIL
D115307,0.95693064,MAIL
D124454,0.9152594,DO_NOT_MAIL
D141500,0.027255889,DO_NOT_MAIL
D111797,0.8726598,DO_NOT_MAIL
D106754,0.024172314,DO_NOT_MAIL
D116679,0.9025419,DO_NOT_MAIL
D112506,0.9259016,DO_NOT_MAIL
D111203,0.8472271,DO_NOT_MAIL
D103164,0.8472271,DO_NOT_MAIL
D126076,0.002674368,DO_NOT_MAIL
D135559,0.87722886,DO_NOT_MAIL
D110776,0.27042016,DO_NOT_MAIL
D124516,0.21908604,DO_NOT_MAIL
D116548,0.83830553,DO_NOT_MAIL
D104879,0.97261816,MAIL
D133743,0.36005417,DO_NOT_MAIL
D132902,0.08481293,DO_NOT_MAIL
D137231,0.96659976,MAIL
D128680,0.96617204,MAIL
D132445,0.37099186,DO_NOT_MAIL
D132296,0.17489778,DO_NOT_MAIL
D144252,0.034099806,DO_NOT_MAIL
D129936,0.9676331,MAIL
D115078,0.9629351,MAIL
D117780,0.8077166,DO_NOT_MAIL
D118466,0.91089255,DO_NOT_MAIL
D115434,0.11448639,DO_NOT_MAIL
D112102,0.068433195,DO_NOT_MAIL
D112409,0.9821608,MAIL
D121572,0.8077166,DO_NOT_MAIL
D137806,0.014543361,DO_NOT_MAIL
D109850,0.39208815,DO_NOT_MAIL
D131929,0.15986961,DO_NOT_MAIL
D105041,0.84869266,DO_NOT_MAIL
D130474,0.20967643,DO_NOT_MAIL
D138592,0.12528834,DO_NOT_MAIL
D144300,0.89545536,DO_NOT_MAIL
D119767,0.0454349,DO_NOT_MAIL
D135250,0.77132523,DO_NOT_MAIL
D141394,0.013464499,DO_NOT_MAIL
D113401,0.09025302,DO_NOT_MAIL
D123555,0.98332673,MAIL
D109008,0.0038534268,DO_NOT_MAIL
D102985,0.19723192,DO_NOT_MAIL
D129913,0.01548741,DO_NOT_MAIL
D116375,0.92679274,DO_NOT_MAIL
D130894,0.016911125,DO_NOT_MAIL
D131666,0.7177682,DO_NOT_MAIL
D110792,0.6913615,DO_NOT_MAIL
D102868,0.953535,MAIL
D105873,0.80627024,DO_NOT_MAIL
D141649,0.018562315,DO_NOT_MAIL
D117442,0.98068994,MAIL
D112030,0.087560564,DO_NOT_MAIL
D127175,0.86922854,DO_NOT_MAIL
D101242,0.004074365,DO_NOT_MAIL
D106566,0.8732268,DO_NOT_MAIL
D109596,0.76365095,DO_NOT_MAIL
D122002,0.831485,DO_NOT_MAIL
D127424,0.005824428,DO_NOT_MAIL
D140320,0.12580821,DO_NOT_MAIL
D126649,0.47663742,DO_NOT_MAIL
D108585,0.6240543,DO_NOT_MAIL
D108382,0.36688998,DO_NOT_MAIL
D119477,0.9675739,MAIL
D107247,0.8546097,DO_NOT_MAIL
D133804,0.8427521,DO_NOT_MAIL
D134513,0.018570539,DO_NOT_MAIL
D105317,0.88891864,DO_NOT_MAIL
D119133,0.6431161,DO_NOT_MAIL
D117689,0.15575095,DO_NOT_MAIL
D101297,0.025350597,DO_NOT_MAIL
D131921,0.0008318761,DO_NOT_MAIL
D128401,0.44119078,DO_NOT_MAIL
D121414,0.0013733597,DO_NOT_MAIL
D132777,0.7915203,DO_NOT_MAIL
D122191,0.47305262,DO_NOT_MAIL
D106619,0.92517847,DO_NOT_MAIL
D100013,0.042644445,DO_NOT_MAIL
D130755,0.005428318,DO_NOT_MAIL
D121847,0.9775019,MAIL
D142933,0.0021765667,DO_NOT_MAIL
D134158,0.00038890922,DO_NOT_MAIL
D101472,0.97441304,MAIL
D127305,0.06792227,DO_NOT_MAIL
D126433,0.8968021,DO_NOT_MAIL
D110102,0.0065361275,DO_NOT_MAIL
D113897,0.8968021,DO_NOT_MAIL
D101486,0.90447336,DO_NOT_MAIL
D121078,0.83729506,DO_NOT_MAIL
D141350,0.33698314,DO_NOT_MAIL
D144513,0.831485,DO_NOT_MAIL
D127786,0.0016191709,DO_NOT_MAIL
D108106,0.00760275,DO_NOT_MAIL
D129169,0.9418153,DO_NOT_MAIL
D105634,0.9843615,MAIL
D109949,0.80390793,DO_NOT_MAIL
D129800,0.9506359,DO_NOT_MAIL
D131774,0.17653404,DO_NOT_MAIL
D105997,9.812626e-05,DO_NOT_MAIL
D139513,0.8745156,DO_NOT_MAIL
D115461,0.96176934,MAIL
D109936,0.6816522,DO_NOT_MAIL
D132780,0.9658242,MAIL
D115462,0.29273427,DO_NOT_MAIL
D129570,0.77132523,DO_NOT_MAIL
D102748,0.9412208,DO_NOT_MAIL
D132368,0.062177874,DO_NOT_MAIL
D132262,0.03431865,DO_NOT_MAIL
D123034,0.2394468,DO_NOT_MAIL
D118469,0.95678014,MAIL
D144311,0.060433272,DO_NOT_MAIL
D136683,0.95286804,MAIL
D115861,0.94837177,DO_NOT_MAIL
D104535,0.8447092,DO_NOT_MAIL
D138081,0.9777964,MAIL
D142191,0.6889659,DO_NOT_MAIL
D132862,0.8352541,DO_NOT_MAIL
D116296,0.8077166,DO_NOT_MAIL
D135477,0.36268032,DO_NOT_MAIL
D117016,0.9434021,DO_NOT_MAIL
D131290,0.19028527,DO_NOT_MAIL
D105913,0.73279566,DO_NOT_MAIL
D105661,0.7969786,DO_NOT_MAIL
D109891,0.0010237527,DO_NOT_MAIL
D121791,0.88648987,DO_NOT_MAIL
D103681,0.02330983,DO_NOT_MAIL
D115200,0.9811509,MAIL
D134100,0.9662585,MAIL
D134551,0.94440866,DO_NOT_MAIL
D123704,0.94288254,DO_NOT_MAIL
D110951,0.5740962,DO_NOT_MAIL
D131082,0.5992744,DO_NOT_MAIL
D139005,0.06620131,DO_NOT_MAIL
D108467,0.9349788,DO_NOT_MAIL
D105649,0.9949838,MAIL
D139073,0.92930937,DO_NOT_MAIL
D114582,0.039313983,DO_NOT_MAIL
D135730,0.79660517,DO_NOT_MAIL
D102671,0.96475154,MAIL
D139281,0.013568663,DO_NOT_MAIL
D118865,0.9681835,MAIL
D132007,0.13793617,DO_NOT_MAIL
D141699,0.18797614,DO_NOT_MAIL
D134507,0.01010918,DO_NOT_MAIL
D122145,0.8961919,DO_NOT_MAIL
D116461,0.7236768,DO_NOT_MAIL
D130323,0.8546097,DO_NOT_MAIL
D137512,0.9258597,DO_NOT_MAIL
D125258,0.9718807,MAIL
D138397,0.0063043735,DO_NOT_MAIL
D141170,0.086788476,DO_NOT_MAIL
D106147,0.8165528,DO_NOT_MAIL
D140513,0.045630712,DO_NOT_MAIL
D130255,0.90564024,DO_NOT_MAIL
D122859,0.01576256,DO_NOT_MAIL
D102379,0.16815823,DO_NOT_MAIL
D102593,0.039313983,DO_NOT_MAIL
D123021,0.80441886,DO_NOT_MAIL
D121852,0.66697764,DO_NOT_MAIL
D132747,0.9788103,MAIL
D109997,0.9930442,MAIL
D115902,0.7332227,DO_NOT_MAIL
D108289,0.9384404,DO_NOT_MAIL
D125820,0.8332882,DO_NOT_MAIL
D135550,0.8603037,DO_NOT_MAIL
D122873,0.357487,DO_NOT_MAIL
D117881,0.00053718087,DO_NOT_MAIL
D121366,0.9463768,DO_NOT_MAIL
D140051,0.97453964,MAIL
D117196,0.2394468,DO_NOT_MAIL
D107677,0.98464113,MAIL
D108503,0.22687677,DO_NOT_MAIL
D109061,0.07022834,DO_NOT_MAIL
D133538,0.6431161,DO_NOT_MAIL
D126802,0.16757017,DO_NOT_MAIL
D131788,0.22644769,DO_NOT_MAIL
D130127,0.9658472,MAIL
D130728,0.023443623,DO_NOT_MAIL
D130215,0.9908636,MAIL
D137267,0.97171783,MAIL
D107895,0.94078404,DO_NOT_MAIL
D139325,0.995622,MAIL
D106930,0.89170957,DO_NOT_MAIL
D130723,0.7173904,DO_NOT_MAIL
D106989,0.9092488,DO_NOT_MAIL
D105861,0.5838157,DO_NOT_MAIL
D143988,0.005017554,DO_NOT_MAIL
D120473,0.6545905,DO_NOT_MAIL
D103595,0.95764256,MAIL
D138420,0.4822954,DO_NOT_MAIL
D142870,0.052897893,DO_NOT_MAIL
D126077,0.030151665,DO_NOT_MAIL
D108691,0.991771,MAIL
D119472,0.0082842065,DO_NOT_MAIL
D107536,0.36268032,DO_NOT_MAIL
D132687,0.030217914,DO_NOT_MAIL
D101151,0.7287747,DO_NOT_MAIL
D109220,0.69809425,DO_NOT_MAIL
D132386,0.6816522,DO_NOT_MAIL
D144313,0.0034037624,DO_NOT_MAIL
D139679,0.5671941,DO_NOT_MAIL
D100435,0.9921514,MAIL
D119806,0.8881598,DO_NOT_MAIL
D102996,0.6690531,DO_NOT_MAIL
D119872,0.00029928432,DO_NOT_MAIL
D117743,0.96223414,MAIL
D104727,0.9018583,DO_NOT_MAIL
D114664,0.98721606,MAIL
D101725,0.9434021,DO_NOT_MAIL
D124048,0.92517406,DO_NOT_MAIL
D140895,0.011444204,DO_NOT_MAIL
D118107,0.96659976,MAIL
D103928,0.29293597,DO_NOT_MAIL
D138000,0.4127811,DO_NOT_MAIL
D128172,0.824826,DO_NOT_MAIL
D134429,0.9884421,MAIL
D108957,0.39657348,DO_NOT_MAIL
D107032,0.034665976,DO_NOT_MAIL
D120270,0.9675739,MAIL
D142146,0.0010555519,DO_NOT_MAIL
D116965,0.96483654,MAIL
D116756,0.00025677375,DO_NOT_MAIL
D111406,0.5898235,DO_NOT_MAIL
D117786,0.9806153,MAIL
D128943,0.0034527162,DO_NOT_MAIL
D107051,0.9745087,MAIL
D134627,0.8595816,DO_NOT_MAIL
D133026,0.99087244,MAIL
D133456,0.8763066,DO_NOT_MAIL
D107802,0.8989707,DO_NOT_MAIL
D138460,0.17727219,DO_NOT_MAIL
D138705,0.058187447,DO_NOT_MAIL
D111546,0.9092488,DO_NOT_MAIL
D120820,0.8968021,DO_NOT_MAIL
D106256,0.88723224,DO_NOT_MAIL
D120302,0.92095155,DO_NOT_MAIL
D119413,0.073385864,DO_NOT_MAIL
D144481,0.8171655,DO_NOT_MAIL
D126983,0.40061572,DO_NOT_MAIL
D115857,0.3127211,DO_NOT_MAIL
D131756,0.982675,MAIL
D140006,0.0019980434,DO_NOT_MAIL
D113076,0.66148484,DO_NOT_MAIL
D111621,0.6469854,DO_NOT_MAIL
D103615,0.98895055,MAIL
D129782,0.9657949,MAIL
D120541,0.9205862,DO_NOT_MAIL
D124184,0.4682902,DO_NOT_MAIL
D108802,0.9418153,DO_NOT_MAIL
D100785,0.7819923,DO_NOT_MAIL
D112544,0.8472271,DO_NOT_MAIL
D127907,0.021586083,DO_NOT_MAIL
D133658,0.831485,DO_NOT_MAIL
D105302,0.0585894,DO_NOT_MAIL
D120950,0.9462837,DO_NOT_MAIL
D129232,0.98706704,MAIL
D129764,0.9554237,MAIL
D139381,0.0216555,DO_NOT_MAIL
D116677,0.9258597,DO_NOT_MAIL
D135202,0.9329747,DO_NOT_MAIL
D143257,0.008207387,DO_NOT_MAIL
D141824,0.9825121,MAIL
D122283,0.52650124,DO_NOT_MAIL
D114093,0.85991716,DO_NOT_MAIL
D130117,0.5243425,DO_NOT_MAIL
D102642,0.8167604,DO_NOT_MAIL
D124355,0.9278522,DO_NOT_MAIL
D141620,0.0071123955,DO_NOT_MAIL
D138185,0.0005910258,DO_NOT_MAIL
D141789,0.058070585,DO_NOT_MAIL
D131757,0.47305262,DO_NOT_MAIL
D129240,0.021406438,DO_NOT_MAIL
D132149,0.9623464,MAIL
D136699,0.0065818382,DO_NOT_MAIL
D103104,0.24917157,DO_NOT_MAIL
D136016,0.10474231,DO_NOT_MAIL
D131558,0.9763776,MAIL
D124478,0.85608035,DO_NOT_MAIL
D106150,0.9672093,MAIL
D110243,0.0056397766,DO_NOT_MAIL
D142599,0.2096277,DO_NOT_MAIL
D110148,0.2394468,DO_NOT_MAIL
D110155,0.9906378,MAIL
D144260,0.246803,DO_NOT_MAIL
D142243,0.92149675,DO_NOT_MAIL
D102173,0.0014268978,DO_NOT_MAIL
D111652,0.02259803,DO_NOT_MAIL
D108023,0.013302284,DO_NOT_MAIL
D109664,0.9548616,MAIL
D123671,0.97228605,MAIL
D110896,0.96921176,MAIL
D143654,0.03372281,DO_NOT_MAIL
D126774,0.02085477,DO_NOT_MAIL
D101250,0.56299716,DO_NOT_MAIL
D125904,0.60023326,DO_NOT_MAIL
D101923,0.9212338,DO_NOT_MAIL
D102955,0.30734557,DO_NOT_MAIL
D112453,0.9914619,MAIL
D112978,0.06119276,DO_NOT_MAIL
D100086,0.14358053,DO_NOT_MAIL
D102296,0.10096334,DO_NOT_MAIL
D111628,0.8881307,DO_NOT_MAIL
D136796,0.017072238,DO_NOT_MAIL
D122481,0.97670436,MAIL
D129735,0.986133,MAIL
D144417,0.94245774,DO_NOT_MAIL
D114208,0.53775615,DO_NOT_MAIL
D120700,0.6545905,DO_NOT_MAIL
D134591,0.9294427,DO_NOT_MAIL
D101499,0.9257085,DO_NOT_MAIL
D106773,0.51022035,DO_NOT_MAIL
D107180,0.0366041,DO_NOT_MAIL
D113070,0.009283043,DO_NOT_MAIL
D134132,0.83505756,DO_NOT_MAIL
D120416,0.6118895,DO_NOT_MAIL
D134793,0.99243426,MAIL
D107995,0.90179396,DO_NOT_MAIL
D101939,0.04182343,DO_NOT_MAIL
D133221,0.94163793,DO_NOT_MAIL
D101628,0.7332227,DO_NOT_MAIL
D101500,0.24827918,DO_NOT_MAIL
D108418,0.9724357,MAIL
D105826,0.9629351,MAIL
D132589,0.87763184,DO_NOT_MAIL
D101004,0.7646645,DO_NOT_MAIL
D140625,0.15089706,DO_NOT_MAIL
D114081,0.0016979744,DO_NOT_MAIL
D106238,0.7392137,DO_NOT_MAIL
D100357,0.48687914,DO_NOT_MAIL
D101143,0.9640741,MAIL
D129594,0.013269578,DO_NOT_MAIL
D106103,0.9747672,MAIL
D116255,0.9788103,MAIL
D110736,0.7177682,DO_NOT_MAIL
D117174,0.7304995,DO_NOT_MAIL
D138055,0.029646475,DO_NOT_MAIL
D120314,0.87722886,DO_NOT_MAIL
D107769,0.7646645,DO_NOT_MAIL
D126369,0.8869641,DO_NOT_MAIL
D135232,0.9869551,MAIL
D115790,0.82213485,DO_NOT_MAIL
D105509,0.002604124,DO_NOT_MAIL
D125346,0.8987183,DO_NOT_MAIL
D130151,0.14475317,DO_NOT_MAIL
D120873,0.47663742,DO_NOT_MAIL
D113839,0.354986,DO_NOT_MAIL
D129690,0.21548468,DO_NOT_MAIL
D103820,0.97271967,MAIL
D143311,0.08847968,DO_NOT_MAIL
D121362,0.9623464,MAIL
D137753,0.07246616,DO_NOT_MAIL
D129355,0.9212177,DO_NOT_MAIL
D109820,0.9349788,DO_NOT_MAIL
D141756,0.43176386,DO_NOT_MAIL
D136832,0.92924166,DO_NOT_MAIL
D130564,0.9257085,DO_NOT_MAIL
D133706,0.0082057,DO_NOT_MAIL
D128817,0.23479606,DO_NOT_MAIL
D114840,0.8077166,DO_NOT_MAIL
D111518,0.9623464,MAIL
D120805,0.9009107,DO_NOT_MAIL
D126392,0.8415551,DO_NOT_MAIL
D117548,0.24873282,DO_NOT_MAIL
D119677,0.47663742,DO_NOT_MAIL
D117579,0.19568107,DO_NOT_MAIL
D111212,0.9294427,DO_NOT_MAIL
D101859,0.31454006,DO_NOT_MAIL
D140648,0.007665599,DO_NOT_MAIL
D110234,0.029346474,DO_NOT_MAIL
D121849,0.80627024,DO_NOT_MAIL
D118941,0.9669261,MAIL
D143970,0.012050294,DO_NOT_MAIL
D122234,0.25069928,DO_NOT_MAIL
D109938,0.89545536,DO_NOT_MAIL
D123317,0.6469854,DO_NOT_MAIL
D120640,0.9803861,MAIL
D135347,0.0012889729,DO_NOT_MAIL
D124821,0.86206764,DO_NOT_MAIL
D126890,0.96500885,MAIL
D131241,0.05660721,DO_NOT_MAIL
D102784,0.29273427,DO_NOT_MAIL
D132644,0.52074146,DO_NOT_MAIL
D129638,0.048946206,DO_NOT_MAIL
D111690,0.2394468,DO_NOT_MAIL
D141844,0.36349997,DO_NOT_MAIL
D112967,0.68960345,DO_NOT_MAIL
D111625,0.04333064,DO_NOT_MAIL
D113055,0.96176934,MAIL
D135129,0.881872,DO_NOT_MAIL
D127724,0.97271967,MAIL
D101445,0.035416007,DO_NOT_MAIL
D127680,0.27205735,DO_NOT_MAIL
D121178,0.92709506,DO_NOT_MAIL
D132456,0.0053334953,DO_NOT_MAIL
D122415,0.9675739,MAIL
D132154,0.084301166,DO_NOT_MAIL
D100681,0.96500885,MAIL
D113849,0.0011379058,DO_NOT_MAIL
D131959,0.9786309,MAIL
D114055,0.9927463,MAIL
D139608,0.19015267,DO_NOT_MAIL
D122877,0.84848046,DO_NOT_MAIL
D120645,0.96223414,MAIL
D101276,0.117443964,DO_NOT_MAIL
D140729,0.6161201,DO_NOT_MAIL
D103704,0.8427521,DO_NOT_MAIL
D123709,0.8559597,DO_NOT_MAIL
D125125,0.81654066,DO_NOT_MAIL
D109368,0.97166663,MAIL
D116559,0.5725042,DO_NOT_MAIL
D139642,0.039305024,DO_NOT_MAIL
D104076,0.05259505,DO_NOT_MAIL
D140781,0.06113336,DO_NOT_MAIL
D103079,0.9274354,DO_NOT_MAIL
D142527,0.060123626,DO_NOT_MAIL
D110185,0.32895365,DO_NOT_MAIL
D108296,0.8472271,DO_NOT_MAIL
D115273,0.37051606,DO_NOT_MAIL
D112049,0.48075542,DO_NOT_MAIL
D134839,0.8023649,DO_NOT_MAIL
D102594,0.9349788,DO_NOT_MAIL
D122393,0.5399626,DO_NOT_MAIL
D125273,0.019964645,DO_NOT_MAIL
D133786,0.9615289,MAIL
D123828,0.8472271,DO_NOT_MAIL
D115949,0.05572034,DO_NOT_MAIL
D115890,0.992475,MAIL
D113269,0.9807499,MAIL
D104016,0.92924166,DO_NOT_MAIL
D138915,0.40169877,DO_NOT_MAIL
D127469,0.6913615,DO_NOT_MAIL
D108386,0.8981577,DO_NOT_MAIL
D136681,0.37051606,DO_NOT_MAIL
D123868,0.7427182,DO_NOT_MAIL
D125306,0.11362538,DO_NOT_MAIL
D106050,0.9940221,MAIL
D138523,0.0016328123,DO_NOT_MAIL
D127208,0.0109379105,DO_NOT_MAIL
D117060,0.23705563,DO_NOT_MAIL
D113367,0.88891864,DO_NOT_MAIL
D112850,0.73969823,DO_NOT_MAIL
D138372,0.011584059,DO_NOT_MAIL
D132943,0.89891535,DO_NOT_MAIL
D120339,0.97699124,MAIL
D104228,0.9810497,MAIL
D132323,0.0064232075,DO_NOT_MAIL
D102908,0.06712472,DO_NOT_MAIL
D144326,0.14729866,DO_NOT_MAIL
D116463,0.008490493,DO_NOT_MAIL
D139435,0.017614346,DO_NOT_MAIL
D115184,0.93961525,DO_NOT_MAIL
D138990,0.26402918,DO_NOT_MAIL
D131508,0.78538567,DO_NOT_MAIL
D139792,0.039883554,DO_NOT_MAIL
D133790,0.36089686,DO_NOT_MAIL
D117908,0.98479754,MAIL
D118376,0.79660517,DO_NOT_MAIL
D139050,0.04097703,DO_NOT_MAIL
D117450,0.96617204,MAIL
D126574,0.65863633,DO_NOT_MAIL
D138630,0.2749882,DO_NOT_MAIL
D132648,0.31535128,DO_NOT_MAIL
D139136,0.44426715,DO_NOT_MAIL
D114920,0.718007,DO_NOT_MAIL
D132170,0.99187404,MAIL
D123188,0.9834034,MAIL
D125674,0.57365626,DO_NOT_MAIL
D144423,0.01546542,DO_NOT_MAIL
D144308,0.9352348,DO_NOT_MAIL
D133140,0.9171358,DO_NOT_MAIL
D102238,0.016270384,DO_NOT_MAIL
D112461,0.9584709,MAIL
D137494,0.123042405,DO_NOT_MAIL
D129950,0.97521484,MAIL
D115579,0.11448639,DO_NOT_MAIL
D128186,0.12744068,DO_NOT_MAIL
D113867,0.3238702,DO_NOT_MAIL
D111190,0.9638973,MAIL
D103180,0.8665668,DO_NOT_MAIL
D110756,0.92751646,DO_NOT_MAIL
D143493,0.002637395,DO_NOT_MAIL
D105133,0.007917601,DO_NOT_MAIL
D109681,0.8538114,DO_NOT_MAIL
D121215,0.99192226,MAIL
D130406,0.5410151,DO_NOT_MAIL
D114523,0.053639963,DO_NOT_MAIL
D116305,0.95568097,MAIL
D142641,0.07503061,DO_NOT_MAIL
D120272,0.9305908,DO_NOT_MAIL
D137472,0.0007934523,DO_NOT_MAIL
D128735,0.8472271,DO_NOT_MAIL
D106129,0.54517835,DO_NOT_MAIL
D108559,0.21670647,DO_NOT_MAIL
D102295,0.004870481,DO_NOT_MAIL
D134959,0.8415551,DO_NOT_MAIL
D102044,0.66697764,DO_NOT_MAIL
D138056,0.02231283,DO_NOT_MAIL
D123960,0.68911093,DO_NOT_MAIL
D136056,0.96596277,MAIL
D124904,0.17354928,DO_NOT_MAIL
D116518,0.0062228343,DO_NOT_MAIL
D143356,0.0023253795,DO_NOT_MAIL
D108327,0.043488283,DO_NOT_MAIL
D118786,0.3059621,DO_NOT_MAIL
D137324,0.02537972,DO_NOT_MAIL
D133792,0.92521757,DO_NOT_MAIL
D112101,0.074477345,DO_NOT_MAIL
D143841,0.23389336,DO_NOT_MAIL
D100429,0.8168135,DO_NOT_MAIL
D142896,0.1359569,DO_NOT_MAIL
D144100,0.0010193182,DO_NOT_MAIL
D126971,0.0014535278,DO_NOT_MAIL
D105140,0.020669099,DO_NOT_MAIL
D143501,0.01775223,DO_NOT_MAIL
D123197,0.86922854,DO_NOT_MAIL
D123529,0.092163414,DO_NOT_MAIL
D104499,0.84848046,DO_NOT_MAIL
D142813,0.079981886,DO_NOT_MAIL
D118882,0.8834172,DO_NOT_MAIL
D118926,0.94440866,DO_NOT_MAIL
D108174,0.96371156,MAIL
D119486,0.9329747,DO_NOT_MAIL
D107273,0.22278972,DO_NOT_MAIL
D119641,0.22687677,DO_NOT_MAIL
D114127,0.54143345,DO_NOT_MAIL
D118489,0.5139931,DO_NOT_MAIL
D137963,0.21197897,DO_NOT_MAIL
D118034,0.9349788,DO_NOT_MAIL
D131852,0.8434482,DO_NOT_MAIL
D107852,0.45316285,DO_NOT_MAIL
D113054,0.7738617,DO_NOT_MAIL
D130186,0.9602031,MAIL
D100647,0.95294404,MAIL
D130098,0.19375126,DO_NOT_MAIL
D137821,0.0026411829,DO_NOT_MAIL
D142381,0.37243512,DO_NOT_MAIL
D124873,0.8165528,DO_NOT_MAIL
D135413,0.0016145349,DO_NOT_MAIL
D131080,0.8572682,DO_NOT_MAIL
D130087,0.9337538,DO_NOT_MAIL
D131117,0.8434482,DO_NOT_MAIL
D111094,0.6725385,DO_NOT_MAIL
D134499,0.61270875,DO_NOT_MAIL
D103765,0.96827155,MAIL
D107133,0.970204,MAIL
D113415,0.9900693,MAIL
D128660,0.98510695,MAIL
D125200,0.91175425,DO_NOT_MAIL
D113545,0.843054,DO_NOT_MAIL
D104386,0.8219037,DO_NOT_MAIL
D101033,0.88971186,DO_NOT_MAIL
D134026,0.018913344,DO_NOT_MAIL
D128292,0.10852656,DO_NOT_MAIL
D118899,0.97908825,MAIL
D115669,0.83830553,DO_NOT_MAIL
D118313,0.8536362,DO_NOT_MAIL
D126037,0.9455374,DO_NOT_MAIL
D110960,0.85204154,DO_NOT_MAIL
D134153,0.4737683,DO_NOT_MAIL
D100886,0.00087224535,DO_NOT_MAIL
D104967,0.9656056,MAIL
D121498,0.6690531,DO_NOT_MAIL
D106195,0.92679274,DO_NOT_MAIL
D118715,0.9838995,MAIL
D102657,0.98580605,MAIL
D108719,0.39690778,DO_NOT_MAIL
D117871,0.63461775,DO_NOT_MAIL
D124183,0.18216608,DO_NOT_MAIL
D136583,0.92679274,DO_NOT_MAIL
D144609,0.9662585,MAIL
D110062,0.9550682,MAIL
D115070,0.69809425,DO_NOT_MAIL
D102997,0.8167604,DO_NOT_MAIL
D101299,0.9716717,MAIL
D105240,0.89545536,DO_NOT_MAIL
D119644,0.8693399,DO_NOT_MAIL
D114839,0.9802091,MAIL
D119764,0.95227355,MAIL
D140210,0.03310995,DO_NOT_MAIL
D106079,0.9637091,MAIL
D105037,0.91175425,DO_NOT_MAIL
D120415,0.36268032,DO_NOT_MAIL
D133457,0.9427165,DO_NOT_MAIL
D106621,0.9508744,DO_NOT_MAIL
D114460,0.011992957,DO_NOT_MAIL
D141419,0.9809063,MAIL
D120225,0.80330753,DO_NOT_MAIL
D107083,0.0056006913,DO_NOT_MAIL
D126127,0.74183184,DO_NOT_MAIL
D121183,0.88336307,DO_NOT_MAIL
D118340,0.8536362,DO_NOT_MAIL
D105249,0.021325648,DO_NOT_MAIL
D131875,0.81654066,DO_NOT_MAIL
D138917,0.7336363,DO_NOT_MAIL
D122395,0.7738617,DO_NOT_MAIL
D126582,0.5410151,DO_NOT_MAIL
D128826,0.96632427,MAIL
D131072,0.2539428,DO_NOT_MAIL
D119302,0.0737325,DO_NOT_MAIL
D137981,0.015354495,DO_NOT_MAIL
D105198,0.91026044,DO_NOT_MAIL
D117805,0.0011643232,DO_NOT_MAIL
D103274,0.9132189,DO_NOT_MAIL
D105166,0.9105622,DO_NOT_MAIL
D119959,0.10331767,DO_NOT_MAIL
D132044,0.32481673,DO_NOT_MAIL
D113103,0.955618,MAIL
D141842,0.53094834,DO_NOT_MAIL
D142741,0.9143243,DO_NOT_MAIL
D100653,0.069563836,DO_NOT_MAIL
D141086,0.06885458,DO_NOT_MAIL
D122679,0.97337025,MAIL
D132801,0.092786066,DO_NOT_MAIL
D117582,0.03592829,DO_NOT_MAIL
D138832,0.28158683,DO_NOT_MAIL
D116510,0.5762864,DO_NOT_MAIL
D118751,0.8073583,DO_NOT_MAIL
D105831,0.6294969,DO_NOT_MAIL
D116131,0.98628366,MAIL
D104467,0.0008175993,DO_NOT_MAIL
D101191,0.973722,MAIL
D105387,0.47663742,DO_NOT_MAIL
D120505,0.19364357,DO_NOT_MAIL
D115848,0.03968509,DO_NOT_MAIL
D116721,0.78161925,DO_NOT_MAIL
D125287,0.9349788,DO_NOT_MAIL
D132867,0.8595816,DO_NOT_MAIL
D119017,0.96617204,MAIL
D114119,0.003765013,DO_NOT_MAIL
D127386,0.0034361407,DO_NOT_MAIL
D102137,0.88319796,DO_NOT_MAIL
D104742,0.9912908,MAIL
D101665,0.7969786,DO_NOT_MAIL
D114144,0.022840492,DO_NOT_MAIL
D100333,0.03689543,DO_NOT_MAIL
D140732,0.027728392,DO_NOT_MAIL
D113209,0.96996504,MAIL
D121684,0.97037226,MAIL
D119675,0.961119,MAIL
D143003,0.18350358,DO_NOT_MAIL
D110881,0.982675,MAIL
D135391,0.86265135,DO_NOT_MAIL
D132020,0.99243426,MAIL
D143371,0.5325367,DO_NOT_MAIL
D129864,0.9658242,MAIL
D113935,0.7334901,DO_NOT_MAIL
D130699,0.0058909594,DO_NOT_MAIL
D132011,0.70131403,DO_NOT_MAIL
D124065,0.036609743,DO_NOT_MAIL
D111602,0.97767377,MAIL
D112372,0.96483654,MAIL
D132332,0.019736648,DO_NOT_MAIL
D122120,0.9037679,DO_NOT_MAIL
D128792,0.02813489,DO_NOT_MAIL
D123157,0.84869266,DO_NOT_MAIL
D118097,0.001014398,DO_NOT_MAIL
D106418,0.54785824,DO_NOT_MAIL
D110346,0.027714796,DO_NOT_MAIL
D102950,0.015420416,DO_NOT_MAIL
D133118,0.92517847,DO_NOT_MAIL
D144184,0.2991187,DO_NOT_MAIL
D113466,0.26111245,DO_NOT_MAIL
D124724,0.6210827,DO_NOT_MAIL
D122082,0.96121466,MAIL
D110150,0.78161925,DO_NOT_MAIL
D102579,0.26111245,DO_NOT_MAIL
D109803,0.009115571,DO_NOT_MAIL
D130438,0.9738531,MAIL
D135040,0.22687677,DO_NOT_MAIL
D124887,0.098768495,DO_NOT_MAIL
D138626,0.92655116,DO_NOT_MAIL
D132668,0.62353516,DO_NOT_MAIL
D109234,0.8211532,DO_NOT_MAIL
D135563,0.3909194,DO_NOT_MAIL
D131982,0.0013645517,DO_NOT_MAIL
D133846,0.18449943,DO_NOT_MAIL
D124872,0.96470815,MAIL
D107476,0.9640741,MAIL
D133854,0.035295468,DO_NOT_MAIL
D137084,0.8483679,DO_NOT_MAIL
D125347,0.9770189,MAIL
D123240,0.9452456,DO_NOT_MAIL
D138695,0.05644795,DO_NOT_MAIL
D123601,0.9806153,MAIL
D105316,6.2401785e-05,DO_NOT_MAIL
D115465,0.022703877,DO_NOT_MAIL
D129085,0.8332882,DO_NOT_MAIL
D126618,0.9025419,DO_NOT_MAIL
D122872,0.97037226,MAIL
D121341,0.97877216,MAIL
D123273,0.21717903,DO_NOT_MAIL
D130758,0.15149711,DO_NOT_MAIL
D125213,0.95294404,MAIL
D124586,0.8434482,DO_NOT_MAIL
D128433,0.5925024,DO_NOT_MAIL
D109703,0.51717603,DO_NOT_MAIL
D100616,0.7304995,DO_NOT_MAIL
D126876,0.116505496,DO_NOT_MAIL
D104054,0.29411703,DO_NOT_MAIL
D106885,0.48687914,DO_NOT_MAIL
D116646,0.9821608,MAIL
D121194,0.94837177,DO_NOT_MAIL
D135828,0.002822814,DO_NOT_MAIL
D113197,0.0011500798,DO_NOT_MAIL
D132794,0.96659976,MAIL
D111483,0.71322787,DO_NOT_MAIL
D109011,0.40978232,DO_NOT_MAIL
D144083,0.04494378,DO_NOT_MAIL
D131890,0.9623464,MAIL
D119591,0.8415551,DO_NOT_MAIL
D113465,0.25449836,DO_NOT_MAIL
D105518,0.017547997,DO_NOT_MAIL
D123106,0.98721606,MAIL
D129927,0.843054,DO_NOT_MAIL
D128501,0.9450459,DO_NOT_MAIL
D128774,0.88396883,DO_NOT_MAIL
D135645,0.08592,DO_NOT_MAIL
D134520,0.7647552,DO_NOT_MAIL
D129445,0.8989707,DO_NOT_MAIL
D121043,0.92679274,DO_NOT_MAIL
D134010,0.7392137,DO_NOT_MAIL
D126771,0.008701026,DO_NOT_MAIL
D124554,0.6431161,DO_NOT_MAIL
D119410,0.9493245,DO_NOT_MAIL
D128204,0.3238702,DO_NOT_MAIL
D142316,0.08288846,DO_NOT_MAIL
D124476,0.97261816,MAIL
D140448,0.09771149,DO_NOT_MAIL
D124127,0.9811509,MAIL
D115998,0.56299716,DO_NOT_MAIL
D123378,0.00035438704,DO_NOT_MAIL
D127475,0.9171358,DO_NOT_MAIL
D136376,0.98380095,MAIL
D110698,0.97373116,MAIL
D123180,0.96245515,MAIL
D107187,0.97693527,MAIL
D124426,0.5943451,DO_NOT_MAIL
D120596,0.9908025,MAIL
D134650,0.123519786,DO_NOT_MAIL
D130017,0.9781587,MAIL
D129372,0.97171783,MAIL
D105677,0.95294404,MAIL
D144090,0.0052212053,DO_NOT_MAIL
D125877,0.96121466,MAIL
D135639,0.37518385,DO_NOT_MAIL
D134630,0.7969786,DO_NOT_MAIL
D102312,0.007524445,DO_NOT_MAIL
D111437,0.96470815,MAIL
D117158,0.0023022888,DO_NOT_MAIL
D122833,0.91175425,DO_NOT_MAIL
D141278,0.0853213,DO_NOT_MAIL
D107039,0.39217883,DO_NOT_MAIL
D141472,0.0052718506,DO_NOT_MAIL
D100271,0.9775313,MAIL
D110925,0.38602617,DO_NOT_MAIL
D125672,0.1225616,DO_NOT_MAIL
D100399,0.94245774,DO_NOT_MAIL
D109797,0.9362875,DO_NOT_MAIL
D107887,0.5139931,DO_NOT_MAIL
D124678,0.9067636,DO_NOT_MAIL
D114583,0.98778266,MAIL
D135920,0.43585023,DO_NOT_MAIL
D132115,0.8536362,DO_NOT_MAIL
D142448,0.10367389,DO_NOT_MAIL
D115993,0.008949455,DO_NOT_MAIL
D116525,0.9775313,MAIL
D120291,0.9681835,MAIL
D104388,0.35562104,DO_NOT_MAIL
D124418,0.9362875,DO_NOT_MAIL
D132604,0.039313983,DO_NOT_MAIL
D130012,0.718007,DO_NOT_MAIL
D117815,0.8054332,DO_NOT_MAIL
D110232,0.8726598,DO_NOT_MAIL
D135806,0.011463354,DO_NOT_MAIL
D102287,0.08713746,DO_NOT_MAIL
D121339,0.96617204,MAIL
D134335,0.97152454,MAIL
D123108,0.9519325,DO_NOT_MAIL
D101239,0.8546097,DO_NOT_MAIL
D143407,0.010361353,DO_NOT_MAIL
D126315,0.07115062,DO_NOT_MAIL
D104403,0.20122604,DO_NOT_MAIL
D125466,0.9711856,MAIL
D103632,0.0026928831,DO_NOT_MAIL
D135070,0.5932417,DO_NOT_MAIL
D119432,0.9915011,MAIL
D117107,0.5753784,DO_NOT_MAIL
D121097,0.03484919,DO_NOT_MAIL
D130111,0.992207,MAIL
D124528,0.07722056,DO_NOT_MAIL
D108447,0.8611976,DO_NOT_MAIL
D106568,0.5246333,DO_NOT_MAIL
D140515,0.74466366,DO_NOT_MAIL
D106879,0.8077166,DO_NOT_MAIL
D100202,0.05524566,DO_NOT_MAIL
D110855,0.79195505,DO_NOT_MAIL
D128455,0.9881572,MAIL
D134492,0.9023609,DO_NOT_MAIL
D133053,0.37881243,DO_NOT_MAIL
D122180,0.9491667,DO_NOT_MAIL
D134607,0.8869641,DO_NOT_MAIL
D101585,0.88723224,DO_NOT_MAIL
D110403,0.17230265,DO_NOT_MAIL
D135322,0.9415254,DO_NOT_MAIL
D129416,0.9921514,MAIL
D143946,0.0011719224,DO_NOT_MAIL
D142885,0.025108106,DO_NOT_MAIL
D127620,0.80955744,DO_NOT_MAIL
D142557,0.5122623,DO_NOT_MAIL
D132873,0.15398636,DO_NOT_MAIL
D127554,0.8986892,DO_NOT_MAIL
D101776,0.9747672,MAIL
D129729,0.70336944,DO_NOT_MAIL
D140948,0.020437965,DO_NOT_MAIL
D113230,0.79660517,DO_NOT_MAIL
D112066,0.03682933,DO_NOT_MAIL
D110305,0.004547648,DO_NOT_MAIL
D113268,0.9811509,MAIL
D142029,0.018023364,DO_NOT_MAIL
D103407,0.93025255,DO_NOT_MAIL
D105126,0.831485,DO_NOT_MAIL
D138097,0.47155368,DO_NOT_MAIL
D115941,0.9602031,MAIL
D134758,0.39433604,DO_NOT_MAIL
D136568,0.21162002,DO_NOT_MAIL
D103775,0.99243426,MAIL
D133461,0.03565474,DO_NOT_MAIL
D113961,0.9306288,DO_NOT_MAIL
D117031,0.881872,DO_NOT_MAIL
D101017,0.9711374,MAIL
D104773,0.969633,MAIL
D107074,0.7416475,DO_NOT_MAIL
D133499,0.15970695,DO_NOT_MAIL
D111727,0.8077166,DO_NOT_MAIL
D101742,0.5707278,DO_NOT_MAIL
D138508,0.0026189575,DO_NOT_MAIL
D143306,0.02046041,DO_NOT_MAIL
D136607,0.001950578,DO_NOT_MAIL
D106904,0.9506359,DO_NOT_MAIL
D141336,0.048634913,DO_NOT_MAIL
D127385,0.97138107,MAIL
D116926,0.8443016,DO_NOT_MAIL
D132126,0.9781587,MAIL
D108553,0.4074021,DO_NOT_MAIL
D117820,0.0048442073,DO_NOT_MAIL
D100406,0.043780725,DO_NOT_MAIL
D137671,0.52471656,DO_NOT_MAIL
D128548,0.94473964,DO_NOT_MAIL
D131630,0.18068352,DO_NOT_MAIL
D118307,0.9274354,DO_NOT_MAIL
D100666,0.0157619,DO_NOT_MAIL
D137808,0.0033585266,DO_NOT_MAIL
D143622,0.19347726,DO_NOT_MAIL
D144207,0.9415142,DO_NOT_MAIL
D114048,0.0035357014,DO_NOT_MAIL
D127304,0.04131435,DO_NOT_MAIL
D133217,0.88971186,DO_NOT_MAIL
D121997,0.6469854,DO_NOT_MAIL
D118378,0.0020661356,DO_NOT_MAIL
D116328,0.056938604,DO_NOT_MAIL
D134698,0.9062348,DO_NOT_MAIL
D117884,0.03595258,DO_NOT_MAIL
D115727,0.9792474,MAIL
D131147,0.1221181,DO_NOT_MAIL
D125029,0.0017314826,DO_NOT_MAIL
D117956,0.06276258,DO_NOT_MAIL
D136462,0.7332227,DO_NOT_MAIL
D132165,0.049967304,DO_NOT_MAIL
D127006,0.6545905,DO_NOT_MAIL
D140338,0.9520728,MAIL
D121777,0.87722886,DO_NOT_MAIL
D131425,0.92517406,DO_NOT_MAIL
D119430,0.843054,DO_NOT_MAIL
D107617,0.9606411,MAIL
D124357,0.5553199,DO_NOT_MAIL
D108708,0.8165528,DO_NOT_MAIL
D123216,0.92150646,DO_NOT_MAIL
D103893,4.3130414e-05,DO_NOT_MAIL
D110338,0.9602031,MAIL
D132607,0.73969823,DO_NOT_MAIL
D106495,0.08149573,DO_NOT_MAIL
D104191,0.0006473183,DO_NOT_MAIL
D141925,0.9821774,MAIL
D119460,0.95294404,MAIL
D128403,0.14338075,DO_NOT_MAIL
D123121,0.37099186,DO_NOT_MAIL
D132518,0.41707924,DO_NOT_MAIL
D139562,0.52714604,DO_NOT_MAIL
D134808,0.016224397,DO_NOT_MAIL
D136965,0.06759139,DO_NOT_MAIL
D142724,0.04636324,DO_NOT_MAIL
D124241,0.07301457,DO_NOT_MAIL
D133363,0.992894,MAIL
D131173,0.89891535,DO_NOT_MAIL
D107049,0.93806165,DO_NOT_MAIL
D125426,0.34381378,DO_NOT_MAIL
D138247,0.06455325,DO_NOT_MAIL
D106043,0.25061503,DO_NOT_MAIL
D143004,0.18203716,DO_NOT_MAIL
D110593,0.84848046,DO_NOT_MAIL
D126439,0.97037226,MAIL
D101590,0.78538567,DO_NOT_MAIL
D130411,0.76365095,DO_NOT_MAIL
D108729,0.94612527,DO_NOT_MAIL
D113005,0.955618,MAIL
D119673,0.88648987,DO_NOT_MAIL
D120487,0.9347862,DO_NOT_MAIL
D107564,0.005637654,DO_NOT_MAIL
D117451,0.85991716,DO_NOT_MAIL
D116970,0.8881598,DO_NOT_MAIL
D112738,0.5243425,DO_NOT_MAIL
D119587,0.008943401,DO_NOT_MAIL
D134209,0.9669261,MAIL
D136674,0.00030982262,DO_NOT_MAIL
D102526,0.20475861,DO_NOT_MAIL
D138052,0.03925507,DO_NOT_MAIL
D132497,0.7514994,DO_NOT_MAIL
D123675,0.831485,DO_NOT_MAIL
D124844,0.85608035,DO_NOT_MAIL
D108876,0.99176425,MAIL
D111526,0.90302545,DO_NOT_MAIL
D134749,0.0019094015,DO_NOT_MAIL
D100233,0.2726416,DO_NOT_MAIL
D115842,0.8986892,DO_NOT_MAIL
D118314,0.8434482,DO_NOT_MAIL
D127755,0.9458556,DO_NOT_MAIL
D115261,0.86032593,DO_NOT_MAIL
D108390,0.9259016,DO_NOT_MAIL
D125995,0.0007970261,DO_NOT_MAIL
D111136,0.3420961,DO_NOT_MAIL
D137502,0.12701571,DO_NOT_MAIL
D113431,0.9698342,MAIL
D112984,0.9680045,MAIL
D103222,0.9884421,MAIL
D126895,0.8576082,DO_NOT_MAIL
D105278,0.10392629,DO_NOT_MAIL
D127418,0.88723224,DO_NOT_MAIL
D113263,0.8165528,DO_NOT_MAIL
D144323,0.9807217,MAIL
D118815,0.0077644293,DO_NOT_MAIL
D124307,0.20981382,DO_NOT_MAIL
D141897,0.4890053,DO_NOT_MAIL
D123266,0.084706634,DO_NOT_MAIL
D123481,0.57365626,DO_NOT_MAIL
D114140,0.8537907,DO_NOT_MAIL
D137885,0.00038762187,DO_NOT_MAIL
D140483,0.09983734,DO_NOT_MAIL
D142336,0.67387766,DO_NOT_MAIL
D111233,0.060623102,DO_NOT_MAIL
D141204,0.069603615,DO_NOT_MAIL
D143459,0.525752,DO_NOT_MAIL
D123318,0.19527662,DO_NOT_MAIL
D126692,0.02379759,DO_NOT_MAIL
D110514,0.09481975,DO_NOT_MAIL
D120247,0.96176934,MAIL
D119858,0.8211532,DO_NOT_MAIL
D141412,0.8802567,DO_NOT_MAIL
D101890,0.5000924,DO_NOT_MAIL
D140034,0.044750825,DO_NOT_MAIL
D114566,0.6225001,DO_NOT_MAIL
D113032,0.98628366,MAIL
D106961,0.9349788,DO_NOT_MAIL
D104805,0.00871171,DO_NOT_MAIL
D105185,0.03961531,DO_NOT_MAIL
D105306,0.4940338,DO_NOT_MAIL
D140543,0.05780683,DO_NOT_MAIL
D140998,0.9084334,DO_NOT_MAIL
D106489,0.8653104,DO_NOT_MAIL
D107915,0.47305262,DO_NOT_MAIL
D110472,0.5925024,DO_NOT_MAIL
D131516,0.115434594,DO_NOT_MAIL
D122972,0.9470951,DO_NOT_MAIL
D121688,0.9685309,MAIL
D114727,0.94288254,DO_NOT_MAIL
D106172,0.41080627,DO_NOT_MAIL
D123516,0.9610854,MAIL
D114278,0.0016059552,DO_NOT_MAIL
D137565,0.227697,DO_NOT_MAIL
D118070,0.7332227,DO_NOT_MAIL
D114234,0.7177682,DO_NOT_MAIL
D139186,0.0005031111,DO_NOT_MAIL
D119188,0.0004072048,DO_NOT_MAIL
D132258,0.9105622,DO_NOT_MAIL
D134950,0.8054332,DO_NOT_MAIL
D144305,0.017173175,DO_NOT_MAIL
D109322,0.9799463,MAIL
D122169,0.88723224,DO_NOT_MAIL
D140270,0.9013582,DO_NOT_MAIL
D140586,0.008206103,DO_NOT_MAIL
D138710,0.0025575857,DO_NOT_MAIL
D105763,0.14572254,DO_NOT_MAIL
D123938,0.9334319,DO_NOT_MAIL
D117578,0.81474036,DO_NOT_MAIL
D112209,0.78161925,DO_NOT_MAIL
D105823,0.01596205,DO_NOT_MAIL
D129693,0.95294404,MAIL
D137850,0.010655632,DO_NOT_MAIL
D130419,0.70336944,DO_NOT_MAIL
D143110,0.5261692,DO_NOT_MAIL
D124368,0.8472271,DO_NOT_MAIL
D106262,0.9642926,MAIL
D101091,0.96223414,MAIL
D123472,0.4615115,DO_NOT_MAIL
D119423,0.5399124,DO_NOT_MAIL
D130269,0.8838868,DO_NOT_MAIL
D144368,0.0391525,DO_NOT_MAIL
D136456,0.0009278614,DO_NOT_MAIL
D117180,0.9171358,DO_NOT_MAIL
D141387,0.062473934,DO_NOT_MAIL
D105812,0.09377517,DO_NOT_MAIL
D142048,0.007694537,DO_NOT_MAIL
D136133,0.043985996,DO_NOT_MAIL
D142394,0.08609027,DO_NOT_MAIL
D108567,0.9906378,MAIL
D136099,0.008607589,DO_NOT_MAIL
D141720,0.95644,MAIL
D127950,0.9490709,DO_NOT_MAIL
D126942,0.011088279,DO_NOT_MAIL
D121965,0.13363455,DO_NOT_MAIL
D103649,0.9781587,MAIL
D106309,0.11800947,DO_NOT_MAIL
D114807,0.3460186,DO_NOT_MAIL
D139030,0.1923434,DO_NOT_MAIL
D102457,0.0005471728,DO_NOT_MAIL
D119518,0.9895891,MAIL
D131796,0.92517847,DO_NOT_MAIL
D107661,0.076774165,DO_NOT_MAIL
D116334,0.9519325,DO_NOT_MAIL
D130511,0.97699124,MAIL
D113302,0.027879177,DO_NOT_MAIL
D124325,0.93806165,DO_NOT_MAIL
D101482,0.5617754,DO_NOT_MAIL
D100121,0.961119,MAIL
D111587,0.8986892,DO_NOT_MAIL
D128330,0.9470951,DO_NOT_MAIL
D103236,0.9711856,MAIL
D107851,0.89545536,DO_NOT_MAIL
D141991,0.023407886,DO_NOT_MAIL
D107284,0.74183184,DO_NOT_MAIL
D100683,0.96176934,MAIL
D129233,0.8852851,DO_NOT_MAIL
D129243,0.0008097154,DO_NOT_MAIL
D118143,0.90179396,DO_NOT_MAIL
D140057,0.061287947,DO_NOT_MAIL
D107996,0.5617754,DO_NOT_MAIL
D136420,0.6581615,DO_NOT_MAIL
D124379,0.98874366,MAIL
D103137,0.9775019,MAIL
D108801,0.9274354,DO_NOT_MAIL
D130770,0.9333508,DO_NOT_MAIL
D135169,0.9519325,DO_NOT_MAIL
D129676,0.027787887,DO_NOT_MAIL
D122167,0.20304926,DO_NOT_MAIL
D110476,0.004550654,DO_NOT_MAIL
D114059,0.98068994,MAIL
D130342,0.92532676,DO_NOT_MAIL
D103581,0.97271967,MAIL
D132608,0.9062348,DO_NOT_MAIL
D102465,0.057564612,DO_NOT_MAIL
D128167,0.020770436,DO_NOT_MAIL
D117782,0.99481213,MAIL
D139451,0.00978852,DO_NOT_MAIL
D106962,0.0057314504,DO_NOT_MAIL
D104216,0.96632427,MAIL
D101411,0.96176934,MAIL
D104781,0.20735906,DO_NOT_MAIL
D131039,0.008431303,DO_NOT_MAIL
D108915,0.83081913,DO_NOT_MAIL
D144635,0.9257085,DO_NOT_MAIL
D112584,0.9257085,DO_NOT_MAIL
D106192,0.6545905,DO_NOT_MAIL
D116654,0.9656056,MAIL
D114176,0.881872,DO_NOT_MAIL
D123726,0.96000904,MAIL
D128319,0.6106876,DO_NOT_MAIL
D108556,0.9118403,DO_NOT_MAIL
D123279,0.2981996,DO_NOT_MAIL
D131368,0.6106876,DO_NOT_MAIL
D129807,0.25854638,DO_NOT_MAIL
D109909,0.0058830706,DO_NOT_MAIL
D117274,0.93025255,DO_NOT_MAIL
D106480,0.36059743,DO_NOT_MAIL
D119183,0.97697484,MAIL
D113774,0.96121466,MAIL
D126701,0.008546746,DO_NOT_MAIL
D108981,0.57365626,DO_NOT_MAIL
D119636,0.9833103,MAIL
D105488,0.2660896,DO_NOT_MAIL
D114390,0.8291849,DO_NOT_MAIL
D116605,0.9672093,MAIL
D144172,0.84287745,DO_NOT_MAIL
D141110,5.863044e-05,DO_NOT_MAIL
D111234,0.9550682,MAIL
D108489,0.9763776,MAIL
D110303,0.12131666,DO_NOT_MAIL
D136896,0.052905932,DO_NOT_MAIL
D126044,0.03785863,DO_NOT_MAIL
D132393,0.07459466,DO_NOT_MAIL
D104485,0.95693064,MAIL
D106123,0.9439706,DO_NOT_MAIL
D141033,0.20518683,DO_NOT_MAIL
D124967,0.9358564,DO_NOT_MAIL
D124265,0.9076594,DO_NOT_MAIL
D108784,0.9638973,MAIL
D142670,0.017750518,DO_NOT_MAIL
D135223,0.016513022,DO_NOT_MAIL
D134315,0.67464757,DO_NOT_MAIL
D111814,0.4590276,DO_NOT_MAIL
D109329,0.9685309,MAIL
D118443,0.8399911,DO_NOT_MAIL
D141985,0.25663108,DO_NOT_MAIL
D108449,0.78161925,DO_NOT_MAIL
D109785,0.96004707,MAIL
D143664,0.063698314,DO_NOT_MAIL
D121192,0.8869641,DO_NOT_MAIL
D117976,0.9884421,MAIL
D136397,0.89608073,DO_NOT_MAIL
D143876,0.02866165,DO_NOT_MAIL
D101940,0.7684628,DO_NOT_MAIL
D100721,0.9658472,MAIL
D130462,0.052552994,DO_NOT_MAIL
D125924,0.961997,MAIL
D110431,0.014298592,DO_NOT_MAIL
D101448,0.020743137,DO_NOT_MAIL
D120939,0.99224687,MAIL
D104160,0.54785824,DO_NOT_MAIL
D116837,0.9009107,DO_NOT_MAIL
D136673,0.005850338,DO_NOT_MAIL
D121261,0.955618,MAIL
D108905,0.7287747,DO_NOT_MAIL
D106753,0.843054,DO_NOT_MAIL
D140840,0.010087373,DO_NOT_MAIL
D103078,0.5943451,DO_NOT_MAIL
D119555,0.52866626,DO_NOT_MAIL
D122605,0.9463768,DO_NOT_MAIL
D127807,0.92709506,DO_NOT_MAIL
D143490,0.060963508,DO_NOT_MAIL
D124468,0.9747672,MAIL
D115872,0.8693399,DO_NOT_MAIL
D125345,0.9685836,MAIL
D118579,0.9685309,MAIL
D126527,0.8693399,DO_NOT_MAIL
D123672,0.87150455,DO_NOT_MAIL
D121278,0.80330753,DO_NOT_MAIL
D118415,0.88723224,DO_NOT_MAIL
D132836,0.954501,MAIL
D131347,0.85461974,DO_NOT_MAIL
D123275,0.98778266,MAIL
D126766,0.72434723,DO_NOT_MAIL
D110206,0.8834172,DO_NOT_MAIL
D116840,0.96551836,MAIL
D115737,0.8986892,DO_NOT_MAIL
D126664,0.43526915,DO_NOT_MAIL
D139647,0.09063923,DO_NOT_MAIL
D115440,0.73969823,DO_NOT_MAIL
D141840,0.027039068,DO_NOT_MAIL
D107609,0.8881598,DO_NOT_MAIL
D106959,0.09043575,DO_NOT_MAIL
D107117,0.97720313,MAIL
D120667,0.9278522,DO_NOT_MAIL
D137691,0.010151842,DO_NOT_MAIL
D116722,0.96294856,MAIL
D110063,0.70336944,DO_NOT_MAIL
D114686,0.97928065,MAIL
D122669,0.05667538,DO_NOT_MAIL
D108125,0.9912908,MAIL
D143047,0.12544201,DO_NOT_MAIL
D123231,0.81131417,DO_NOT_MAIL
D113487,0.9788905,MAIL
D133889,0.024834994,DO_NOT_MAIL
D110300,0.83709186,DO_NOT_MAIL
D135716,0.97699124,MAIL
D134938,0.058583096,DO_NOT_MAIL
D116190,0.992718,MAIL
D118785,0.94440866,DO_NOT_MAIL
D105984,0.9105622,DO_NOT_MAIL
D135963,0.057448633,DO_NOT_MAIL
D111080,0.0009698855,DO_NOT_MAIL
D104423,0.21883246,DO_NOT_MAIL
D133065,0.23989905,DO_NOT_MAIL
D128727,0.008073848,DO_NOT_MAIL
D109440,0.92517847,DO_NOT_MAIL
D141582,0.1651432,DO_NOT_MAIL
D141965,0.009544949,DO_NOT_MAIL
D134451,0.0062414543,DO_NOT_MAIL
D142595,0.040791117,DO_NOT_MAIL
D116399,0.70336944,DO_NOT_MAIL
D100260,0.92521757,DO_NOT_MAIL
D104591,0.5925024,DO_NOT_MAIL
D119825,0.68927664,DO_NOT_MAIL
D136638,0.0035968241,DO_NOT_MAIL
D117396,0.8968021,DO_NOT_MAIL
D101512,0.9758908,MAIL
D111130,0.1548753,DO_NOT_MAIL
D130752,0.34360895,DO_NOT_MAIL
D107060,0.657778,DO_NOT_MAIL
D119295,0.44644496,DO_NOT_MAIL
D120331,0.9720426,MAIL
D112301,0.14205381,DO_NOT_MAIL
D138257,0.008733561,DO_NOT_MAIL
D111819,0.82213485,DO_NOT_MAIL
D130014,0.10768987,DO_NOT_MAIL
D138102,0.8188921,DO_NOT_MAIL
D121470,0.8335529,DO_NOT_MAIL
D119120,0.90379035,DO_NOT_MAIL
D128617,0.87722886,DO_NOT_MAIL
D119733,0.3817256,DO_NOT_MAIL
D133520,0.84229296,DO_NOT_MAIL
D104521,0.7089558,DO_NOT_MAIL
D106460,0.8693399,DO_NOT_MAIL
D121673,0.82004774,DO_NOT_MAIL
D122140,0.97234666,MAIL
D135302,0.528885,DO_NOT_MAIL
D118775,0.86891735,DO_NOT_MAIL
D132967,0.9615289,MAIL
D126832,0.43296874,DO_NOT_MAIL
D115565,0.21533191,DO_NOT_MAIL
D112592,0.82066286,DO_NOT_MAIL
D121603,0.8073583,DO_NOT_MAIL
D138893,0.23530921,DO_NOT_MAIL
D115575,0.86891735,DO_NOT_MAIL
D117382,0.67464757,DO_NOT_MAIL
D130532,0.9640741,MAIL
D113751,0.8907074,DO_NOT_MAIL
D108731,0.5410151,DO_NOT_MAIL
D105637,0.8073583,DO_NOT_MAIL
D100356,0.013831747,DO_NOT_MAIL
D132811,0.7597075,DO_NOT_MAIL
D119305,0.9610854,MAIL
D105026,0.34230113,DO_NOT_MAIL
D130733,0.22028308,DO_NOT_MAIL
D135899,0.11667123,DO_NOT_MAIL
D133934,0.83128554,DO_NOT_MAIL
D133353,0.9280447,DO_NOT_MAIL
D125990,0.0011159786,DO_NOT_MAIL
D112162,0.36268032,DO_NOT_MAIL
D121355,0.08738344,DO_NOT_MAIL
D112974,0.80330753,DO_NOT_MAIL
D121690,0.9662585,MAIL
D123935,0.9775019,MAIL
D140377,0.013795403,DO_NOT_MAIL
D133709,0.29270107,DO_NOT_MAIL
D123987,0.03895735,DO_NOT_MAIL
D126173,0.9332782,DO_NOT_MAIL
D125079,0.8545162,DO_NOT_MAIL
D105716,0.030789383,DO_NOT_MAIL
D119562,0.14477706,DO_NOT_MAIL
D108046,0.003890038,DO_NOT_MAIL
D135808,0.25099397,DO_NOT_MAIL
D109246,0.0035244296,DO_NOT_MAIL
D117474,0.76219136,DO_NOT_MAIL
D112083,0.70336944,DO_NOT_MAIL
D100393,0.07686686,DO_NOT_MAIL
D108869,0.88723224,DO_NOT_MAIL
D132148,0.92517847,DO_NOT_MAIL
D121167,0.012801693,DO_NOT_MAIL
D107186,0.0003845783,DO_NOT_MAIL
D114963,0.2985374,DO_NOT_MAIL
D120961,0.69809425,DO_NOT_MAIL
D136606,0.172338,DO_NOT_MAIL
D115859,0.0028403332,DO_NOT_MAIL
D134770,0.80390793,DO_NOT_MAIL
D142469,0.0359528,DO_NOT_MAIL
D118458,0.9942363,MAIL
D110941,0.805003,DO_NOT_MAIL
D112464,0.80390793,DO_NOT_MAIL
D115138,0.54785824,DO_NOT_MAIL
D118505,0.73969823,DO_NOT_MAIL
D133343,0.8434482,DO_NOT_MAIL
D114575,0.98002785,MAIL
D128381,0.97113854,MAIL
D127351,0.0016228451,DO_NOT_MAIL
D124240,0.013260018,DO_NOT_MAIL
D144484,0.2537239,DO_NOT_MAIL
D131235,0.7287747,DO_NOT_MAIL
D101194,0.7287747,DO_NOT_MAIL
D101936,0.9469066,DO_NOT_MAIL
D106681,0.90798175,DO_NOT_MAIL
D135001,0.9810178,MAIL
D109356,0.93025255,DO_NOT_MAIL
D114705,0.98778266,MAIL
D109473,0.22135231,DO_NOT_MAIL
D111091,0.108650185,DO_NOT_MAIL
D136314,0.9658242,MAIL
D118470,0.98464113,MAIL
D131399,0.982675,MAIL
D135739,0.7597075,DO_NOT_MAIL
D101802,0.81131417,DO_NOT_MAIL
D138641,0.8802567,DO_NOT_MAIL
D122572,0.027980424,DO_NOT_MAIL
D102894,0.9654538,MAIL
D103133,0.9748004,MAIL
D123428,0.0040138736,DO_NOT_MAIL
D120042,0.9916916,MAIL
D138506,0.016982691,DO_NOT_MAIL
D121875,0.07687934,DO_NOT_MAIL
D102952,0.7089558,DO_NOT_MAIL
D125696,0.0076630567,DO_NOT_MAIL
D103688,0.8211532,DO_NOT_MAIL
D135104,0.84686965,DO_NOT_MAIL
D132447,0.012575999,DO_NOT_MAIL
D118188,0.84229296,DO_NOT_MAIL
D112896,0.9940743,MAIL
D123769,0.10602397,DO_NOT_MAIL
D128686,0.0154446885,DO_NOT_MAIL
D121291,0.76327413,DO_NOT_MAIL
D131447,0.92679274,DO_NOT_MAIL
D132247,0.98307866,MAIL
D139809,0.023585662,DO_NOT_MAIL
D128900,0.96869,MAIL
D122455,0.8981577,DO_NOT_MAIL
D106026,0.6913615,DO_NOT_MAIL
D109400,0.010344952,DO_NOT_MAIL
D143592,0.0010101661,DO_NOT_MAIL
D110940,0.9519325,DO_NOT_MAIL
D123358,0.9349788,DO_NOT_MAIL
D122571,0.0004435925,DO_NOT_MAIL
D124717,0.9699074,MAIL
D103563,0.982675,MAIL
D129547,0.83505756,DO_NOT_MAIL
D140857,0.9381486,DO_NOT_MAIL
D120732,0.9836315,MAIL
D127853,0.30118683,DO_NOT_MAIL
D115129,0.98628366,MAIL
D102480,0.67091596,DO_NOT_MAIL
D122729,0.9658472,MAIL
D122035,0.76219136,DO_NOT_MAIL
D134679,0.97166663,MAIL
D108323,0.86922854,DO_NOT_MAIL
D101734,0.98118603,MAIL
D133208,0.5374053,DO_NOT_MAIL
D112310,0.9009107,DO_NOT_MAIL
D128607,0.003173903,DO_NOT_MAIL
D128109,0.99877053,MAIL
D106366,0.034981683,DO_NOT_MAIL
D133530,0.14797269,DO_NOT_MAIL
D127058,0.07754054,DO_NOT_MAIL
D125513,0.9610854,MAIL
D126455,0.13744618,DO_NOT_MAIL
D107374,0.6431161,DO_NOT_MAIL
D120494,0.80390793,DO_NOT_MAIL
D143629,0.0036004167,DO_NOT_MAIL
D118280,0.8961919,DO_NOT_MAIL
D116810,0.57365626,DO_NOT_MAIL
D107842,0.81474036,DO_NOT_MAIL
D105314,0.26185176,DO_NOT_MAIL
D137134,0.8665668,DO_NOT_MAIL
D133426,0.3425782,DO_NOT_MAIL
D113254,0.97524184,MAIL
D112572,0.046704616,DO_NOT_MAIL
D139454,0.07067891,DO_NOT_MAIL
D144361,0.6562016,DO_NOT_MAIL
D134846,0.9290283,DO_NOT_MAIL
D111166,0.99283326,MAIL
D113335,0.36184937,DO_NOT_MAIL
D143139,0.0017538312,DO_NOT_MAIL
D135692,0.077297874,DO_NOT_MAIL
D135181,0.94440866,DO_NOT_MAIL
D111843,0.29782674,DO_NOT_MAIL
D132756,0.08645537,DO_NOT_MAIL
D101755,0.9401205,DO_NOT_MAIL
D119082,0.98706704,MAIL
D138410,0.03367707,DO_NOT_MAIL
D116429,0.9225519,DO_NOT_MAIL
D120033,0.0015756179,DO_NOT_MAIL
D110735,0.6545905,DO_NOT_MAIL
D121406,0.9748004,MAIL
D116401,0.53346866,DO_NOT_MAIL
D111504,0.99141425,MAIL
D111208,0.95024735,DO_NOT_MAIL
D127097,0.23446421,DO_NOT_MAIL
D142839,0.96245515,MAIL
D143440,0.0058038607,DO_NOT_MAIL
D118431,0.04846434,DO_NOT_MAIL
D122896,0.9921514,MAIL
D140501,0.07921137,DO_NOT_MAIL
D104545,0.9809021,MAIL
D143568,0.066315584,DO_NOT_MAIL
D116226,0.8077166,DO_NOT_MAIL
D129803,0.9362875,DO_NOT_MAIL
D105401,0.98721606,MAIL
D122225,0.045161337,DO_NOT_MAIL
D126113,0.02322076,DO_NOT_MAIL
D102374,0.00690562,DO_NOT_MAIL
D100910,0.8883942,DO_NOT_MAIL
D126726,0.56299716,DO_NOT_MAIL
D102360,0.009091062,DO_NOT_MAIL
D110630,0.049876165,DO_NOT_MAIL
D118731,0.1610982,DO_NOT_MAIL
D100432,0.3617239,DO_NOT_MAIL
D107382,0.9662585,MAIL
D144120,0.9346881,DO_NOT_MAIL
D127282,0.019405415,DO_NOT_MAIL
D122785,0.7597075,DO_NOT_MAIL
D129079,0.8434482,DO_NOT_MAIL
D138649,0.8675002,DO_NOT_MAIL
D139045,0.054866306,DO_NOT_MAIL
D132544,0.73455626,DO_NOT_MAIL
D113289,0.69809425,DO_NOT_MAIL
D100786,0.9770189,MAIL
D109196,0.94260883,DO_NOT_MAIL
D107228,0.99224687,MAIL
D142935,0.9933074,MAIL
D105393,0.011244364,DO_NOT_MAIL
D122116,0.99171,MAIL
D121318,0.092163414,DO_NOT_MAIL
D138956,0.0078535555,DO_NOT_MAIL
D138281,0.95764256,MAIL
D103691,0.75646186,DO_NOT_MAIL
D129779,0.8987183,DO_NOT_MAIL
D119195,0.9799463,MAIL
D134608,0.0011047797,DO_NOT_MAIL
D135380,0.89608073,DO_NOT_MAIL
D130395,0.87721014,DO_NOT_MAIL
D115913,0.9470951,DO_NOT_MAIL
D100894,0.068681225,DO_NOT_MAIL
D113083,0.8447092,DO_NOT_MAIL
D130063,0.8165528,DO_NOT_MAIL
D110434,0.98068994,MAIL
D100585,0.5925024,DO_NOT_MAIL
D107592,0.97373116,MAIL
D115149,0.9685836,MAIL
D135794,0.0004753368,DO_NOT_MAIL
D120386,0.8986892,DO_NOT_MAIL
D114841,0.8054332,DO_NOT_MAIL
D102205,0.94612527,DO_NOT_MAIL
D106804,0.019109176,DO_NOT_MAIL
D104397,0.9922355,MAIL
D136104,0.77170277,DO_NOT_MAIL
D117168,0.12114266,DO_NOT_MAIL
D111969,0.48687914,DO_NOT_MAIL
D101914,0.9549817,MAIL
D123917,0.16757017,DO_NOT_MAIL
D120619,0.9714092,MAIL
D121212,0.9418153,DO_NOT_MAIL
D129126,0.9257085,DO_NOT_MAIL
D142576,0.025232084,DO_NOT_MAIL
D131824,0.9716717,MAIL
D123206,0.088672966,DO_NOT_MAIL
D111815,0.9462837,DO_NOT_MAIL
D137194,0.37099186,DO_NOT_MAIL
D138244,0.001186419,DO_NOT_MAIL
D109707,0.83830553,DO_NOT_MAIL
D125762,0.004084381,DO_NOT_MAIL
D135408,0.029132996,DO_NOT_MAIL
D100061,0.84136033,DO_NOT_MAIL
D125548,0.030595561,DO_NOT_MAIL
D116808,0.94018435,DO_NOT_MAIL
D127770,0.9937372,MAIL
D124878,0.9552332,MAIL
D135321,0.28119528,DO_NOT_MAIL
D138364,0.0013614856,DO_NOT_MAIL
D130460,0.17375568,DO_NOT_MAIL
D116165,0.88723224,DO_NOT_MAIL
D135624,0.71599865,DO_NOT_MAIL
D117403,0.88891864,DO_NOT_MAIL
D106186,0.8693399,DO_NOT_MAIL
D118382,0.37099186,DO_NOT_MAIL
D116675,0.83709186,DO_NOT_MAIL
D138433,0.9164845,DO_NOT_MAIL
D115685,0.94968665,DO_NOT_MAIL
D143198,0.06956396,DO_NOT_MAIL
D113127,0.94837177,DO_NOT_MAIL
D122031,0.9495193,DO_NOT_MAIL
D143742,0.85751253,DO_NOT_MAIL
D110861,0.6725385,DO_NOT_MAIL
D111598,0.8646775,DO_NOT_MAIL
D144131,0.031955197,DO_NOT_MAIL
D143498,0.0069526094,DO_NOT_MAIL
D141839,0.008776947,DO_NOT_MAIL
D117056,0.73969823,DO_NOT_MAIL
D101997,0.9915882,MAIL
D135891,0.9747672,MAIL
D110588,0.9434021,DO_NOT_MAIL
D116063,0.96558905,MAIL
D129336,0.9217734,DO_NOT_MAIL
D108618,0.2908843,DO_NOT_MAIL
D111849,0.8332882,DO_NOT_MAIL
D122603,0.72434723,DO_NOT_MAIL
D137977,0.8942096,DO_NOT_MAIL
D120966,0.07082343,DO_NOT_MAIL
D125421,0.80441886,DO_NOT_MAIL
D140482,0.07825809,DO_NOT_MAIL
D123311,0.7480704,DO_NOT_MAIL
D116887,0.8698155,DO_NOT_MAIL
D143999,0.0022381032,DO_NOT_MAIL
D143309,0.0075455303,DO_NOT_MAIL
D105138,0.9763776,MAIL
D109928,0.70336944,DO_NOT_MAIL
D120371,0.89545536,DO_NOT_MAIL
D121468,0.8981577,DO_NOT_MAIL
D133833,0.742092,DO_NOT_MAIL
D142790,0.12324441,DO_NOT_MAIL
D110509,0.022243828,DO_NOT_MAIL
D139428,0.07074401,DO_NOT_MAIL
D108281,0.96223414,MAIL
D112538,0.9882647,MAIL
D129242,0.0031789942,DO_NOT_MAIL
D129165,0.11931842,DO_NOT_MAIL
D110427,0.9788836,MAIL
D106208,0.28613627,DO_NOT_MAIL
D141063,0.35540128,DO_NOT_MAIL
D121879,0.007280243,DO_NOT_MAIL
D116061,0.01919964,DO_NOT_MAIL
D108478,0.82066286,DO_NOT_MAIL
D105418,0.076466285,DO_NOT_MAIL
D102153,0.03507888,DO_NOT_MAIL
D139722,0.07511794,DO_NOT_MAIL
D137604,0.9613783,MAIL
D132850,0.6547513,DO_NOT_MAIL
D139126,0.88396496,DO_NOT_MAIL
D108605,0.3817256,DO_NOT_MAIL
D108135,0.88879144,DO_NOT_MAIL
D144405,0.9581196,MAIL
D127420,0.92532676,DO_NOT_MAIL
D122269,0.27128768,DO_NOT_MAIL
D139366,0.3322078,DO_NOT_MAIL
D131473,0.110686205,DO_NOT_MAIL
D129414,0.99001616,MAIL
D117531,0.5093724,DO_NOT_MAIL
D123171,0.88971186,DO_NOT_MAIL
D108933,0.002034848,DO_NOT_MAIL
D136987,0.93887407,DO_NOT_MAIL
D102746,0.16059528,DO_NOT_MAIL
D117957,0.94291514,DO_NOT_MAIL
D102882,0.09527853,DO_NOT_MAIL
D107866,0.9770189,MAIL
D108287,0.8846277,DO_NOT_MAIL
D119088,0.23818226,DO_NOT_MAIL
D124229,0.048924774,DO_NOT_MAIL
D131120,0.0368722,DO_NOT_MAIL
D118629,0.9629351,MAIL
D141194,0.034811623,DO_NOT_MAIL
D121804,0.97138107,MAIL
D135231,0.83505756,DO_NOT_MAIL
D132952,0.90302545,DO_NOT_MAIL
D102750,0.47663742,DO_NOT_MAIL
D108310,0.7646645,DO_NOT_MAIL
D136955,0.035412345,DO_NOT_MAIL
D140943,0.9530213,MAIL
D121447,0.9841928,MAIL
D123918,0.21184802,DO_NOT_MAIL
D104705,0.9337538,DO_NOT_MAIL
D141920,0.03617908,DO_NOT_MAIL
D109278,0.88891864,DO_NOT_MAIL
D124096,0.38244665,DO_NOT_MAIL
D116477,0.19350603,DO_NOT_MAIL
D122512,0.9290283,DO_NOT_MAIL
D138471,0.5539182,DO_NOT_MAIL
D106315,0.03588627,DO_NOT_MAIL
D132220,0.040834416,DO_NOT_MAIL
D119028,0.9701361,MAIL
D115981,0.94558287,DO_NOT_MAIL
D134374,0.63208497,DO_NOT_MAIL
D100955,0.85204154,DO_NOT_MAIL
D103919,0.7738617,DO_NOT_MAIL
D117378,0.69809425,DO_NOT_MAIL
D128412,0.9101504,DO_NOT_MAIL
D108786,0.7597075,DO_NOT_MAIL
D140272,0.033566773,DO_NOT_MAIL
D107557,0.95568097,MAIL
D138570,0.024006188,DO_NOT_MAIL
D125203,0.8162476,DO_NOT_MAIL
D120554,0.7262606,DO_NOT_MAIL
D101987,0.006874483,DO_NOT_MAIL
D114340,0.20839886,DO_NOT_MAIL
D133597,0.007949726,DO_NOT_MAIL
D107429,0.8545162,DO_NOT_MAIL
D128647,0.955618,MAIL
D132335,0.023549557,DO_NOT_MAIL
D134035,0.9693406,MAIL
D105765,0.93806165,DO_NOT_MAIL
D107767,0.8087358,DO_NOT_MAIL
D141512,0.1666131,DO_NOT_MAIL
D107717,0.9654538,MAIL
D124934,0.8638606,DO_NOT_MAIL
D111168,0.9377958,DO_NOT_MAIL
D139172,0.038761683,DO_NOT_MAIL
D141455,0.076073185,DO_NOT_MAIL
D101106,0.9606411,MAIL
D137086,0.9519325,DO_NOT_MAIL
D102208,0.94418365,DO_NOT_MAIL
D110087,0.8852851,DO_NOT_MAIL
D127130,0.65463436,DO_NOT_MAIL
D112492,0.008998614,DO_NOT_MAIL
D140668,0.0134990765,DO_NOT_MAIL
D143614,0.004011177,DO_NOT_MAIL
D100473,0.96470815,MAIL
D114347,0.40061572,DO_NOT_MAIL
D126066,0.83729506,DO_NOT_MAIL
D123392,0.38535616,DO_NOT_MAIL
D110905,0.93300116,DO_NOT_MAIL
D119686,0.9672093,MAIL
D110609,0.69167835,DO_NOT_MAIL
D130157,0.97908825,MAIL
D108644,0.70336944,DO_NOT_MAIL
D130160,0.99192226,MAIL
D126949,0.8665668,DO_NOT_MAIL
D109090,0.12279385,DO_NOT_MAIL
D141735,0.05523914,DO_NOT_MAIL
D127480,0.89446884,DO_NOT_MAIL
D118074,0.9768689,MAIL
D139758,0.97036093,MAIL
D135984,0.47305262,DO_NOT_MAIL
D141698,0.038172312,DO_NOT_MAIL
D112603,0.65463436,DO_NOT_MAIL
D143160,0.0012091801,DO_NOT_MAIL
D126228,0.002890584,DO_NOT_MAIL
D134212,0.97298795,MAIL
D131145,0.8968021,DO_NOT_MAIL
D115712,0.9811509,MAIL
D108587,0.0053665736,DO_NOT_MAIL
D138844,0.012523213,DO_NOT_MAIL
D129855,0.63163364,DO_NOT_MAIL
D129490,0.86891735,DO_NOT_MAIL
D109599,0.9415254,DO_NOT_MAIL
D101135,0.4467686,DO_NOT_MAIL
D119941,0.85608035,DO_NOT_MAIL
D111877,0.9762113,MAIL
D127778,0.02016471,DO_NOT_MAIL
D142937,0.016088588,DO_NOT_MAIL
D123211,0.005180937,DO_NOT_MAIL
D111449,0.47305262,DO_NOT_MAIL
D113262,0.98014534,MAIL
D109095,0.9894521,MAIL
D120582,0.0031959037,DO_NOT_MAIL
D132572,0.42418388,DO_NOT_MAIL
D126015,0.6640927,DO_NOT_MAIL
D134288,0.83709186,DO_NOT_MAIL
D129581,0.8968021,DO_NOT_MAIL
D115420,0.8054332,DO_NOT_MAIL
D135444,0.74878913,DO_NOT_MAIL
D107882,0.9711856,MAIL
D109966,0.038872324,DO_NOT_MAIL
D107101,0.8572682,DO_NOT_MAIL
D129948,0.9583937,MAIL
D120187,0.9217734,DO_NOT_MAIL
D115726,0.86922854,DO_NOT_MAIL
D131742,0.018741868,DO_NOT_MAIL
D140239,0.6294545,DO_NOT_MAIL
D114146,0.9629351,MAIL
D116573,0.83505756,DO_NOT_MAIL
D136804,0.28376108,DO_NOT_MAIL
D114693,0.9869551,MAIL
D118355,0.05524566,DO_NOT_MAIL
D112861,0.9092488,DO_NOT_MAIL
D123438,0.9290283,DO_NOT_MAIL
D115892,0.96011126,MAIL
D140838,0.0027335277,DO_NOT_MAIL
D107329,0.0023503352,DO_NOT_MAIL
D104812,0.10331317,DO_NOT_MAIL
D111567,0.03478863,DO_NOT_MAIL
D141309,0.12758082,DO_NOT_MAIL
D122836,0.011686102,DO_NOT_MAIL
D129429,0.7819923,DO_NOT_MAIL
D120830,0.7861124,DO_NOT_MAIL
D113482,0.47305262,DO_NOT_MAIL
D108514,0.8165528,DO_NOT_MAIL
D108068,0.8611976,DO_NOT_MAIL
D134638,0.043449085,DO_NOT_MAIL
D103586,0.8054332,DO_NOT_MAIL
D137342,0.9225519,DO_NOT_MAIL
D116508,0.97337025,MAIL
D137394,0.9777964,MAIL
D131217,0.6690531,DO_NOT_MAIL
D109255,0.93471134,DO_NOT_MAIL
D131270,0.93077874,DO_NOT_MAIL
D130361,0.8846277,DO_NOT_MAIL
D105530,0.9658472,MAIL
D100626,0.8698155,DO_NOT_MAIL
D139521,0.01372436,DO_NOT_MAIL
D119521,0.9171358,DO_NOT_MAIL
D116366,0.03753763,DO_NOT_MAIL
D114277,0.04844464,DO_NOT_MAIL
D125985,0.7964914,DO_NOT_MAIL
D131491,0.98631525,MAIL
D132248,0.977445,MAIL
D132088,0.8665668,DO_NOT_MAIL
D144259,0.052954216,DO_NOT_MAIL
D105051,0.49970102,DO_NOT_MAIL
D130008,0.9506359,DO_NOT_MAIL
D105453,0.96483654,MAIL
D101444,0.04534023,DO_NOT_MAIL
D142240,0.034875054,DO_NOT_MAIL
D112741,0.7969786,DO_NOT_MAIL
D106487,0.3409318,DO_NOT_MAIL
D120839,0.9358564,DO_NOT_MAIL
D144353,0.021681018,DO_NOT_MAIL
D122542,0.92709506,DO_NOT_MAIL
D123155,0.9720347,MAIL
D135402,0.2851824,DO_NOT_MAIL
D100885,0.96558905,MAIL
D129361,0.37881243,DO_NOT_MAIL
D115836,0.86891735,DO_NOT_MAIL
D120733,0.96448874,MAIL
D119559,0.014307001,DO_NOT_MAIL
D101873,0.9833103,MAIL
D143892,0.009817805,DO_NOT_MAIL
D131194,0.007711718,DO_NOT_MAIL
D133977,0.99034715,MAIL
D116475,0.8077166,DO_NOT_MAIL
D122822,0.36268032,DO_NOT_MAIL
D122107,0.37099186,DO_NOT_MAIL
D115446,0.8555772,DO_NOT_MAIL
D111826,0.24359964,DO_NOT_MAIL
D128354,0.9504516,DO_NOT_MAIL
D144253,0.044008028,DO_NOT_MAIL
D101864,0.15033555,DO_NOT_MAIL
D107235,0.9731653,MAIL
D109763,0.9906871,MAIL
D140068,0.00092165143,DO_NOT_MAIL
D105326,0.013845914,DO_NOT_MAIL
D104512,0.9838995,MAIL
D136450,0.881872,DO_NOT_MAIL
D111254,0.7779819,DO_NOT_MAIL
D130283,0.80390793,DO_NOT_MAIL
D131070,0.00594671,DO_NOT_MAIL
D100817,0.9859474,MAIL
D113314,0.011788053,DO_NOT_MAIL
D101110,0.9658472,MAIL
D130836,0.6750705,DO_NOT_MAIL
D114019,0.9708299,MAIL
D116028,0.9775019,MAIL
D132478,0.9833103,MAIL
D144450,0.21699706,DO_NOT_MAIL
D117735,0.005239115,DO_NOT_MAIL
D120713,0.026142169,DO_NOT_MAIL
D122528,0.85608035,DO_NOT_MAIL
D132118,0.7256304,DO_NOT_MAIL
D126116,0.9715028,MAIL
D142653,0.0027389862,DO_NOT_MAIL
D106124,0.9506359,DO_NOT_MAIL
D132150,0.00023560776,DO_NOT_MAIL
D132465,0.46411532,DO_NOT_MAIL
D121587,0.36774158,DO_NOT_MAIL
D142897,0.016825475,DO_NOT_MAIL
D100560,0.8447092,DO_NOT_MAIL
D106340,0.8073583,DO_NOT_MAIL
D135234,0.99171,MAIL
D126546,0.23716795,DO_NOT_MAIL
D119440,0.8077166,DO_NOT_MAIL
D102981,0.16757017,DO_NOT_MAIL
D141507,0.27642965,DO_NOT_MAIL
D113323,0.40061572,DO_NOT_MAIL
D106637,0.11265695,DO_NOT_MAIL
D124666,0.90179396,DO_NOT_MAIL
D103693,0.96827155,MAIL
D116439,0.9714092,MAIL
D135616,0.14864638,DO_NOT_MAIL
D132691,0.9257085,DO_NOT_MAIL
D104824,0.955618,MAIL
D123747,0.6545905,DO_NOT_MAIL
D109269,0.99152464,MAIL
D136320,0.9294427,DO_NOT_MAIL
D130573,0.016877567,DO_NOT_MAIL
D124523,0.00081445626,DO_NOT_MAIL
D125405,0.011214937,DO_NOT_MAIL
D128098,0.13793617,DO_NOT_MAIL
D101240,0.6469854,DO_NOT_MAIL
D131470,0.0011719224,DO_NOT_MAIL
D103045,0.08125324,DO_NOT_MAIL
D140221,0.35127804,DO_NOT_MAIL
D137880,0.0010542208,DO_NOT_MAIL
D110440,0.0022627304,DO_NOT_MAIL
D134342,0.9415254,DO_NOT_MAIL
D122329,0.20304945,DO_NOT_MAIL
D111695,0.99193174,MAIL
D121448,0.6431161,DO_NOT_MAIL
D101475,0.103347026,DO_NOT_MAIL
D117523,0.020344771,DO_NOT_MAIL
D136028,0.881872,DO_NOT_MAIL
D119929,0.9859474,MAIL
D109668,0.9927463,MAIL
D107160,0.05686013,DO_NOT_MAIL
D140618,0.093133695,DO_NOT_MAIL
D127843,0.8595816,DO_NOT_MAIL
D140284,0.028262865,DO_NOT_MAIL
D103402,0.8235672,DO_NOT_MAIL
D137549,0.718007,DO_NOT_MAIL
D136078,0.96413136,MAIL
D115789,0.8332882,DO_NOT_MAIL
D130138,0.94245774,DO_NOT_MAIL
D130861,0.9588186,MAIL
D135468,0.8555243,DO_NOT_MAIL
D120899,0.96996504,MAIL
D102629,0.99243426,MAIL
D107893,0.005703711,DO_NOT_MAIL
D115059,0.5617754,DO_NOT_MAIL
D131624,0.052559357,DO_NOT_MAIL
D133557,0.0053298413,DO_NOT_MAIL
D109788,0.99034715,MAIL
D117464,0.30155554,DO_NOT_MAIL
D129635,0.43039304,DO_NOT_MAIL
D129486,0.42339548,DO_NOT_MAIL
D124656,0.13438393,DO_NOT_MAIL
D136451,0.96470815,MAIL
D102554,0.0005503645,DO_NOT_MAIL
D126924,0.9788103,MAIL
D113804,0.6816522,DO_NOT_MAIL
D106386,0.9452456,DO_NOT_MAIL
D101298,0.8087358,DO_NOT_MAIL
D133602,0.40438446,DO_NOT_MAIL
D135904,0.13100936,DO_NOT_MAIL
D132014,0.0197718,DO_NOT_MAIL
D137649,0.25504407,DO_NOT_MAIL
D132913,0.9758908,MAIL
D137225,0.6106876,DO_NOT_MAIL
D128337,0.80441886,DO_NOT_MAIL
D125390,0.89545536,DO_NOT_MAIL
D104701,0.03508034,DO_NOT_MAIL
D124903,0.94245774,DO_NOT_MAIL
D101030,0.6469854,DO_NOT_MAIL
D108362,0.94260883,DO_NOT_MAIL
D129915,0.8073583,DO_NOT_MAIL
D112471,0.045111224,DO_NOT_MAIL
D109217,0.8726598,DO_NOT_MAIL
D126214,0.96521676,MAIL
D113160,0.95568097,MAIL
D110816,0.5410151,DO_NOT_MAIL
D106935,0.9862926,MAIL
D104891,0.8538114,DO_NOT_MAIL
D117839,0.8732268,DO_NOT_MAIL
D132406,0.9225519,DO_NOT_MAIL
D126088,0.94260883,DO_NOT_MAIL
D112740,0.62353516,DO_NOT_MAIL
D100518,0.9949838,MAIL
D129009,0.843054,DO_NOT_MAIL
D118589,0.9859477,MAIL
D138320,0.0025026822,DO_NOT_MAIL
D108055,0.8665668,DO_NOT_MAIL
D122974,0.975021,MAIL
D134436,0.8447092,DO_NOT_MAIL
D141694,0.02970645,DO_NOT_MAIL
D135195,0.9540989,MAIL
D118155,0.9009107,DO_NOT_MAIL
D115036,0.9185091,DO_NOT_MAIL
D128440,0.66428727,DO_NOT_MAIL
D138779,0.87192744,DO_NOT_MAIL
D131392,0.9452333,DO_NOT_MAIL
D141251,0.011701637,DO_NOT_MAIL
D101424,0.24627957,DO_NOT_MAIL
D128038,0.9554237,MAIL
D117830,0.9450459,DO_NOT_MAIL
D129115,0.16757017,DO_NOT_MAIL
D124797,0.8881598,DO_NOT_MAIL
D113148,0.96121466,MAIL
D139209,0.05157961,DO_NOT_MAIL
D119048,0.99405515,MAIL
D101634,0.9667681,MAIL
D110356,0.977009,MAIL
D110235,0.3238702,DO_NOT_MAIL
D144026,0.005668389,DO_NOT_MAIL
D106272,0.07527262,DO_NOT_MAIL
D116740,0.9900693,MAIL
D125307,0.9257085,DO_NOT_MAIL
D104262,0.77132523,DO_NOT_MAIL
D112407,0.0013719903,DO_NOT_MAIL
D122076,0.015033708,DO_NOT_MAIL
D100468,0.9548616,MAIL
D133909,0.9358564,DO_NOT_MAIL
D113318,0.90179396,DO_NOT_MAIL
D106990,0.08208379,DO_NOT_MAIL
D103309,0.43296874,DO_NOT_MAIL
D102487,0.09015857,DO_NOT_MAIL
D112450,0.9642926,MAIL
D101070,0.0021656498,DO_NOT_MAIL
D120756,0.9685309,MAIL
D128216,0.97716546,MAIL
D138637,0.9792626,MAIL
D136532,0.0074028005,DO_NOT_MAIL
D142347,0.8985827,DO_NOT_MAIL
D124191,0.00087735703,DO_NOT_MAIL
D127312,0.8698155,DO_NOT_MAIL
D131704,0.955618,MAIL
D134569,0.7332227,DO_NOT_MAIL
D125223,0.7089558,DO_NOT_MAIL
D116889,0.5410151,DO_NOT_MAIL
D104011,0.65463436,DO_NOT_MAIL
D143782,0.23422024,DO_NOT_MAIL
D140887,0.07850448,DO_NOT_MAIL
D128267,0.89545536,DO_NOT_MAIL
D113745,0.831485,DO_NOT_MAIL
D117842,0.5000924,DO_NOT_MAIL
D103715,0.07791777,DO_NOT_MAIL
D109878,0.9009107,DO_NOT_MAIL
D100570,0.020360097,DO_NOT_MAIL
D132046,0.81474036,DO_NOT_MAIL
D103886,0.0052014296,DO_NOT_MAIL
D117240,0.039313983,DO_NOT_MAIL
D139173,0.12406212,DO_NOT_MAIL
D132410,0.8415551,DO_NOT_MAIL
D136690,0.22143121,DO_NOT_MAIL
D117944,0.9441003,DO_NOT_MAIL
D130401,0.9259016,DO_NOT_MAIL
D140186,0.3005145,DO_NOT_MAIL
D116073,0.9434021,DO_NOT_MAIL
D105584,0.82409686,DO_NOT_MAIL
D109020,0.9810497,MAIL
D122029,0.6030842,DO_NOT_MAIL
D126866,0.7304995,DO_NOT_MAIL
D123277,0.092163414,DO_NOT_MAIL
D122682,0.9714092,MAIL
D128305,0.19499972,DO_NOT_MAIL
D124134,0.85204154,DO_NOT_MAIL
D125580,0.9491667,DO_NOT_MAIL
D142259,0.01716529,DO_NOT_MAIL
D123795,0.89608073,DO_NOT_MAIL
D124114,0.42691118,DO_NOT_MAIL
D122778,0.9412208,DO_NOT_MAIL
D122661,0.96921176,MAIL
D136761,0.009801826,DO_NOT_MAIL
D115811,0.9358564,DO_NOT_MAIL
D140979,0.1993193,DO_NOT_MAIL
D104710,0.7037504,DO_NOT_MAIL
D115061,0.43296874,DO_NOT_MAIL
D123110,0.7547664,DO_NOT_MAIL
D101719,0.94483775,DO_NOT_MAIL
D126777,0.012252229,DO_NOT_MAIL
D131965,0.47663742,DO_NOT_MAIL
D118011,0.7392137,DO_NOT_MAIL
D111631,0.001778675,DO_NOT_MAIL
D135032,0.07921511,DO_NOT_MAIL
D100359,0.9225519,DO_NOT_MAIL
D119148,0.48687914,DO_NOT_MAIL
D106503,0.9781587,MAIL
D123045,0.9675739,MAIL
D113291,0.8726598,DO_NOT_MAIL
D113344,0.7089558,DO_NOT_MAIL
D109535,0.19008371,DO_NOT_MAIL
D124315,0.9768689,MAIL
D129246,0.30723515,DO_NOT_MAIL
D122506,0.881872,DO_NOT_MAIL
D143855,0.11609263,DO_NOT_MAIL
D118900,0.87214756,DO_NOT_MAIL
D115112,0.9690147,MAIL
D106053,0.9519325,DO_NOT_MAIL
D124039,0.961997,MAIL
D139700,0.04106415,DO_NOT_MAIL
D128891,0.3817256,DO_NOT_MAIL
D139516,0.110935785,DO_NOT_MAIL
D132134,0.001573238,DO_NOT_MAIL
D142705,0.30580774,DO_NOT_MAIL
D110966,0.8659051,DO_NOT_MAIL
D132217,0.19162925,DO_NOT_MAIL
D133642,0.8726598,DO_NOT_MAIL
D115921,0.99181455,MAIL
D121743,0.40978232,DO_NOT_MAIL
D129745,0.9418153,DO_NOT_MAIL
D134908,0.843054,DO_NOT_MAIL
D121747,0.81131417,DO_NOT_MAIL
D132714,0.07176679,DO_NOT_MAIL
D101621,0.99181455,MAIL
D135211,0.02816177,DO_NOT_MAIL
D125093,0.5399626,DO_NOT_MAIL
D116544,0.76219136,DO_NOT_MAIL
D114178,0.6106876,DO_NOT_MAIL
D100919,0.9642926,MAIL
D132153,0.019416805,DO_NOT_MAIL
D108814,0.9693406,MAIL
D116737,0.3238702,DO_NOT_MAIL
D121518,0.9881572,MAIL
D129780,0.9294427,DO_NOT_MAIL
D110517,0.51842874,DO_NOT_MAIL
D105229,0.80390793,DO_NOT_MAIL
D100660,0.7287747,DO_NOT_MAIL
D128888,0.077840276,DO_NOT_MAIL
D100376,0.59878206,DO_NOT_MAIL
D137798,0.013339154,DO_NOT_MAIL
D115248,0.91683275,DO_NOT_MAIL
D119640,0.8852851,DO_NOT_MAIL
D102164,0.9760435,MAIL
D144310,0.04239559,DO_NOT_MAIL
D108725,0.92521757,DO_NOT_MAIL
D113844,0.9654538,MAIL
D124957,0.98628366,MAIL
D133753,0.0007208418,DO_NOT_MAIL
D114924,0.96996504,MAIL
D135050,0.0026800793,DO_NOT_MAIL
D108924,0.48493963,DO_NOT_MAIL
D140804,0.045367986,DO_NOT_MAIL
D142088,0.7580232,DO_NOT_MAIL
D131814,0.94790465,DO_NOT_MAIL
D121564,0.96483654,MAIL
D139991,0.02024998,DO_NOT_MAIL
D100206,0.54386795,DO_NOT_MAIL
D140921,0.30414805,DO_NOT_MAIL
D107336,0.3238702,DO_NOT_MAIL
D134066,0.3817256,DO_NOT_MAIL
D109760,0.69809425,DO_NOT_MAIL
D111214100,0.9981806,MAIL
D105511,0.94418365,DO_NOT_MAIL
D103321,0.9185091,DO_NOT_MAIL
D113073,0.9916916,MAIL
D136382,0.065638416,DO_NOT_MAIL
D115130,0.8611976,DO_NOT_MAIL
D120688,0.9701361,MAIL
D127293,0.24646468,DO_NOT_MAIL
D103331,0.96617204,MAIL
D110895,0.7287747,DO_NOT_MAIL
D136858,0.94245774,DO_NOT_MAIL
D102172,0.8619678,DO_NOT_MAIL
D129653,0.97124714,MAIL
D134942,0.5001368,DO_NOT_MAIL
D104977,0.7332227,DO_NOT_MAIL
D142857,0.39008322,DO_NOT_MAIL
D111380,0.027395928,DO_NOT_MAIL
D133717,0.970204,MAIL
D125081,0.75791436,DO_NOT_MAIL
D128498,0.9274354,DO_NOT_MAIL
D118095,0.9132189,DO_NOT_MAIL
D114024,0.36268032,DO_NOT_MAIL
D138542,0.09241406,DO_NOT_MAIL
D111500,0.9844475,MAIL
D109415,0.32108498,DO_NOT_MAIL
D104335,0.87505645,DO_NOT_MAIL
D128192,0.5943451,DO_NOT_MAIL
D113327,0.04493063,DO_NOT_MAIL
D103485,0.88879144,DO_NOT_MAIL
D141233,0.048100777,DO_NOT_MAIL
D122710,0.9667681,MAIL
D126132,0.41598755,DO_NOT_MAIL
D134907,0.07366095,DO_NOT_MAIL
D112391,0.97578216,MAIL
D101669,0.9458556,DO_NOT_MAIL
D118456,0.9690147,MAIL
D110419,0.9932921,MAIL
D125610,0.95294404,MAIL
D126248,0.9455374,DO_NOT_MAIL
D111686,0.075198136,DO_NOT_MAIL
D134840,0.7597075,DO_NOT_MAIL
D100689,0.8332882,DO_NOT_MAIL
D121689,0.026509978,DO_NOT_MAIL
D133892,0.00021137182,DO_NOT_MAIL
D123541,0.98307866,MAIL
D116931,0.98895055,MAIL
D139491,0.4665708,DO_NOT_MAIL
D134945,0.053042814,DO_NOT_MAIL
D102043,0.9610854,MAIL
D132881,0.49466342,DO_NOT_MAIL
D115432,0.095113635,DO_NOT_MAIL
D109669,0.9720347,MAIL
D128408,0.992718,MAIL
D143759,0.0010108491,DO_NOT_MAIL
D118962,0.8163007,DO_NOT_MAIL
D116513,0.014552966,DO_NOT_MAIL
D105838,0.0011436592,DO_NOT_MAIL
D109127,0.7927497,DO_NOT_MAIL
D101822,0.9820555,MAIL
D118734,0.83709186,DO_NOT_MAIL
D115942,0.9274354,DO_NOT_MAIL
D113901,0.5410151,DO_NOT_MAIL
D113002,0.04107158,DO_NOT_MAIL
D139522,0.008880084,DO_NOT_MAIL
D124825,0.9302993,DO_NOT_MAIL
D115035,0.73969823,DO_NOT_MAIL
D117111,0.8576082,DO_NOT_MAIL
D105602,0.81474036,DO_NOT_MAIL
D135229,0.69809425,DO_NOT_MAIL
D135693,0.021701716,DO_NOT_MAIL
D104154,0.00013682443,DO_NOT_MAIL
D122287,0.9003407,DO_NOT_MAIL
D107379,0.970204,MAIL
D117969,0.98377293,MAIL
D143042,0.99349385,MAIL
D119321,0.9025419,DO_NOT_MAIL
D127243,0.036603544,DO_NOT_MAIL
D118602,0.87721014,DO_NOT_MAIL
D143086,0.3681209,DO_NOT_MAIL
D128049,0.009151393,DO_NOT_MAIL
D126440,0.9428203,DO_NOT_MAIL
D122586,0.85991716,DO_NOT_MAIL
D130993,0.93474895,DO_NOT_MAIL
D136894,0.13037197,DO_NOT_MAIL
D116515,0.9900693,MAIL
D123688,0.31824297,DO_NOT_MAIL
D121949,0.025123985,DO_NOT_MAIL
D129466,0.9685309,MAIL
D116957,0.005255841,DO_NOT_MAIL
D106606,0.8910317,DO_NOT_MAIL
D136274,0.8812784,DO_NOT_MAIL
D143496,0.109593935,DO_NOT_MAIL
D124146,0.85991716,DO_NOT_MAIL
D129354,0.5000924,DO_NOT_MAIL
D132243,0.8479758,DO_NOT_MAIL
D100687,0.0047706743,DO_NOT_MAIL
D112515,0.5943451,DO_NOT_MAIL
D142759,0.2049316,DO_NOT_MAIL
D106137,0.227697,DO_NOT_MAIL
D104595,0.89545536,DO_NOT_MAIL
D127308,0.89608073,DO_NOT_MAIL
D119073,0.8983231,DO_NOT_MAIL
D132963,0.96121466,MAIL
D111668,0.96596277,MAIL
D111746,0.96827155,MAIL
D114368,0.36223808,DO_NOT_MAIL
D143756,0.0004586982,DO_NOT_MAIL
D137058,0.9690147,MAIL
D111927,0.0971654,DO_NOT_MAIL
D141958,0.002579374,DO_NOT_MAIL
D125489,0.9212338,DO_NOT_MAIL
D108029,0.11489365,DO_NOT_MAIL
D143241,0.16520877,DO_NOT_MAIL
D131148,0.9418153,DO_NOT_MAIL
D109074,0.0029974293,DO_NOT_MAIL
D132726,0.6404344,DO_NOT_MAIL
D141848,0.13088018,DO_NOT_MAIL
D115580,0.81474036,DO_NOT_MAIL
D113809,0.9881572,MAIL
D109898,0.25656664,DO_NOT_MAIL
D116089,0.69868493,DO_NOT_MAIL
D140397,0.00032785613,DO_NOT_MAIL
D108154,0.8576082,DO_NOT_MAIL
D114372,0.9470951,DO_NOT_MAIL
D111442,0.47305262,DO_NOT_MAIL
D132268,0.92150646,DO_NOT_MAIL
D142951,0.997883,MAIL
D126739,0.40328544,DO_NOT_MAIL
D115840,0.028420076,DO_NOT_MAIL
D123637,0.8288009,DO_NOT_MAIL
D104071,0.005861803,DO_NOT_MAIL
D140891,0.0022473983,DO_NOT_MAIL
D141489,0.00180442,DO_NOT_MAIL
D119669,0.9760435,MAIL
D103001,0.8892487,DO_NOT_MAIL
D102278,0.3798891,DO_NOT_MAIL
D119510,0.8276394,DO_NOT_MAIL
D105844,0.5139931,DO_NOT_MAIL
D135497,0.11906347,DO_NOT_MAIL
D130575,0.9812448,MAIL
D114457,0.74183184,DO_NOT_MAIL
D131825,0.030603405,DO_NOT_MAIL
D100236,0.0005515153,DO_NOT_MAIL
D135769,0.96184963,MAIL
D137783,0.37769026,DO_NOT_MAIL
D110804,0.9895745,MAIL
D127182,0.74183184,DO_NOT_MAIL
D131602,0.07439072,DO_NOT_MAIL
D120126,0.37099186,DO_NOT_MAIL
D142655,0.87439793,DO_NOT_MAIL
D140510,0.025787555,DO_NOT_MAIL
D124512,0.8193808,DO_NOT_MAIL
D124100,0.03155512,DO_NOT_MAIL
D141572,0.004845037,DO_NOT_MAIL
D105618,0.063874245,DO_NOT_MAIL
D116332,0.48687914,DO_NOT_MAIL
D102106,0.83528817,DO_NOT_MAIL
D113679,0.6199038,DO_NOT_MAIL
D122483,0.86032593,DO_NOT_MAIL
D101031,0.9669261,MAIL
D123501,0.97271967,MAIL
D106330,0.00016267157,DO_NOT_MAIL
D131459,0.9924231,MAIL
D102959,0.03083426,DO_NOT_MAIL
D129275,0.7287747,DO_NOT_MAIL
D110742,0.98464113,MAIL
D101656,0.13129374,DO_NOT_MAIL
D144217,0.9249033,DO_NOT_MAIL
D105216,0.5139931,DO_NOT_MAIL
D112722,0.0009827,DO_NOT_MAIL
D113010,0.013725327,DO_NOT_MAIL
D110072,0.9714092,MAIL
D142300,0.09254772,DO_NOT_MAIL
D123302,0.9519325,DO_NOT_MAIL
D127196,0.017801497,DO_NOT_MAIL
D107310,0.6431161,DO_NOT_MAIL
D130586,0.041323256,DO_NOT_MAIL
D113048,0.9606411,MAIL
D110491,0.8563483,DO_NOT_MAIL
D126810,0.16463098,DO_NOT_MAIL
D111951,0.33540416,DO_NOT_MAIL
D131649,0.10637173,DO_NOT_MAIL
D134867,0.9105622,DO_NOT_MAIL
D143716,0.023135478,DO_NOT_MAIL
D103799,0.96521676,MAIL
D133448,0.79660517,DO_NOT_MAIL
D110516,0.81474036,DO_NOT_MAIL
D106792,0.9748004,MAIL
D111276,0.21742715,DO_NOT_MAIL
D143196,0.9096973,DO_NOT_MAIL
D109038,0.018543202,DO_NOT_MAIL
D111931,0.8572682,DO_NOT_MAIL
D141118,0.40430596,DO_NOT_MAIL
D123489,0.009202346,DO_NOT_MAIL
D108746,0.94440866,DO_NOT_MAIL
D118385,0.9257085,DO_NOT_MAIL
D126638,0.39055604,DO_NOT_MAIL
D105451,0.87722886,DO_NOT_MAIL
D141611,0.010963061,DO_NOT_MAIL
D115897,0.8987183,DO_NOT_MAIL
D142166,0.004686442,DO_NOT_MAIL
D144459,0.8852851,DO_NOT_MAIL
D114967,0.9777964,MAIL
D101351,0.8809452,DO_NOT_MAIL
D105722,0.48687914,DO_NOT_MAIL
D132012,0.40061572,DO_NOT_MAIL
D107024,0.63365906,DO_NOT_MAIL
D101820,0.59878206,DO_NOT_MAIL
D106859,0.01805607,DO_NOT_MAIL
D114675,0.9349788,DO_NOT_MAIL
D130927,0.91694176,DO_NOT_MAIL
D143015,0.014446068,DO_NOT_MAIL
D139589,0.038085774,DO_NOT_MAIL
D110394,0.5753784,DO_NOT_MAIL
D137989,0.007116168,DO_NOT_MAIL
D108502,0.029201457,DO_NOT_MAIL
D128225,0.36268032,DO_NOT_MAIL
D108413,0.98287404,MAIL
D117858,0.9443709,DO_NOT_MAIL
D122819,0.96558905,MAIL
D135820,0.049674097,DO_NOT_MAIL
D140645,0.32168776,DO_NOT_MAIL
D121559,0.1001947,DO_NOT_MAIL
D100852,0.99181455,MAIL
D127207,0.01874733,DO_NOT_MAIL
D137180,0.92751646,DO_NOT_MAIL
D116733,0.96827155,MAIL
D111133,0.62193674,DO_NOT_MAIL
D110415,0.83729506,DO_NOT_MAIL
D100845,0.9811509,MAIL
D124687,0.0027495068,DO_NOT_MAIL
D120396,0.657778,DO_NOT_MAIL
D123958,0.35538337,DO_NOT_MAIL
D136353,0.4432591,DO_NOT_MAIL
D120957,0.99192226,MAIL
D143870,0.00012103531,DO_NOT_MAIL
D109511,0.7287747,DO_NOT_MAIL
D110697,0.9681835,MAIL
D134051,0.40300718,DO_NOT_MAIL
D131882,0.96522987,MAIL
D101349,0.97908825,MAIL
D113316,0.6106876,DO_NOT_MAIL
D121267,0.94287115,DO_NOT_MAIL
D138288,0.014371693,DO_NOT_MAIL
D101336,0.987329,MAIL
D114474,0.8810793,DO_NOT_MAIL
D135285,0.5243425,DO_NOT_MAIL
D142084,0.1129891,DO_NOT_MAIL
D137506,0.9656056,MAIL
D107550,0.97877216,MAIL
D128502,0.7889207,DO_NOT_MAIL
D143802,0.030007573,DO_NOT_MAIL
D128982,0.26452774,DO_NOT_MAIL
D138758,0.97518086,MAIL
D132432,0.036986955,DO_NOT_MAIL
D114063,0.8447092,DO_NOT_MAIL
D135802,0.2880708,DO_NOT_MAIL
D114011,0.7332227,DO_NOT_MAIL
D137281,0.4507605,DO_NOT_MAIL
D102274,0.0038425385,DO_NOT_MAIL
D117124,0.5556154,DO_NOT_MAIL
D102059,0.9610854,MAIL
D123011,0.99181455,MAIL
D114044,0.9644497,MAIL
D121199,0.9799463,MAIL
D106939,0.075664476,DO_NOT_MAIL
D141270,0.3922172,DO_NOT_MAIL
D129105,0.91901773,DO_NOT_MAIL
D131060,0.90379035,DO_NOT_MAIL
D122864,0.8399911,DO_NOT_MAIL
D115588,0.5992744,DO_NOT_MAIL
D123498,0.7681719,DO_NOT_MAIL
D124402,0.17841983,DO_NOT_MAIL
D125626,0.012395797,DO_NOT_MAIL
D124734,0.12718897,DO_NOT_MAIL
D141776,0.21744229,DO_NOT_MAIL
D119327,0.96223414,MAIL
D104083,0.07476528,DO_NOT_MAIL
D109353,0.90179396,DO_NOT_MAIL
D108508,0.26111245,DO_NOT_MAIL
D101028,0.8546097,DO_NOT_MAIL
D131598,0.8989707,DO_NOT_MAIL
D114379,0.98499227,MAIL
D140238,0.055242836,DO_NOT_MAIL
D114659,0.7089558,DO_NOT_MAIL
D112359,0.96245515,MAIL
D102279,0.039458964,DO_NOT_MAIL
D121209,0.0032523458,DO_NOT_MAIL
D114482,0.80955744,DO_NOT_MAIL
D134400,0.8211532,DO_NOT_MAIL
D106492,0.9605833,MAIL
D118854,0.99004793,MAIL
D143731,0.00043067898,DO_NOT_MAIL
D142999,0.0044772085,DO_NOT_MAIL
D116215,0.04151854,DO_NOT_MAIL
D113596,0.9415254,DO_NOT_MAIL
D126741,0.6431161,DO_NOT_MAIL
D110210,0.9777964,MAIL
D130270,0.9225519,DO_NOT_MAIL
D101009,0.9701361,MAIL
D141752,0.49986294,DO_NOT_MAIL
D102346,0.015579931,DO_NOT_MAIL
D108837,0.36746296,DO_NOT_MAIL
D140052,0.06873802,DO_NOT_MAIL
D111803,0.02661397,DO_NOT_MAIL
D129129,0.38244665,DO_NOT_MAIL
D106149,0.0006888837,DO_NOT_MAIL
D131712,0.9491667,DO_NOT_MAIL
D116591,0.8054332,DO_NOT_MAIL
D116599,0.5410151,DO_NOT_MAIL
D120803,0.8165528,DO_NOT_MAIL
D137608,0.47305262,DO_NOT_MAIL
D100003,0.0028912344,DO_NOT_MAIL
D136536,0.85991716,DO_NOT_MAIL
D107917,0.85991716,DO_NOT_MAIL
D136867,0.0016833424,DO_NOT_MAIL
D137788,0.08480797,DO_NOT_MAIL
D128951,0.9624114,MAIL
D137221,0.40978232,DO_NOT_MAIL
D110297,0.8555772,DO_NOT_MAIL
D136706,0.8764,DO_NOT_MAIL
D111226,0.68492514,DO_NOT_MAIL
D122813,0.9606411,MAIL
D130184,0.0605545,DO_NOT_MAIL
D114169,0.036029723,DO_NOT_MAIL
D134794,0.9748004,MAIL
D104687,0.013922815,DO_NOT_MAIL
D108541,0.7332227,DO_NOT_MAIL
D134516,0.26643407,DO_NOT_MAIL
D123215,0.77132523,DO_NOT_MAIL
D144337,0.08195442,DO_NOT_MAIL
D131111,0.5121094,DO_NOT_MAIL
D115694,0.9602031,MAIL
D119656,0.94440866,DO_NOT_MAIL
D120147,0.022178266,DO_NOT_MAIL
D103643,0.93025255,DO_NOT_MAIL
D141113,0.34250897,DO_NOT_MAIL
D127450,0.9212338,DO_NOT_MAIL
D117923,0.88879144,DO_NOT_MAIL
D102513,0.023883993,DO_NOT_MAIL
D140182,0.075851545,DO_NOT_MAIL
D123937,0.9232493,DO_NOT_MAIL
D119229,0.9305908,DO_NOT_MAIL
D114217,0.96551836,MAIL
D118207,0.8572682,DO_NOT_MAIL
D121540,0.046299048,DO_NOT_MAIL
D111079,0.78161925,DO_NOT_MAIL
D115954,0.9057109,DO_NOT_MAIL
D118654,0.8619678,DO_NOT_MAIL
D103658,0.019305658,DO_NOT_MAIL
D123800,0.9642926,MAIL
D104295,0.9614345,MAIL
D138655,0.9701578,MAIL
D114037,0.9993794,MAIL
D101554,0.1819762,DO_NOT_MAIL
D120512,0.97521484,MAIL
D130609,0.95690113,MAIL
D116632,0.8881307,DO_NOT_MAIL
D143698,0.085508,DO_NOT_MAIL
D101458,0.94288254,DO_NOT_MAIL
D139149,0.036198907,DO_NOT_MAIL
D142111,0.0012927282,DO_NOT_MAIL
D136834,0.9135585,DO_NOT_MAIL
D107950,0.8814339,DO_NOT_MAIL
D123640,0.10436145,DO_NOT_MAIL
D138856,0.40094885,DO_NOT_MAIL
D119361,0.9519325,DO_NOT_MAIL
D132933,0.8399911,DO_NOT_MAIL
D112649,0.9334319,DO_NOT_MAIL
D141531,0.90856224,DO_NOT_MAIL
D128981,0.9544166,MAIL
D143729,0.0017794584,DO_NOT_MAIL
D122347,0.28688198,DO_NOT_MAIL
D126623,0.9418153,DO_NOT_MAIL
D125503,0.93471134,DO_NOT_MAIL
D103059,0.06975213,DO_NOT_MAIL
D137607,0.05018483,DO_NOT_MAIL
D136646,0.2696763,DO_NOT_MAIL
D119269,0.975021,MAIL
D116614,0.9905811,MAIL
D104305,0.9217734,DO_NOT_MAIL
D129549,0.9377958,DO_NOT_MAIL
D112534,0.7332227,DO_NOT_MAIL
D109677,0.6106876,DO_NOT_MAIL
D121656,0.9615289,MAIL
D117070,4.9553702e-05,DO_NOT_MAIL
D133956,0.7236768,DO_NOT_MAIL
D114879,0.23608112,DO_NOT_MAIL
D120655,0.954769,MAIL
D125165,0.8916998,DO_NOT_MAIL
D120748,0.47305262,DO_NOT_MAIL
D137560,0.9452333,DO_NOT_MAIL
D143975,0.012936768,DO_NOT_MAIL
D143318,0.02020241,DO_NOT_MAIL
D140541,0.88477653,DO_NOT_MAIL
D106140,0.8077166,DO_NOT_MAIL
D130509,0.9685836,MAIL
D123705,0.0011205277,DO_NOT_MAIL
D122119,0.63461775,DO_NOT_MAIL
D107922,0.92095155,DO_NOT_MAIL
D118338,0.97138107,MAIL
D111666,0.9903143,MAIL
D137743,0.92924,DO_NOT_MAIL
D118407,0.70989704,DO_NOT_MAIL
D124387,0.824826,DO_NOT_MAIL
D143778,0.8987678,DO_NOT_MAIL
D112230,0.9821608,MAIL
D115769,0.9624114,MAIL
D115747,0.9881572,MAIL
D102414,0.00014658594,DO_NOT_MAIL
D103754,0.015653888,DO_NOT_MAIL
D107404,0.90744495,DO_NOT_MAIL
D101409,0.24997425,DO_NOT_MAIL
D123090,0.22016679,DO_NOT_MAIL
D133777,0.033861816,DO_NOT_MAIL
D117701,0.62193674,DO_NOT_MAIL
D121691,0.85608035,DO_NOT_MAIL
D107415,0.7177682,DO_NOT_MAIL
D109697,0.0003652704,DO_NOT_MAIL
D103772,0.5089817,DO_NOT_MAIL
D128988,0.6753993,DO_NOT_MAIL
D138901,0.2805989,DO_NOT_MAIL
D111260,0.9696735,MAIL
D115834,0.9900693,MAIL
D136636,0.07138245,DO_NOT_MAIL
D109778,0.018165374,DO_NOT_MAIL
D137346,0.47595188,DO_NOT_MAIL
D121666,0.5139931,DO_NOT_MAIL
D120389,0.06023093,DO_NOT_MAIL
D137315,0.81474036,DO_NOT_MAIL
D116311,0.7480704,DO_NOT_MAIL
D109595,0.06214599,DO_NOT_MAIL
D109654,0.9415254,DO_NOT_MAIL
D101315,0.8881598,DO_NOT_MAIL
D135561,0.055363297,DO_NOT_MAIL
D138337,0.21870494,DO_NOT_MAIL
D133725,0.9900693,MAIL
D108196,0.008446454,DO_NOT_MAIL
D122243,0.9581196,MAIL
D130944,0.12000937,DO_NOT_MAIL
D104706,0.5943451,DO_NOT_MAIL
D105630,0.7392137,DO_NOT_MAIL
D116465,0.9225519,DO_NOT_MAIL
D133305,0.9533196,MAIL
D127358,0.7969786,DO_NOT_MAIL
D122532,0.8838868,DO_NOT_MAIL
D123509,0.97171783,MAIL
D109451,0.83729506,DO_NOT_MAIL
D105382,0.8809452,DO_NOT_MAIL
D117203,0.014131466,DO_NOT_MAIL
D121144,0.29273427,DO_NOT_MAIL
D111889,0.21494243,DO_NOT_MAIL
D136733,0.33466834,DO_NOT_MAIL
D141532,0.041528206,DO_NOT_MAIL
D119681,0.8883942,DO_NOT_MAIL
D109349,0.5113758,DO_NOT_MAIL
D138049,0.043337747,DO_NOT_MAIL
D120522,0.97138107,MAIL
D103989,0.9006484,DO_NOT_MAIL
D112946,0.8722838,DO_NOT_MAIL
D116549,0.9259016,DO_NOT_MAIL
D135017,0.0017780318,DO_NOT_MAIL
D141814,0.054754462,DO_NOT_MAIL
D133532,0.59878206,DO_NOT_MAIL
D106328,0.27457777,DO_NOT_MAIL
D137625,0.9740155,MAIL
D105338,0.6913615,DO_NOT_MAIL
D115584,0.076774165,DO_NOT_MAIL
D134231,0.64204645,DO_NOT_MAIL
D114789,0.89545536,DO_NOT_MAIL
D119437,0.958693,MAIL
D142804,0.033494696,DO_NOT_MAIL
D107918,0.006140772,DO_NOT_MAIL
D142968,0.00600466,DO_NOT_MAIL
D111114,0.5617754,DO_NOT_MAIL
D119111,0.9412208,DO_NOT_MAIL
D126354,0.6547513,DO_NOT_MAIL
D109162,0.16911954,DO_NOT_MAIL
D124427,0.0034815758,DO_NOT_MAIL
D113900,0.009759431,DO_NOT_MAIL
D130828,0.12385522,DO_NOT_MAIL
D142322,0.022263365,DO_NOT_MAIL
D102073,0.062774636,DO_NOT_MAIL
D135054,0.8276394,DO_NOT_MAIL
D125968,0.00021741774,DO_NOT_MAIL
D126025,0.0001316766,DO_NOT_MAIL
D104186,0.121190295,DO_NOT_MAIL
D128959,0.004830577,DO_NOT_MAIL
D136396,0.15570492,DO_NOT_MAIL
D115559,0.7480704,DO_NOT_MAIL
D141659,0.020156108,DO_NOT_MAIL
D127686,0.69809425,DO_NOT_MAIL
D136629,0.46942994,DO_NOT_MAIL
D127651,0.14528659,DO_NOT_MAIL
D135210,0.9583937,MAIL
D104037,0.8968021,DO_NOT_MAIL
D104147,0.86546576,DO_NOT_MAIL
D107532,0.010101338,DO_NOT_MAIL
D124947,0.35057503,DO_NOT_MAIL
D106281,0.5617754,DO_NOT_MAIL
D119227,0.9606411,MAIL
D119014,0.8546097,DO_NOT_MAIL
D120723,0.9105622,DO_NOT_MAIL
D111863,0.7113175,DO_NOT_MAIL
D143702,0.007195382,DO_NOT_MAIL
D133234,0.96004707,MAIL
D117188,0.6240543,DO_NOT_MAIL
D109883,0.964464,MAIL
D114251,0.9640741,MAIL
D138963,0.077012405,DO_NOT_MAIL
D137488,0.9623464,MAIL
D140371,0.33767998,DO_NOT_MAIL
D130360,0.9781587,MAIL
D135441,0.3422345,DO_NOT_MAIL
D127561,0.018148888,DO_NOT_MAIL
D120063,0.83729506,DO_NOT_MAIL
D105675,0.0016295818,DO_NOT_MAIL
D116085,0.79660517,DO_NOT_MAIL
D132177,0.9869757,MAIL
D125128,0.96558905,MAIL
D114671,0.7776378,DO_NOT_MAIL
D109085,0.81654066,DO_NOT_MAIL
D111085,0.87721014,DO_NOT_MAIL
D123014,0.0816285,DO_NOT_MAIL
D104559,0.19162925,DO_NOT_MAIL
D100228,4.570677e-05,DO_NOT_MAIL
D120149,0.93728566,DO_NOT_MAIL
D137516,0.9799463,MAIL
D125321,0.21323186,DO_NOT_MAIL
D125760,0.94418365,DO_NOT_MAIL
D121143,0.9834034,MAIL
D108544,0.86922854,DO_NOT_MAIL
D134727,0.19255354,DO_NOT_MAIL
D136455,0.8101225,DO_NOT_MAIL
D143467,0.9068667,DO_NOT_MAIL
D102222,0.4615115,DO_NOT_MAIL
D130707,0.006723078,DO_NOT_MAIL
D100883,0.8165528,DO_NOT_MAIL
D130801,0.80390793,DO_NOT_MAIL
D128632,0.97521484,MAIL
D130930,0.02522325,DO_NOT_MAIL
D144280,0.0042298157,DO_NOT_MAIL
D129037,0.8665668,DO_NOT_MAIL
D124983,0.8638606,DO_NOT_MAIL
D135008,0.85706615,DO_NOT_MAIL
D127423,0.9426163,DO_NOT_MAIL
D126098,0.28096756,DO_NOT_MAIL
D108622,0.7332227,DO_NOT_MAIL
D104732,0.967649,MAIL
D121358,0.92095155,DO_NOT_MAIL
D134911,0.85991716,DO_NOT_MAIL
D129218,0.9779627,MAIL
D113050,0.048054043,DO_NOT_MAIL
D111752,0.07595406,DO_NOT_MAIL
D130371,0.977445,MAIL
D105708,0.06917609,DO_NOT_MAIL
D114548,0.9412208,DO_NOT_MAIL
D121106,0.99192226,MAIL
D109730,0.9639058,MAIL
D113594,0.049919512,DO_NOT_MAIL
D139638,0.14219233,DO_NOT_MAIL
D142208,0.46298966,DO_NOT_MAIL
D102713,0.9639058,MAIL
D130100,0.958693,MAIL
D144196,0.37388474,DO_NOT_MAIL
D117427,0.29273427,DO_NOT_MAIL
D118824,0.03838555,DO_NOT_MAIL
D111617,0.94288254,DO_NOT_MAIL
D131221,0.9908636,MAIL
D116046,0.7931681,DO_NOT_MAIL
D117641,0.00028658073,DO_NOT_MAIL
D100216,0.83710456,DO_NOT_MAIL
D129036,0.6785146,DO_NOT_MAIL
D116943,0.0697608,DO_NOT_MAIL
D128137,0.1654854,DO_NOT_MAIL
D103385,0.9452333,DO_NOT_MAIL
D133703,0.7389325,DO_NOT_MAIL
D121404,0.9901883,MAIL
D103696,0.73453957,DO_NOT_MAIL
D120052,0.9583937,MAIL
D111345,0.47663742,DO_NOT_MAIL
D142332,0.12790325,DO_NOT_MAIL
D144140,0.049119975,DO_NOT_MAIL
D134708,0.76911116,DO_NOT_MAIL
D107904,0.95227355,MAIL
D143800,0.0106079625,DO_NOT_MAIL
D115482,0.8427521,DO_NOT_MAIL
D101596,0.79437804,DO_NOT_MAIL
D127242,0.9602031,MAIL
D103054,0.8961919,DO_NOT_MAIL
D144379,0.05086627,DO_NOT_MAIL
D139907,0.15725486,DO_NOT_MAIL
D131934,0.092163414,DO_NOT_MAIL
D117987,0.9583937,MAIL
D121251,0.718007,DO_NOT_MAIL
D110056,0.9463768,DO_NOT_MAIL
D106558,0.0021607042,DO_NOT_MAIL
D113772,0.017191261,DO_NOT_MAIL
D131529,0.00037692327,DO_NOT_MAIL
D134549,0.97877216,MAIL
D120511,0.59878206,DO_NOT_MAIL
D130052,0.494649,DO_NOT_MAIL
D123374,0.94837177,DO_NOT_MAIL
D117719,0.018156383,DO_NOT_MAIL
D110259,0.991771,MAIL
D110090,0.9418153,DO_NOT_MAIL
D140955,0.0010340859,DO_NOT_MAIL
D128084,0.8726598,DO_NOT_MAIL
D105369,0.1466844,DO_NOT_MAIL
D113265,0.62060946,DO_NOT_MAIL
D140647,0.0029740639,DO_NOT_MAIL
D114174,0.86922854,DO_NOT_MAIL
D124620,0.8852851,DO_NOT_MAIL
D139093,0.16603999,DO_NOT_MAIL
D142816,0.054441094,DO_NOT_MAIL
D132066,0.881872,DO_NOT_MAIL
D126299,0.12894715,DO_NOT_MAIL
D141037,0.07586657,DO_NOT_MAIL
D103390,0.057065725,DO_NOT_MAIL
D137140,0.9418153,DO_NOT_MAIL
D139203,0.1518592,DO_NOT_MAIL
D112550,0.0020052742,DO_NOT_MAIL
D125106,0.006193046,DO_NOT_MAIL
D130064,0.059449054,DO_NOT_MAIL
D115182,0.013759077,DO_NOT_MAIL
D137399,0.3817256,DO_NOT_MAIL
D136875,0.8434482,DO_NOT_MAIL
D112420,0.9629351,MAIL
D101807,0.96470815,MAIL
D141054,0.07364804,DO_NOT_MAIL
D140957,0.07259085,DO_NOT_MAIL
D121390,0.97271967,MAIL
D137155,0.97373116,MAIL
D122333,0.9859474,MAIL
D140074,0.036997493,DO_NOT_MAIL
D122563,0.9913448,MAIL
D134164,0.71599865,DO_NOT_MAIL
D128407,0.025853558,DO_NOT_MAIL
D140572,0.020403296,DO_NOT_MAIL
D113916,0.005020976,DO_NOT_MAIL
D101207,0.8332882,DO_NOT_MAIL
D110787,0.9685309,MAIL
D117121,0.37099186,DO_NOT_MAIL
D139144,0.015246481,DO_NOT_MAIL
D114870,0.81474036,DO_NOT_MAIL
D105027,0.8165528,DO_NOT_MAIL
D141799,0.31722242,DO_NOT_MAIL
D112784,0.7889207,DO_NOT_MAIL
D122878,0.9101504,DO_NOT_MAIL
D142231,0.029223852,DO_NOT_MAIL
D138295,0.9498495,DO_NOT_MAIL
D110254,0.7646645,DO_NOT_MAIL
D136726,0.9915011,MAIL
D144638,0.90302545,DO_NOT_MAIL
D109295,0.88879144,DO_NOT_MAIL
D108250,0.69809425,DO_NOT_MAIL
D113753,0.80736387,DO_NOT_MAIL
D135436,0.03102168,DO_NOT_MAIL
D122373,0.97337025,MAIL
D102149,0.9062348,DO_NOT_MAIL
D143209,0.44678733,DO_NOT_MAIL
D132349,0.70336944,DO_NOT_MAIL
D125255,0.9833103,MAIL
D129699,0.8846277,DO_NOT_MAIL
D107785,0.15764762,DO_NOT_MAIL
D123101,0.94837177,DO_NOT_MAIL
D138114,0.15042643,DO_NOT_MAIL
D114942,0.040932495,DO_NOT_MAIL
D136716,0.9101504,DO_NOT_MAIL
D125579,0.4507605,DO_NOT_MAIL
D111348,0.39663163,DO_NOT_MAIL
D105396,0.8595816,DO_NOT_MAIL
D129966,0.7969786,DO_NOT_MAIL
D135844,0.002323103,DO_NOT_MAIL
D137794,0.9788905,MAIL
D105897,0.00038068191,DO_NOT_MAIL
D136587,0.88981384,DO_NOT_MAIL
D111193,0.992475,MAIL
D100827,0.8087358,DO_NOT_MAIL
D118607,0.4185214,DO_NOT_MAIL
D123255,0.8609448,DO_NOT_MAIL
D119311,0.8883942,DO_NOT_MAIL
D124568,0.99224687,MAIL
D124087,0.0011149468,DO_NOT_MAIL
D125712,0.85481644,DO_NOT_MAIL
D120922,0.95713276,MAIL
D103467,0.67464757,DO_NOT_MAIL
D102085,0.98499227,MAIL
D142026,0.23215602,DO_NOT_MAIL
D134000,0.60304064,DO_NOT_MAIL
D138989,0.022272553,DO_NOT_MAIL
D143878,0.020687386,DO_NOT_MAIL
D120850,0.83709186,DO_NOT_MAIL
D118122,0.9781587,MAIL
D108532,0.98946196,MAIL
D107837,0.009134364,DO_NOT_MAIL
D115693,0.6545905,DO_NOT_MAIL
D136208,0.96432096,MAIL
D116371,0.8211532,DO_NOT_MAIL
D140260,0.080682114,DO_NOT_MAIL
D127908,0.9942363,MAIL
D124044,0.9632459,MAIL
D125383,0.62865615,DO_NOT_MAIL
D141724,0.0009908383,DO_NOT_MAIL
D103170,0.009158555,DO_NOT_MAIL
D141368,0.63945264,DO_NOT_MAIL
D114508,0.95568097,MAIL
D127019,0.96626717,MAIL
D101019,0.08902947,DO_NOT_MAIL
D120980,0.6106876,DO_NOT_MAIL
D119372,0.013523011,DO_NOT_MAIL
D128969,0.79660517,DO_NOT_MAIL
D109325,0.18964656,DO_NOT_MAIL
D109214,0.040692396,DO_NOT_MAIL
D116593,0.42307192,DO_NOT_MAIL
D126901,0.29723403,DO_NOT_MAIL
D136084,0.016745614,DO_NOT_MAIL
D136992,0.06374181,DO_NOT_MAIL
D134211,0.8165528,DO_NOT_MAIL
D101414,0.9900693,MAIL
D141931,0.12706842,DO_NOT_MAIL
D108322,0.7819923,DO_NOT_MAIL
D107059,0.92521757,DO_NOT_MAIL
D119019,0.0048310836,DO_NOT_MAIL
D127297,0.40061572,DO_NOT_MAIL
D144566,0.028332278,DO_NOT_MAIL
D127790,0.7819923,DO_NOT_MAIL
D133231,0.926041,DO_NOT_MAIL
D144544,0.16815823,DO_NOT_MAIL
D134433,0.84686965,DO_NOT_MAIL
D112442,0.26825622,DO_NOT_MAIL
D118784,0.9039037,DO_NOT_MAIL
D102331,0.20324233,DO_NOT_MAIL
D139046,0.037599325,DO_NOT_MAIL
D125270,0.8869641,DO_NOT_MAIL
D102467,0.06112854,DO_NOT_MAIL
D112292,0.43296874,DO_NOT_MAIL
D117702,0.9452333,DO_NOT_MAIL
D112707,0.96828955,MAIL
D140085,0.12648806,DO_NOT_MAIL
D108114,0.979267,MAIL
D143115,0.095566876,DO_NOT_MAIL
D121123,0.9637091,MAIL
D123884,0.9924231,MAIL
D101331,0.3817256,DO_NOT_MAIL
D129994,0.9039037,DO_NOT_MAIL
D103840,0.8537907,DO_NOT_MAIL
D116078,0.91175425,DO_NOT_MAIL
D127742,0.0010961342,DO_NOT_MAIL
D127353,0.96184963,MAIL
D115634,0.10416782,DO_NOT_MAIL
D133216,0.015845392,DO_NOT_MAIL
D136750,0.9290283,DO_NOT_MAIL
D112937,0.0972827,DO_NOT_MAIL
D131595,0.9834034,MAIL
D114330,0.059772648,DO_NOT_MAIL
D107923,0.1504041,DO_NOT_MAIL
D129643,0.97908825,MAIL
D119246,0.8087358,DO_NOT_MAIL
D132809,0.37881243,DO_NOT_MAIL
D132936,0.8780797,DO_NOT_MAIL
D135786,0.031196278,DO_NOT_MAIL
D109533,0.8427521,DO_NOT_MAIL
D102026,0.609096,DO_NOT_MAIL
D126678,0.002257583,DO_NOT_MAIL
D106363,0.977009,MAIL
D141377,0.12912956,DO_NOT_MAIL
D109286,0.3127211,DO_NOT_MAIL
D111125,0.56299716,DO_NOT_MAIL
D108867,0.6837876,DO_NOT_MAIL
D120209,0.99004793,MAIL
D131614,0.27270016,DO_NOT_MAIL
D142466,0.35589337,DO_NOT_MAIL
D119284,0.40061572,DO_NOT_MAIL
D131469,0.96828955,MAIL
D101611,0.9105622,DO_NOT_MAIL
D130164,0.895931,DO_NOT_MAIL
D137683,0.019579973,DO_NOT_MAIL
D126477,0.15756862,DO_NOT_MAIL
D120088,0.0011672331,DO_NOT_MAIL
D138686,1.2448041e-05,DO_NOT_MAIL
D126288,0.1911488,DO_NOT_MAIL
D120246,0.00067356596,DO_NOT_MAIL
D100176,0.2179927,DO_NOT_MAIL
D103667,0.98943824,MAIL
D100776,0.36268032,DO_NOT_MAIL
D120388,0.9412208,DO_NOT_MAIL
D118774,0.9549817,MAIL
D123897,0.93806165,DO_NOT_MAIL
D110027,0.6375472,DO_NOT_MAIL
D132658,0.9470951,DO_NOT_MAIL
D123061,0.9433685,DO_NOT_MAIL
D122458,0.008022266,DO_NOT_MAIL
D102668,0.0648138,DO_NOT_MAIL
D104500,0.9926387,MAIL
D112554,0.8892487,DO_NOT_MAIL
D134255,0.25185817,DO_NOT_MAIL
D120103,0.98266983,MAIL
D132355,0.9947642,MAIL
D118242,0.47305262,DO_NOT_MAIL
D106425,0.63208497,DO_NOT_MAIL
D106518,0.9452905,DO_NOT_MAIL
D114542,0.9654538,MAIL
D102232,0.104090795,DO_NOT_MAIL
D142013,0.02263146,DO_NOT_MAIL
D130039,0.8555243,DO_NOT_MAIL
D130262,0.78250086,DO_NOT_MAIL
D139539,0.76211697,DO_NOT_MAIL
D112427,0.25449836,DO_NOT_MAIL
D143828,0.0032557982,DO_NOT_MAIL
D134036,0.0128600905,DO_NOT_MAIL
D133409,0.9824876,MAIL
D121522,0.78161925,DO_NOT_MAIL
D101617,0.8809452,DO_NOT_MAIL
D123103,0.6844627,DO_NOT_MAIL
D118481,0.9490709,DO_NOT_MAIL
D107255,0.97524184,MAIL
D139147,0.009171416,DO_NOT_MAIL
D108195,0.9637091,MAIL
D118833,0.9498495,DO_NOT_MAIL
D120833,0.107672304,DO_NOT_MAIL
D102777,0.9305908,DO_NOT_MAIL
D124852,0.024172314,DO_NOT_MAIL
D143346,0.5638601,DO_NOT_MAIL
D124238,0.9401205,DO_NOT_MAIL
D111305,0.88319796,DO_NOT_MAIL
D130163,0.18677492,DO_NOT_MAIL
D130620,0.05207636,DO_NOT_MAIL
D120399,0.94440866,DO_NOT_MAIL
D116877,0.84686965,DO_NOT_MAIL
D110910,0.99302906,MAIL
D144538,0.6913615,DO_NOT_MAIL
D130860,0.0765636,DO_NOT_MAIL
D122897,0.40644872,DO_NOT_MAIL
D111269,0.037179347,DO_NOT_MAIL
D132285,0.11481243,DO_NOT_MAIL
D118943,0.9257085,DO_NOT_MAIL
D120336,0.88971186,DO_NOT_MAIL
D141614,0.38896185,DO_NOT_MAIL
D107669,0.0031088798,DO_NOT_MAIL
D137216,0.0036241934,DO_NOT_MAIL
D125148,0.9737379,MAIL
D143169,0.0046934937,DO_NOT_MAIL
D128896,0.96483654,MAIL
D113515,0.63208497,DO_NOT_MAIL
D124164,0.8276394,DO_NOT_MAIL
D102530,0.09340471,DO_NOT_MAIL
D142545,0.24441998,DO_NOT_MAIL
D111393,0.1129891,DO_NOT_MAIL
D137054,0.21508884,DO_NOT_MAIL
D128828,0.6913615,DO_NOT_MAIL
D144218,0.312071,DO_NOT_MAIL
D105916,0.8595816,DO_NOT_MAIL
D129539,0.98816675,MAIL
D122545,0.10254185,DO_NOT_MAIL
D105182,0.10373166,DO_NOT_MAIL
D142955,0.020543853,DO_NOT_MAIL
D129318,0.021795735,DO_NOT_MAIL
D132211,0.0629234,DO_NOT_MAIL
D130083,0.9554237,MAIL
D144051,0.0020233942,DO_NOT_MAIL
D131329,0.12188325,DO_NOT_MAIL
D120721,0.9745087,MAIL
D103472,0.76304466,DO_NOT_MAIL
D118080,0.76524115,DO_NOT_MAIL
D125708,0.98068994,MAIL
D109862,0.9152594,DO_NOT_MAIL
D130369,0.9662585,MAIL
D138335,0.0076731476,DO_NOT_MAIL
D141468,0.2730856,DO_NOT_MAIL
D128008,0.3238702,DO_NOT_MAIL
D129768,0.961119,MAIL
D136302,0.05763057,DO_NOT_MAIL
D112193,0.9212177,DO_NOT_MAIL
D130563,0.9452905,DO_NOT_MAIL
D109684,0.9758908,MAIL
D109814,0.5243425,DO_NOT_MAIL
D134248,0.9843615,MAIL
D115193,0.8538114,DO_NOT_MAIL
D108890,0.96223414,MAIL
D127904,0.05334558,DO_NOT_MAIL
D119365,0.657778,DO_NOT_MAIL
D139265,0.9342491,DO_NOT_MAIL
D112908,0.5243425,DO_NOT_MAIL
D115021,0.9506359,DO_NOT_MAIL
D103244,0.16581503,DO_NOT_MAIL
D121496,0.6240543,DO_NOT_MAIL
D125554,0.9788836,MAIL
D143871,0.00081465155,DO_NOT_MAIL
D133986,0.9358564,DO_NOT_MAIL
D126904,0.961997,MAIL
D116501,0.9763776,MAIL
D118454,0.002451298,DO_NOT_MAIL
D121869,0.8989707,DO_NOT_MAIL
D116062,0.6547513,DO_NOT_MAIL
D143185,0.34836534,DO_NOT_MAIL
D142168,0.18795036,DO_NOT_MAIL
D111482,0.28620365,DO_NOT_MAIL
D123664,0.98572993,MAIL
D120672,0.9657949,MAIL
D139024,0.028115306,DO_NOT_MAIL
D106326,0.9720426,MAIL
D129396,0.56299716,DO_NOT_MAIL
D106854,0.831485,DO_NOT_MAIL
D137595,0.8693399,DO_NOT_MAIL
D138712,0.129504,DO_NOT_MAIL
D140689,0.2901007,DO_NOT_MAIL
D121182,0.69809425,DO_NOT_MAIL
D141356,0.24328955,DO_NOT_MAIL
D127884,0.9535937,MAIL
D110021,0.72434723,DO_NOT_MAIL
D115963,0.9313678,DO_NOT_MAIL
D143141,0.0068983384,DO_NOT_MAIL
D129652,0.017754601,DO_NOT_MAIL
D116676,0.9926387,MAIL
D137345,0.15339008,DO_NOT_MAIL
D126870,0.82965887,DO_NOT_MAIL
D130735,4.876399e-05,DO_NOT_MAIL
D133581,0.43278077,DO_NOT_MAIL
D123911,0.98014534,MAIL
D113724,0.9434021,DO_NOT_MAIL
D124015,0.9025419,DO_NOT_MAIL
D134234,0.609096,DO_NOT_MAIL
D132678,0.021311864,DO_NOT_MAIL
D121776,0.93471134,DO_NOT_MAIL
D141707,0.0032490366,DO_NOT_MAIL
D133153,0.00041654293,DO_NOT_MAIL
D125071,0.941746,DO_NOT_MAIL
D101480,0.07780532,DO_NOT_MAIL
D139641,0.058505554,DO_NOT_MAIL
D142024,0.008096486,DO_NOT_MAIL
D102925,0.011867896,DO_NOT_MAIL
D112817,0.66697764,DO_NOT_MAIL
D134047,0.8073583,DO_NOT_MAIL
D119057,0.397301,DO_NOT_MAIL
D134337,0.08750692,DO_NOT_MAIL
D140589,0.027408134,DO_NOT_MAIL
D110673,0.95294404,MAIL
D118840,0.657778,DO_NOT_MAIL
D131770,0.961119,MAIL
D104555,0.9843615,MAIL
D112438,0.7819923,DO_NOT_MAIL
D131494,0.028734732,DO_NOT_MAIL
D125212,0.031195452,DO_NOT_MAIL
D126709,0.023406086,DO_NOT_MAIL
D120419,0.83081913,DO_NOT_MAIL
D140207,0.054504912,DO_NOT_MAIL
D140940,0.07632767,DO_NOT_MAIL
D123558,0.8968021,DO_NOT_MAIL
D126065,0.3824409,DO_NOT_MAIL
D100313,0.97171783,MAIL
D135997,0.9838995,MAIL
D117745,0.8211532,DO_NOT_MAIL
D101451,0.06186597,DO_NOT_MAIL
D116088,0.96121466,MAIL
D134072,0.85608035,DO_NOT_MAIL
D102146,0.9362875,DO_NOT_MAIL
D129249,0.97019583,MAIL
D130568,0.7684628,DO_NOT_MAIL
D121244,0.9894521,MAIL
D113727,0.9006484,DO_NOT_MAIL
D117567,0.9806153,MAIL
D118693,0.7819923,DO_NOT_MAIL
D143208,0.93013823,DO_NOT_MAIL
D112625,0.9928227,MAIL
D116506,0.9588186,MAIL
D133989,0.3817256,DO_NOT_MAIL
D137946,0.00395165,DO_NOT_MAIL
D102652,0.93909353,DO_NOT_MAIL
D120656,0.84229296,DO_NOT_MAIL
D118285,0.47305262,DO_NOT_MAIL
D103988,0.9353095,DO_NOT_MAIL
D138227,0.82965887,DO_NOT_MAIL
D138133,0.9381486,DO_NOT_MAIL
D109188,0.90744495,DO_NOT_MAIL
D129615,0.8852851,DO_NOT_MAIL
D101380,0.019565977,DO_NOT_MAIL
D112335,0.47305262,DO_NOT_MAIL
D106573,0.9554237,MAIL
D140032,0.005633632,DO_NOT_MAIL
D107267,0.0017006155,DO_NOT_MAIL
D123024,0.96223414,MAIL
D110401,0.9786309,MAIL
D105946,0.86922854,DO_NOT_MAIL
D119343,0.97271967,MAIL
D104374,0.98380095,MAIL
D125619,0.9101504,DO_NOT_MAIL
D103629,0.657778,DO_NOT_MAIL
D120173,0.5923071,DO_NOT_MAIL
D107549,0.9642926,MAIL
D139470,0.36800522,DO_NOT_MAIL
D104018,0.010027823,DO_NOT_MAIL
D143435,0.0034153569,DO_NOT_MAIL
D116566,0.9554237,MAIL
D114753,0.031537917,DO_NOT_MAIL
D135576,0.8427521,DO_NOT_MAIL
D125657,0.47305262,DO_NOT_MAIL
D100739,0.7332227,DO_NOT_MAIL
D113406,0.43296874,DO_NOT_MAIL
D140071,0.027728392,DO_NOT_MAIL
D127646,0.659167,DO_NOT_MAIL
D105638,0.9452333,DO_NOT_MAIL
D141510,0.018497488,DO_NOT_MAIL
D137189,0.2912101,DO_NOT_MAIL
D107963,0.22687677,DO_NOT_MAIL
D109743,0.024064206,DO_NOT_MAIL
D111542,0.5731911,DO_NOT_MAIL
D120568,0.9452905,DO_NOT_MAIL
D104974,0.63461775,DO_NOT_MAIL
D118413,0.9185172,DO_NOT_MAIL
D124884,0.9833103,MAIL
D129172,0.9554237,MAIL
D128707,0.5184711,DO_NOT_MAIL
D103411,0.96996504,MAIL
D111791,0.04626227,DO_NOT_MAIL
D116219,0.9763776,MAIL
D106476,0.83505756,DO_NOT_MAIL
D101059,0.9685836,MAIL
D110391,0.9332782,DO_NOT_MAIL
D122354,0.99134326,MAIL
D124723,0.37099186,DO_NOT_MAIL
D102934,0.8846277,DO_NOT_MAIL
D101388,0.37099186,DO_NOT_MAIL
D115885,0.16799663,DO_NOT_MAIL
D110867,0.98631525,MAIL
D120243,0.9478606,DO_NOT_MAIL
D122688,0.92679274,DO_NOT_MAIL
D131081,0.016877567,DO_NOT_MAIL
D130439,0.76771235,DO_NOT_MAIL
D134434,0.94260883,DO_NOT_MAIL
D132124,0.78538567,DO_NOT_MAIL
D140488,0.5222091,DO_NOT_MAIL
D133650,0.18150379,DO_NOT_MAIL
D125946,0.40061572,DO_NOT_MAIL
D102110,0.9212338,DO_NOT_MAIL
D110418,0.6431161,DO_NOT_MAIL
D129890,0.8545162,DO_NOT_MAIL
D103631,0.98895055,MAIL
D101324,0.5925024,DO_NOT_MAIL
D107956,0.053672858,DO_NOT_MAIL
D122895,0.7819923,DO_NOT_MAIL
D106608,0.9458556,DO_NOT_MAIL
D113723,0.84848046,DO_NOT_MAIL
D102620,0.4450839,DO_NOT_MAIL
D114386,0.62060946,DO_NOT_MAIL
D123886,0.7738617,DO_NOT_MAIL
D135132,0.9900693,MAIL
D126835,0.9225519,DO_NOT_MAIL
D109106,0.89533794,DO_NOT_MAIL
D121159,0.96632427,MAIL
D143370,0.8019269,DO_NOT_MAIL
D132671,0.14541145,DO_NOT_MAIL
D124458,0.5943451,DO_NOT_MAIL
D123946,0.056312963,DO_NOT_MAIL
D116042,0.65463436,DO_NOT_MAIL
D107224,0.16757017,DO_NOT_MAIL
D141594,0.012636938,DO_NOT_MAIL
D102243,0.00041277744,DO_NOT_MAIL
D108531,0.003701579,DO_NOT_MAIL
D126330,0.7480704,DO_NOT_MAIL
D126337,0.95690113,MAIL
D132058,0.6068166,DO_NOT_MAIL
D125987,0.89523184,DO_NOT_MAIL
D127604,0.78538567,DO_NOT_MAIL
D110479,0.9657949,MAIL
D134220,0.8698155,DO_NOT_MAIL
D124455,0.015224983,DO_NOT_MAIL
D138098,0.007278341,DO_NOT_MAIL
D125918,0.08897911,DO_NOT_MAIL
D107098,0.83351123,DO_NOT_MAIL
D138025,0.022885883,DO_NOT_MAIL
D131106,0.9006484,DO_NOT_MAIL
D123538,0.9642926,MAIL
D110245,0.7037504,DO_NOT_MAIL
D122108,0.3820698,DO_NOT_MAIL
D122100,0.97624105,MAIL
D108887,0.3127211,DO_NOT_MAIL
D111997,0.13634735,DO_NOT_MAIL
D122098,0.98946196,MAIL
D102478,0.007450865,DO_NOT_MAIL
D111034,0.74183184,DO_NOT_MAIL
D124367,0.033275537,DO_NOT_MAIL
D127983,0.75866836,DO_NOT_MAIL
D122976,0.6448095,DO_NOT_MAIL
D122540,0.9884421,MAIL
D141177,0.024239654,DO_NOT_MAIL
D139830,0.09545205,DO_NOT_MAIL
D108384,0.99171,MAIL
D124201,0.8950471,DO_NOT_MAIL
D120090,0.9662585,MAIL
D108157,0.07865429,DO_NOT_MAIL
D125076,0.9685309,MAIL
D129187,0.6118895,DO_NOT_MAIL
D137985,0.99491173,MAIL
D141808,0.047809232,DO_NOT_MAIL
D128009,0.9433685,DO_NOT_MAIL
D139668,5.144933e-05,DO_NOT_MAIL
D110938,0.8537907,DO_NOT_MAIL
D127519,0.63461775,DO_NOT_MAIL
D104379,0.02424169,DO_NOT_MAIL
D106441,0.9788103,MAIL
D116333,0.09914751,DO_NOT_MAIL
D124406,0.0025089812,DO_NOT_MAIL
D114562,0.0013688443,DO_NOT_MAIL
D122927,0.08277559,DO_NOT_MAIL
D112264,0.84686965,DO_NOT_MAIL
D143337,0.04451729,DO_NOT_MAIL
D131585,0.0022409717,DO_NOT_MAIL
D107120,0.9412208,DO_NOT_MAIL
D135978,0.5617754,DO_NOT_MAIL
D116702,0.9685836,MAIL
D105493,0.9811509,MAIL
D119351,0.09808274,DO_NOT_MAIL
D103329,0.85887104,DO_NOT_MAIL
D100482,0.89608073,DO_NOT_MAIL
D141009,0.061871834,DO_NOT_MAIL
D126045,0.98628366,MAIL
D124106,0.7197805,DO_NOT_MAIL
D142301,0.0045660227,DO_NOT_MAIL
D137933,0.0024446785,DO_NOT_MAIL
D127053,0.9698342,MAIL
D131604,0.62193674,DO_NOT_MAIL
D113559,0.8987183,DO_NOT_MAIL
D127858,0.058277998,DO_NOT_MAIL
D104126,0.9290283,DO_NOT_MAIL
D128526,0.5074115,DO_NOT_MAIL
D138596,0.09480145,DO_NOT_MAIL
D122881,0.87599576,DO_NOT_MAIL
D127672,0.7338448,DO_NOT_MAIL
D121707,0.9796536,MAIL
D129566,0.9891812,MAIL
D125803,0.99181,MAIL
D121375,0.90179396,DO_NOT_MAIL
D129350,0.439158,DO_NOT_MAIL
D103880,0.8427521,DO_NOT_MAIL
D100987,0.011707963,DO_NOT_MAIL
D109408,0.93806165,DO_NOT_MAIL
D131730,0.89545536,DO_NOT_MAIL
D104963,0.20645179,DO_NOT_MAIL
D113713,0.0024381112,DO_NOT_MAIL
D118432,0.8968021,DO_NOT_MAIL
D112150,0.958693,MAIL
D100119,0.17858757,DO_NOT_MAIL
D129413,0.88891864,DO_NOT_MAIL
D105624,0.8077166,DO_NOT_MAIL
D112088,0.9415254,DO_NOT_MAIL
D119931,0.8167604,DO_NOT_MAIL
D101502,0.8546097,DO_NOT_MAIL
D124338,0.0029540663,DO_NOT_MAIL
D138418,0.024293592,DO_NOT_MAIL
D105257,0.89891535,DO_NOT_MAIL
D108612,0.9720426,MAIL
D130206,0.6469854,DO_NOT_MAIL
D106519,0.08230027,DO_NOT_MAIL
D105040,0.9837563,MAIL
D133760,0.07215778,DO_NOT_MAIL
D143524,0.07784145,DO_NOT_MAIL
D108463,0.97171783,MAIL
D125211,0.012266925,DO_NOT_MAIL
D129090,0.9811509,MAIL
D143830,0.037621226,DO_NOT_MAIL
D131192,0.27673608,DO_NOT_MAIL
D105560,0.90209067,DO_NOT_MAIL
D144666,0.9062348,DO_NOT_MAIL
D101510,0.96632427,MAIL
D136788,0.09960978,DO_NOT_MAIL
D108906,0.9463768,DO_NOT_MAIL
D109438,0.38828743,DO_NOT_MAIL
D135690,0.046482626,DO_NOT_MAIL
D101254,0.035113774,DO_NOT_MAIL
D102826,0.83729506,DO_NOT_MAIL
D102226,0.8885467,DO_NOT_MAIL
D126394,0.7684628,DO_NOT_MAIL
D113100,0.96551836,MAIL
D139084,0.05488791,DO_NOT_MAIL
D116253,0.9462837,DO_NOT_MAIL
D126666,0.00015096577,DO_NOT_MAIL
D138498,0.9655164,MAIL
D134501,0.8756618,DO_NOT_MAIL
D138099,0.46726277,DO_NOT_MAIL
D121127,0.6431161,DO_NOT_MAIL
D129400,0.9009107,DO_NOT_MAIL
D114088,0.9257085,DO_NOT_MAIL
D132837,0.9807391,MAIL
D141591,0.023791283,DO_NOT_MAIL
D110759,0.9039037,DO_NOT_MAIL
D124260,0.0036566588,DO_NOT_MAIL
D130769,0.038339682,DO_NOT_MAIL
D138292,0.98266983,MAIL
D132914,0.8989707,DO_NOT_MAIL
D106971,0.43585023,DO_NOT_MAIL
D100345,0.96000904,MAIL
D144092,0.99177116,MAIL
D131207,0.8536362,DO_NOT_MAIL
D131634,0.992105,MAIL
D103072,0.0749735,DO_NOT_MAIL
D120237,0.8987183,DO_NOT_MAIL
D129027,0.98621076,MAIL
D108823,0.86891735,DO_NOT_MAIL
D115610,0.9023609,DO_NOT_MAIL
D133441,0.69167835,DO_NOT_MAIL
D107889,0.021050494,DO_NOT_MAIL
D138341,0.03554506,DO_NOT_MAIL
D110694,0.9833103,MAIL
D121359,0.97337025,MAIL
D115381,0.8698155,DO_NOT_MAIL
D118389,0.96626717,MAIL
D121863,0.95693064,MAIL
D140970,0.98951083,MAIL
D102349,0.012964882,DO_NOT_MAIL
D137114,0.94288254,DO_NOT_MAIL
D120400,0.9434021,DO_NOT_MAIL
D124609,0.94418365,DO_NOT_MAIL
D118561,0.012527878,DO_NOT_MAIL
D125518,0.9274354,DO_NOT_MAIL
D137151,0.992894,MAIL
D122124,0.70336944,DO_NOT_MAIL
D142051,0.00836603,DO_NOT_MAIL
D134989,0.81474036,DO_NOT_MAIL
D106620,0.8809452,DO_NOT_MAIL
D100493,0.8093756,DO_NOT_MAIL
D141240,0.0007972764,DO_NOT_MAIL
D136115,0.23087722,DO_NOT_MAIL
D115355,0.9469066,DO_NOT_MAIL
D108309,0.40978524,DO_NOT_MAIL
D120586,0.82409686,DO_NOT_MAIL
D105871,0.90068024,DO_NOT_MAIL
D135536,0.9884421,MAIL
D118767,0.9003407,DO_NOT_MAIL
D142778,0.007449667,DO_NOT_MAIL
D132744,0.98066485,MAIL
D143221,0.4638774,DO_NOT_MAIL
D114634,0.9171358,DO_NOT_MAIL
D132435,0.9770189,MAIL
D112926,0.9274354,DO_NOT_MAIL
D100161,0.0028991562,DO_NOT_MAIL
D120392,0.9470951,DO_NOT_MAIL
D119586,0.8576082,DO_NOT_MAIL
D106689,0.97271967,MAIL
D123905,0.99319756,MAIL
D131426,0.89545536,DO_NOT_MAIL
D136511,0.00078889186,DO_NOT_MAIL
D131545,0.00069357996,DO_NOT_MAIL
D100126,0.13055497,DO_NOT_MAIL
D119011,0.9736867,MAIL
D108907,0.98021346,MAIL
D131872,0.97198945,MAIL
D115489,0.9711856,MAIL
D133171,0.011914415,DO_NOT_MAIL
D141728,0.012365212,DO_NOT_MAIL
D141810,0.014993444,DO_NOT_MAIL
D111589,0.6545905,DO_NOT_MAIL
D122456,0.9638973,MAIL
D124208,0.98380095,MAIL
D126518,1.9688355e-06,DO_NOT_MAIL
D101667,0.824826,DO_NOT_MAIL
D143587,0.06261137,DO_NOT_MAIL
D110820,0.8291849,DO_NOT_MAIL
D139630,0.029014075,DO_NOT_MAIL
D132969,0.10015586,DO_NOT_MAIL
D141266,0.030712519,DO_NOT_MAIL
D139968,0.008724835,DO_NOT_MAIL
D100924,0.0008067926,DO_NOT_MAIL
D134889,0.9009107,DO_NOT_MAIL
D128771,0.96011126,MAIL
D128152,0.9282988,DO_NOT_MAIL
D131549,0.9685309,MAIL
D114124,0.69809425,DO_NOT_MAIL
D105567,0.8602647,DO_NOT_MAIL
D104721,0.48275658,DO_NOT_MAIL
D112183,0.84229296,DO_NOT_MAIL
D108579,0.3238702,DO_NOT_MAIL
D134491,0.012802199,DO_NOT_MAIL
D118723,0.9675739,MAIL
D103865,0.85608035,DO_NOT_MAIL
D107091,0.15005009,DO_NOT_MAIL
D106543,0.9180354,DO_NOT_MAIL
D141974,0.0020038548,DO_NOT_MAIL
D126192,0.0016207118,DO_NOT_MAIL
D100593,0.90447336,DO_NOT_MAIL
D139785,0.10026729,DO_NOT_MAIL
D114077,0.9602031,MAIL
D115725,0.9916916,MAIL
D123563,0.7303367,DO_NOT_MAIL
D108232,0.970204,MAIL
D116268,0.40566164,DO_NOT_MAIL
D142708,0.016079169,DO_NOT_MAIL
D110469,0.98706704,MAIL
D126677,0.8958463,DO_NOT_MAIL
D112092,0.016793817,DO_NOT_MAIL
D122056,0.024852017,DO_NOT_MAIL
D131370,0.9415254,DO_NOT_MAIL
D112466,0.79428923,DO_NOT_MAIL
D105033,0.7861124,DO_NOT_MAIL
D128014,0.6626435,DO_NOT_MAIL
D120455,0.79660517,DO_NOT_MAIL
D136438,0.9009107,DO_NOT_MAIL
D108590,0.6431161,DO_NOT_MAIL
D101219,0.9658472,MAIL
D125045,0.22633657,DO_NOT_MAIL
D116604,0.0038993245,DO_NOT_MAIL
D128721,0.483441,DO_NOT_MAIL
D138283,0.98499227,MAIL
D128291,0.23678738,DO_NOT_MAIL
D125726,0.028474828,DO_NOT_MAIL
D116342,0.99302906,MAIL
D119599,0.96558905,MAIL
D142108,0.00044855115,DO_NOT_MAIL
D120584,0.56299716,DO_NOT_MAIL
D138275,0.22006933,DO_NOT_MAIL
D136504,0.9225519,DO_NOT_MAIL
D103217,0.96137804,MAIL
D114106,0.9003407,DO_NOT_MAIL
D139976,0.0036324728,DO_NOT_MAIL
D120454,0.78161925,DO_NOT_MAIL
D141677,0.02024998,DO_NOT_MAIL
D116173,0.0027402171,DO_NOT_MAIL
D135091,0.07466763,DO_NOT_MAIL
D137740,0.0012130598,DO_NOT_MAIL
D117452,0.80390793,DO_NOT_MAIL
D108624,0.12329122,DO_NOT_MAIL
D106427,0.9742606,MAIL
D127031,0.09371585,DO_NOT_MAIL
D141794,0.072892636,DO_NOT_MAIL
D126540,0.007949726,DO_NOT_MAIL
D102694,0.9377958,DO_NOT_MAIL
D105496,0.0035158542,DO_NOT_MAIL
D104343,0.8726598,DO_NOT_MAIL
D105339,0.9232493,DO_NOT_MAIL
D120315,0.47305262,DO_NOT_MAIL
D118714,0.3127211,DO_NOT_MAIL
D108619,0.99101263,MAIL
D105501,0.62060946,DO_NOT_MAIL
D127054,0.83709186,DO_NOT_MAIL
D135948,0.9498495,DO_NOT_MAIL
D104462,0.2554589,DO_NOT_MAIL
D109995,0.08747336,DO_NOT_MAIL
D116449,0.0440773,DO_NOT_MAIL
D122562,0.8077166,DO_NOT_MAIL
D122474,0.62060946,DO_NOT_MAIL
D128925,0.9669261,MAIL
D123069,0.9762113,MAIL
D107335,0.1344157,DO_NOT_MAIL
D117952,0.43216345,DO_NOT_MAIL
D142241,0.18894465,DO_NOT_MAIL
D102135,0.81131417,DO_NOT_MAIL
D111978,0.80330753,DO_NOT_MAIL
D124447,0.7148902,DO_NOT_MAIL
D103291,0.800771,DO_NOT_MAIL
D121932,0.96245515,MAIL
D107290,0.8732268,DO_NOT_MAIL
D109479,0.053043794,DO_NOT_MAIL
D124806,0.72078216,DO_NOT_MAIL
D143604,0.14881256,DO_NOT_MAIL
D110127,0.014653166,DO_NOT_MAIL
D143401,0.11298143,DO_NOT_MAIL
D142183,0.09201933,DO_NOT_MAIL
D102602,0.9274354,DO_NOT_MAIL
D118488,0.23369414,DO_NOT_MAIL
D100830,0.38650897,DO_NOT_MAIL
D133967,0.0075086234,DO_NOT_MAIL
D127850,0.44349778,DO_NOT_MAIL
D129419,0.8537907,DO_NOT_MAIL
D113922,0.9811509,MAIL
D140597,0.12255968,DO_NOT_MAIL
D136441,0.9672093,MAIL
D102454,0.04202035,DO_NOT_MAIL
D125884,0.0017178039,DO_NOT_MAIL
D134564,0.6106876,DO_NOT_MAIL
D144511,0.17983748,DO_NOT_MAIL
D135570,0.0023590904,DO_NOT_MAIL
D124414,0.011870257,DO_NOT_MAIL
D136430,0.9377958,DO_NOT_MAIL
D140189,0.05936997,DO_NOT_MAIL
D131752,0.9415254,DO_NOT_MAIL
D133389,0.053608302,DO_NOT_MAIL
D112696,0.97138107,MAIL
D107680,0.23629719,DO_NOT_MAIL
D120592,0.98066485,MAIL
D144135,0.11188248,DO_NOT_MAIL
D123385,0.84869266,DO_NOT_MAIL
D128760,0.36117223,DO_NOT_MAIL
D123480,0.8073583,DO_NOT_MAIL
D114624,0.66958344,DO_NOT_MAIL
D117924,0.8846277,DO_NOT_MAIL
D127625,0.7738617,DO_NOT_MAIL
D128643,0.9003407,DO_NOT_MAIL
D109395,0.9834034,MAIL
D126476,0.18150002,DO_NOT_MAIL
D142092,0.0002780119,DO_NOT_MAIL
D126674,0.8864729,DO_NOT_MAIL
D123648,0.85608035,DO_NOT_MAIL
D125297,0.9624114,MAIL
D123819,0.88891864,DO_NOT_MAIL
D107010,0.6913615,DO_NOT_MAIL
D109126,0.124203,DO_NOT_MAIL
D128107,0.99122953,MAIL
D129785,0.96222895,MAIL
D137546,0.9092488,DO_NOT_MAIL
D115881,0.9796536,MAIL
D144616,0.8077166,DO_NOT_MAIL
D128742,0.97373116,MAIL
D122800,0.21105549,DO_NOT_MAIL
D101558,0.54005516,DO_NOT_MAIL
D116569,0.5158771,DO_NOT_MAIL
D138003,0.03118541,DO_NOT_MAIL
D115157,0.83709186,DO_NOT_MAIL
D105352,0.17230265,DO_NOT_MAIL
D127095,0.881872,DO_NOT_MAIL
D109116,0.895094,DO_NOT_MAIL
D112509,0.93909353,DO_NOT_MAIL
D108930,0.83081913,DO_NOT_MAIL
D109022,0.9844475,MAIL
D110193,0.6106876,DO_NOT_MAIL
D125186,0.0065350165,DO_NOT_MAIL
D121306,0.6431161,DO_NOT_MAIL
D121205,0.9693406,MAIL
D126031,0.97019583,MAIL
D122351,0.16757017,DO_NOT_MAIL
D123246,0.09313734,DO_NOT_MAIL
D107670,0.9698342,MAIL
D129555,0.035352677,DO_NOT_MAIL
D140326,0.014643297,DO_NOT_MAIL
D131297,0.54785824,DO_NOT_MAIL
D140735,0.0035297626,DO_NOT_MAIL
D135979,0.98706704,MAIL
D109093,0.9329747,DO_NOT_MAIL
D121550,0.954501,MAIL
D104594,0.80390793,DO_NOT_MAIL
D102892,0.11535069,DO_NOT_MAIL
D106096,0.66697764,DO_NOT_MAIL
D124614,0.92532676,DO_NOT_MAIL
D127290,0.4589601,DO_NOT_MAIL
D120965,0.8713515,DO_NOT_MAIL
D138004,0.17841637,DO_NOT_MAIL
D101249,0.7287747,DO_NOT_MAIL
D112465,0.9519325,DO_NOT_MAIL
D111660,0.72434723,DO_NOT_MAIL
D141390,0.0019377529,DO_NOT_MAIL
D135075,0.83709186,DO_NOT_MAIL
D116407,0.88971186,DO_NOT_MAIL
D131567,0.9025419,DO_NOT_MAIL
D136517,0.23432696,DO_NOT_MAIL
D105810,0.99292165,MAIL
D121556,0.9171358,DO_NOT_MAIL
D117215,0.9305256,DO_NOT_MAIL
D115239,0.17841637,DO_NOT_MAIL
D133927,0.7392137,DO_NOT_MAIL
D136861,0.8276394,DO_NOT_MAIL
D106373,0.9738531,MAIL
D117654,0.092163414,DO_NOT_MAIL
D120563,0.9009107,DO_NOT_MAIL
D112619,0.37985092,DO_NOT_MAIL
D143323,0.10004303,DO_NOT_MAIL
D117400,0.88723224,DO_NOT_MAIL
D111807,0.05474627,DO_NOT_MAIL
D127406,0.8073583,DO_NOT_MAIL
D137881,0.011137983,DO_NOT_MAIL
D104039,0.99302906,MAIL
D103167,0.97877216,MAIL
D138667,0.14615017,DO_NOT_MAIL
D121295,0.92087764,DO_NOT_MAIL
D103570,0.00020671595,DO_NOT_MAIL
D130854,0.7646645,DO_NOT_MAIL
D120944,0.48687914,DO_NOT_MAIL
D115746,0.01147593,DO_NOT_MAIL
D119744,0.9895745,MAIL
D135881,0.8852851,DO_NOT_MAIL
D115290,0.843054,DO_NOT_MAIL
D110685,0.90447336,DO_NOT_MAIL
D140802,0.047806498,DO_NOT_MAIL
D138659,0.973039,MAIL
D107634,0.9834034,MAIL
D121012,0.6725385,DO_NOT_MAIL
D119800,0.9337538,DO_NOT_MAIL
D102215,0.91089255,DO_NOT_MAIL
D133758,0.014896998,DO_NOT_MAIL
D114296,0.9811509,MAIL
D124542,0.16479312,DO_NOT_MAIL
D126104,0.8472271,DO_NOT_MAIL
D102679,0.8852851,DO_NOT_MAIL
D122435,0.21883246,DO_NOT_MAIL
D131427,0.0008195689,DO_NOT_MAIL
D130301,0.31407556,DO_NOT_MAIL
D102366,0.12474731,DO_NOT_MAIL
D123642,0.96827155,MAIL
D123094,0.8087358,DO_NOT_MAIL
D126865,0.08318016,DO_NOT_MAIL
D100067,0.28233144,DO_NOT_MAIL
D132470,0.0103371935,DO_NOT_MAIL
D144502,0.9290283,DO_NOT_MAIL
D101756,0.90302545,DO_NOT_MAIL
D100790,0.9463768,DO_NOT_MAIL
D133902,0.13282962,DO_NOT_MAIL
D109753,0.009542065,DO_NOT_MAIL
D110215,0.6690531,DO_NOT_MAIL
D114484,0.66697764,DO_NOT_MAIL
D124598,0.87721014,DO_NOT_MAIL
D108656,0.93909353,DO_NOT_MAIL
D109221,0.96828955,MAIL
D124543,0.96827155,MAIL
D119051,0.973897,MAIL
D127655,0.82066286,DO_NOT_MAIL
D119315,0.93806165,DO_NOT_MAIL
D139293,0.025862921,DO_NOT_MAIL
D118772,0.84848046,DO_NOT_MAIL
D106292,0.84848046,DO_NOT_MAIL
D136448,0.8869641,DO_NOT_MAIL
D121010,0.975021,MAIL
D141433,0.5218373,DO_NOT_MAIL
D118093,0.011403197,DO_NOT_MAIL
D131835,0.06571073,DO_NOT_MAIL
D120607,0.5399626,DO_NOT_MAIL
D105849,0.03403853,DO_NOT_MAIL
D113577,0.8233031,DO_NOT_MAIL
D131385,0.6975481,DO_NOT_MAIL
D143329,0.5285997,DO_NOT_MAIL
D122117,0.04873649,DO_NOT_MAIL
D130800,0.5410151,DO_NOT_MAIL
D121628,0.9802091,MAIL
D112754,0.08411477,DO_NOT_MAIL
D106131,0.5243425,DO_NOT_MAIL
D124826,0.04716791,DO_NOT_MAIL
D142872,0.12785245,DO_NOT_MAIL
D113554,0.017801704,DO_NOT_MAIL
D121615,0.7304995,DO_NOT_MAIL
D135486,0.69041365,DO_NOT_MAIL
D107369,0.8399911,DO_NOT_MAIL
D110508,0.019746283,DO_NOT_MAIL
D114762,0.87722886,DO_NOT_MAIL
D141935,0.9383605,DO_NOT_MAIL
D110411,0.9720347,MAIL
D119262,0.9937919,MAIL
D112355,0.8983231,DO_NOT_MAIL
D111426,0.9921514,MAIL
D140585,0.007436425,DO_NOT_MAIL
D144299,0.1634876,DO_NOT_MAIL
D110348,0.2569204,DO_NOT_MAIL
D105483,0.47305262,DO_NOT_MAIL
D101610,0.9462837,DO_NOT_MAIL
D126000,0.8546097,DO_NOT_MAIL
D113756,0.9770189,MAIL
D117465,0.47305262,DO_NOT_MAIL
D118822,0.1016406,DO_NOT_MAIL
D102588,0.3127211,DO_NOT_MAIL
D101563,0.040215775,DO_NOT_MAIL
D142902,0.014725535,DO_NOT_MAIL
D109005,0.81654066,DO_NOT_MAIL
D102903,0.5139931,DO_NOT_MAIL
D121369,0.6690531,DO_NOT_MAIL
D114209,0.986133,MAIL
D112512,0.033790525,DO_NOT_MAIL
D138517,0.10676138,DO_NOT_MAIL
D105738,0.09283991,DO_NOT_MAIL
D122173,0.97699124,MAIL
D116553,0.6361769,DO_NOT_MAIL
D120834,0.52565354,DO_NOT_MAIL
D114351,0.88319796,DO_NOT_MAIL
D124141,0.7332227,DO_NOT_MAIL
D107453,0.84686965,DO_NOT_MAIL
D102293,0.0006361242,DO_NOT_MAIL
D119523,0.43585023,DO_NOT_MAIL
D130241,0.9775313,MAIL
D139086,0.094341695,DO_NOT_MAIL
D102236,0.93927175,DO_NOT_MAIL
D102936,0.6519287,DO_NOT_MAIL
D121120,0.7969786,DO_NOT_MAIL
D106529,0.98307866,MAIL
D103307,0.9441003,DO_NOT_MAIL
D129645,0.9836315,MAIL
D126259,0.004794471,DO_NOT_MAIL
D118061,0.9693406,MAIL
D115278,0.9884421,MAIL
D112374,0.99300885,MAIL
D124353,0.0016686447,DO_NOT_MAIL
D101323,0.33732942,DO_NOT_MAIL
D136722,0.0062049194,DO_NOT_MAIL
D119729,0.77132523,DO_NOT_MAIL
D136092,0.9781587,MAIL
D118878,0.92521757,DO_NOT_MAIL
D143433,0.00023604126,DO_NOT_MAIL
D131086,0.8981577,DO_NOT_MAIL
D105199,0.9377958,DO_NOT_MAIL
D135593,0.941746,DO_NOT_MAIL
D135030,0.89608073,DO_NOT_MAIL
D113605,0.87722886,DO_NOT_MAIL
D140675,0.9767511,MAIL
D105315,0.0006870676,DO_NOT_MAIL
D105578,0.8693399,DO_NOT_MAIL
D141711,0.001709315,DO_NOT_MAIL
D122678,0.96004707,MAIL
D109952,0.99319565,MAIL
D113657,0.9206948,DO_NOT_MAIL
D143322,0.0040427693,DO_NOT_MAIL
D118261,0.4787969,DO_NOT_MAIL
D122946,7.05422e-05,DO_NOT_MAIL
D105857,0.12951258,DO_NOT_MAIL
D125682,0.9862926,MAIL
D101821,0.9333508,DO_NOT_MAIL
D106847,0.91175425,DO_NOT_MAIL
D113233,0.96137804,MAIL
D125298,0.93474895,DO_NOT_MAIL
D108568,0.14573017,DO_NOT_MAIL
D124915,0.8987183,DO_NOT_MAIL
D139047,0.18117611,DO_NOT_MAIL
D102143,0.609096,DO_NOT_MAIL
D137340,0.033213828,DO_NOT_MAIL
D141410,0.001673056,DO_NOT_MAIL
D124877,0.97578216,MAIL
D107941,0.4977795,DO_NOT_MAIL
D115378,0.19334832,DO_NOT_MAIL
D140924,0.023364345,DO_NOT_MAIL
D109339,0.47663742,DO_NOT_MAIL
D116657,0.7738617,DO_NOT_MAIL
D100449,0.06249726,DO_NOT_MAIL
D130389,0.91026044,DO_NOT_MAIL
D107463,0.9614345,MAIL
D121708,0.37099186,DO_NOT_MAIL
D108422,0.83729506,DO_NOT_MAIL
D122718,0.9062348,DO_NOT_MAIL
D113509,0.54543966,DO_NOT_MAIL
D110318,0.78250086,DO_NOT_MAIL
D134417,0.73969823,DO_NOT_MAIL
D110377,0.96521676,MAIL
D130595,0.025946887,DO_NOT_MAIL
D139927,0.08553492,DO_NOT_MAIL
D107360,0.831485,DO_NOT_MAIL
D140867,0.28978577,DO_NOT_MAIL
D139483,0.0035601994,DO_NOT_MAIL
D140280,0.11899637,DO_NOT_MAIL
D108669,0.35740292,DO_NOT_MAIL
D126106,0.01458632,DO_NOT_MAIL
D138879,0.1977612,DO_NOT_MAIL
D120990,0.9274354,DO_NOT_MAIL
D104873,0.009740786,DO_NOT_MAIL
D143389,0.002944709,DO_NOT_MAIL
D132957,0.8987183,DO_NOT_MAIL
D121301,0.8968021,DO_NOT_MAIL
D126535,0.97166663,MAIL
D103689,0.02914476,DO_NOT_MAIL
D137533,0.41684422,DO_NOT_MAIL
D117829,0.9675739,MAIL
D131441,0.9934628,MAIL
D104770,0.012488882,DO_NOT_MAIL
D111244,0.96705776,MAIL
D101277,0.00873324,DO_NOT_MAIL
D102046,0.98834795,MAIL
D102461,0.004394541,DO_NOT_MAIL
D137045,0.014160519,DO_NOT_MAIL
D123738,0.007245155,DO_NOT_MAIL
D125740,0.85828936,DO_NOT_MAIL
D106305,0.22933607,DO_NOT_MAIL
D136553,0.9615289,MAIL
D121788,0.6240543,DO_NOT_MAIL
D138417,0.009232847,DO_NOT_MAIL
D132779,0.47305262,DO_NOT_MAIL
D137670,0.82066286,DO_NOT_MAIL
D140824,0.00180442,DO_NOT_MAIL
D127967,0.14358053,DO_NOT_MAIL
D105142,0.008029773,DO_NOT_MAIL
D107900,0.97699124,MAIL
D129088,0.93013823,DO_NOT_MAIL
D106910,0.92517406,DO_NOT_MAIL
D111735,0.8555772,DO_NOT_MAIL
D102535,0.85706615,DO_NOT_MAIL
D141999,0.11996537,DO_NOT_MAIL
D103426,0.9924231,MAIL
D106119,0.17230265,DO_NOT_MAIL
D132110,0.10175597,DO_NOT_MAIL
D123073,0.4517611,DO_NOT_MAIL
D132085,0.96828955,MAIL
D119703,0.73969823,DO_NOT_MAIL
D118162,0.37099186,DO_NOT_MAIL
D102320,0.02393739,DO_NOT_MAIL
D139007,0.95977193,MAIL
D101281,0.43585023,DO_NOT_MAIL
D138050,0.99227387,MAIL
D132019,0.8916998,DO_NOT_MAIL
D131642,0.83709186,DO_NOT_MAIL
D139339,0.09007504,DO_NOT_MAIL
D141159,0.2831919,DO_NOT_MAIL
D136816,0.013883336,DO_NOT_MAIL
D117593,0.63235736,DO_NOT_MAIL
D141041,0.01726167,DO_NOT_MAIL
D103735,0.5139931,DO_NOT_MAIL
D134351,0.8434482,DO_NOT_MAIL
D115599,0.5410151,DO_NOT_MAIL
D121263,0.9788103,MAIL
D127526,0.018718723,DO_NOT_MAIL
D140329,0.2374149,DO_NOT_MAIL
D122126,0.6690531,DO_NOT_MAIL
D116321,0.7480704,DO_NOT_MAIL
D101919,0.99405515,MAIL
D122681,0.14372405,DO_NOT_MAIL
D141690,0.9972627,MAIL
D105563,0.022508161,DO_NOT_MAIL
D129705,0.9433685,DO_NOT_MAIL
D114684,0.31615755,DO_NOT_MAIL
D128175,0.047018465,DO_NOT_MAIL
D139109,0.034331933,DO_NOT_MAIL
D101883,0.7037504,DO_NOT_MAIL
D133912,0.02838099,DO_NOT_MAIL
D110227,0.89891535,DO_NOT_MAIL
D123605,0.85608035,DO_NOT_MAIL
D108271,0.80955744,DO_NOT_MAIL
D117408,0.047763713,DO_NOT_MAIL
D136447,0.93967676,DO_NOT_MAIL
D127414,0.05672955,DO_NOT_MAIL
D129985,0.9009107,DO_NOT_MAIL
D117542,0.95693064,MAIL
D132674,0.97982794,MAIL
D107209,0.9777964,MAIL
D109331,0.969633,MAIL
D103062,0.08516571,DO_NOT_MAIL
D124533,0.0002373916,DO_NOT_MAIL
D140511,0.14074124,DO_NOT_MAIL
D132486,0.83273935,DO_NOT_MAIL
D134723,0.008386455,DO_NOT_MAIL
D132453,0.961997,MAIL
D140787,0.008899326,DO_NOT_MAIL
D113049,0.975021,MAIL
D125432,0.90379035,DO_NOT_MAIL
D104544,0.0018465539,DO_NOT_MAIL
D114576,0.9349788,DO_NOT_MAIL
D101190,0.10254185,DO_NOT_MAIL
D137306,0.97171783,MAIL
D126609,0.52650124,DO_NOT_MAIL
D143728,0.004571748,DO_NOT_MAIL
D107042,0.96245515,MAIL
D140816,0.034458563,DO_NOT_MAIL
D126322,0.84869266,DO_NOT_MAIL
D106584,0.17388049,DO_NOT_MAIL
D121613,0.8073583,DO_NOT_MAIL
D128511,0.86922854,DO_NOT_MAIL
D130192,0.9760435,MAIL
D123890,0.80390793,DO_NOT_MAIL
D122271,0.022132816,DO_NOT_MAIL
D103914,0.14419259,DO_NOT_MAIL
D143363,0.0045152484,DO_NOT_MAIL
D127287,0.35533696,DO_NOT_MAIL
D101731,0.71599865,DO_NOT_MAIL
D121999,0.7177682,DO_NOT_MAIL
D130058,0.4507605,DO_NOT_MAIL
D118463,0.97982794,MAIL
D117072,0.06695204,DO_NOT_MAIL
D102709,0.8611976,DO_NOT_MAIL
D115617,0.04058716,DO_NOT_MAIL
D114775,0.16757017,DO_NOT_MAIL
D126010,0.018362613,DO_NOT_MAIL
D102405,0.90302545,DO_NOT_MAIL
D109731,0.881872,DO_NOT_MAIL
D102768,0.97521484,MAIL
D106738,0.056927007,DO_NOT_MAIL
D109719,0.0776044,DO_NOT_MAIL
D115069,0.8698155,DO_NOT_MAIL
D137464,0.042444516,DO_NOT_MAIL
D144606,0.4829173,DO_NOT_MAIL
D111553,0.4306767,DO_NOT_MAIL
D106073,0.92517406,DO_NOT_MAIL
D103272,0.28518537,DO_NOT_MAIL
D138688,0.031522773,DO_NOT_MAIL
D129515,1.6469676e-05,DO_NOT_MAIL
D127197,0.9788103,MAIL
D143112,0.13067102,DO_NOT_MAIL
D126149,0.092163414,DO_NOT_MAIL
D102792,0.9862926,MAIL
D126502,0.0010389002,DO_NOT_MAIL
D141812,0.09553999,DO_NOT_MAIL
D110574,0.026283726,DO_NOT_MAIL
D127484,0.79437804,DO_NOT_MAIL
D125276,0.7480704,DO_NOT_MAIL
D121241,0.8415551,DO_NOT_MAIL
D130775,0.71890134,DO_NOT_MAIL
D111448,0.95227355,MAIL
D141415,0.5912793,DO_NOT_MAIL
D118002,0.009185722,DO_NOT_MAIL
D123932,0.98266983,MAIL
D108984,0.9271437,DO_NOT_MAIL
D128461,0.8472271,DO_NOT_MAIL
D143408,0.008551807,DO_NOT_MAIL
D144126,0.9260206,DO_NOT_MAIL
D110280,0.042674765,DO_NOT_MAIL
D116683,0.9821608,MAIL
D104316,0.054671045,DO_NOT_MAIL
D116077,0.9101504,DO_NOT_MAIL
D118455,0.97234666,MAIL
D139195,0.081300326,DO_NOT_MAIL
D140092,0.009414679,DO_NOT_MAIL
D116529,0.25201592,DO_NOT_MAIL
D109508,0.8732268,DO_NOT_MAIL
D117571,0.9799463,MAIL
D120604,0.024874793,DO_NOT_MAIL
D128075,0.91089255,DO_NOT_MAIL
D144273,0.03479102,DO_NOT_MAIL
D119793,0.055220935,DO_NOT_MAIL
D103022,0.16757017,DO_NOT_MAIL
D124133,0.8087358,DO_NOT_MAIL
D121636,0.93909353,DO_NOT_MAIL
D131388,0.9306288,DO_NOT_MAIL
D139066,0.6001273,DO_NOT_MAIL
D111549,0.62193674,DO_NOT_MAIL
D121958,0.81474036,DO_NOT_MAIL
D135217,0.42323187,DO_NOT_MAIL
D122725,0.40061572,DO_NOT_MAIL
D113743,0.97138107,MAIL
D128751,0.5410151,DO_NOT_MAIL
D106663,0.9770189,MAIL
D109216,0.8427521,DO_NOT_MAIL
D122901,0.7089558,DO_NOT_MAIL
D102842,0.98778266,MAIL
D138462,0.10150809,DO_NOT_MAIL
D111869,0.8987183,DO_NOT_MAIL
D104717,0.9763776,MAIL
D140553,0.7720121,DO_NOT_MAIL
D129619,0.067606226,DO_NOT_MAIL
D110120,0.8211532,DO_NOT_MAIL
D110590,0.9662585,MAIL
D109454,0.8073583,DO_NOT_MAIL
D107953,0.01784842,DO_NOT_MAIL
D129577,0.7392137,DO_NOT_MAIL
D115228,0.92150646,DO_NOT_MAIL
D127826,0.21623768,DO_NOT_MAIL
D123474,0.70131403,DO_NOT_MAIL
D127895,0.045860816,DO_NOT_MAIL
D107565,0.033600077,DO_NOT_MAIL
D114258,0.9006484,DO_NOT_MAIL
D116130,0.8073583,DO_NOT_MAIL
D121451,0.9930816,MAIL
D112394,0.014973598,DO_NOT_MAIL
D121883,0.9916916,MAIL
D133558,0.037281603,DO_NOT_MAIL
D117558,0.96996504,MAIL
D125309,0.07968779,DO_NOT_MAIL
D109354,0.6690531,DO_NOT_MAIL
D109402,0.8536362,DO_NOT_MAIL
D126980,0.85608035,DO_NOT_MAIL
D104311,0.92679274,DO_NOT_MAIL
D137665,0.012932003,DO_NOT_MAIL
D131669,0.012266925,DO_NOT_MAIL
D136009,0.843054,DO_NOT_MAIL
D101614,0.941746,DO_NOT_MAIL
D120391,0.78538567,DO_NOT_MAIL
D129697,0.9854085,MAIL
D112676,0.03595258,DO_NOT_MAIL
D136835,0.0252782,DO_NOT_MAIL
D122685,0.95690113,MAIL
D111494,0.012285802,DO_NOT_MAIL
D130133,0.93806165,DO_NOT_MAIL
D123631,0.85608035,DO_NOT_MAIL
D131000,0.83709186,DO_NOT_MAIL
D137262,0.9283733,DO_NOT_MAIL
D138518,0.34258336,DO_NOT_MAIL
D126713,0.12208158,DO_NOT_MAIL
D119356,0.8167604,DO_NOT_MAIL
D111949,0.93471134,DO_NOT_MAIL
D128550,0.8892487,DO_NOT_MAIL
D144391,0.9662585,MAIL
D113206,0.969633,MAIL
D110606,0.92517847,DO_NOT_MAIL
D136277,0.10976238,DO_NOT_MAIL
D139404,0.06914527,DO_NOT_MAIL
D142397,0.048587773,DO_NOT_MAIL
D137992,0.9439591,DO_NOT_MAIL
D109456,0.9377958,DO_NOT_MAIL
D116959,0.18266709,DO_NOT_MAIL
D123816,0.47663742,DO_NOT_MAIL
D127171,0.7236768,DO_NOT_MAIL
D107571,0.8892487,DO_NOT_MAIL
D113498,0.9495193,DO_NOT_MAIL
D124537,0.34329972,DO_NOT_MAIL
D122840,0.02639102,DO_NOT_MAIL
D143903,0.03449018,DO_NOT_MAIL
D143893,0.83876956,DO_NOT_MAIL
D122555,0.061649784,DO_NOT_MAIL
D117385,0.8638606,DO_NOT_MAIL
D107653,0.011761603,DO_NOT_MAIL
D129357,0.00054531667,DO_NOT_MAIL
D101400,0.9685309,MAIL
D123109,0.85481644,DO_NOT_MAIL
D123900,0.9606411,MAIL
D101624,0.97097665,MAIL
D117271,0.97928065,MAIL
D122841,0.92095155,DO_NOT_MAIL
D104616,5.4284345e-05,DO_NOT_MAIL
D136879,0.40061572,DO_NOT_MAIL
D129136,0.0017197881,DO_NOT_MAIL
D122403,0.77132523,DO_NOT_MAIL
D142811,0.0023251362,DO_NOT_MAIL
D142311,0.22736125,DO_NOT_MAIL
D123635,0.4507605,DO_NOT_MAIL
D111903,0.9672093,MAIL
D116981,0.92679274,DO_NOT_MAIL
D132667,0.25449836,DO_NOT_MAIL
D124945,0.57094264,DO_NOT_MAIL
D140468,0.033275537,DO_NOT_MAIL
D136148,0.8332882,DO_NOT_MAIL
D133829,0.8291849,DO_NOT_MAIL
D139069,0.98323005,MAIL
D139298,0.13342161,DO_NOT_MAIL
D140503,0.031158514,DO_NOT_MAIL
D137527,0.38206527,DO_NOT_MAIL
D110256,0.012990742,DO_NOT_MAIL
D110739,0.88648987,DO_NOT_MAIL
D104942,0.3921568,DO_NOT_MAIL
D101557,0.952397,MAIL
D112751,0.8881598,DO_NOT_MAIL
D138755,0.28943583,DO_NOT_MAIL
D119119,0.016027793,DO_NOT_MAIL
D136171,0.60866964,DO_NOT_MAIL
D127377,0.8881598,DO_NOT_MAIL
D126145,0.76911116,DO_NOT_MAIL
D113960,0.08359978,DO_NOT_MAIL
D140555,0.025124803,DO_NOT_MAIL
D102148,0.98621076,MAIL
D102477,0.00024282666,DO_NOT_MAIL
D116053,0.00020621631,DO_NOT_MAIL
D135896,0.021793317,DO_NOT_MAIL
D104863,0.0037572768,DO_NOT_MAIL
D102398,0.03304682,DO_NOT_MAIL
D139980,0.05565202,DO_NOT_MAIL
D142511,0.064288095,DO_NOT_MAIL
D102943,0.1507076,DO_NOT_MAIL
D125439,0.8810793,DO_NOT_MAIL
D106665,0.9788836,MAIL
D128608,0.99302906,MAIL
D131296,0.46235517,DO_NOT_MAIL
D143133,0.32013583,DO_NOT_MAIL
D122508,0.9908206,MAIL
D139445,0.8548679,DO_NOT_MAIL
D123194,0.127589,DO_NOT_MAIL
D109453,0.7287747,DO_NOT_MAIL
D124775,0.19869725,DO_NOT_MAIL
D141949,0.9983885,MAIL
D142618,0.11908685,DO_NOT_MAIL
D120956,0.02161736,DO_NOT_MAIL
D127281,0.96483654,MAIL
D114751,0.85706615,DO_NOT_MAIL
D138951,0.013935626,DO_NOT_MAIL
D136122,0.23559432,DO_NOT_MAIL
D136283,0.038421333,DO_NOT_MAIL
D124228,0.31545827,DO_NOT_MAIL
D107674,0.9914744,MAIL
D123070,0.9947036,MAIL
D120543,0.016115746,DO_NOT_MAIL
D140328,0.24831708,DO_NOT_MAIL
D118030,0.40978232,DO_NOT_MAIL
D122691,0.8881598,DO_NOT_MAIL
D132329,0.047596343,DO_NOT_MAIL
D130364,0.85608035,DO_NOT_MAIL
D134763,0.014098124,DO_NOT_MAIL
D106013,0.5000924,DO_NOT_MAIL
D142558,0.0139369825,DO_NOT_MAIL
D131859,0.023218485,DO_NOT_MAIL
D110032,0.5442546,DO_NOT_MAIL
D125766,0.8432879,DO_NOT_MAIL
D102927,0.961119,MAIL
D113425,0.8572682,DO_NOT_MAIL
D108918,0.9917148,MAIL
D114580,0.92095155,DO_NOT_MAIL
D104276,0.99034715,MAIL
D120171,0.8726598,DO_NOT_MAIL
D120318,0.5672792,DO_NOT_MAIL
D110887,0.03805936,DO_NOT_MAIL
D121945,0.0048800237,DO_NOT_MAIL
D121017,0.092163414,DO_NOT_MAIL
D113592,0.63461775,DO_NOT_MAIL
D101144,0.8987183,DO_NOT_MAIL
D118645,0.07778099,DO_NOT_MAIL
D120685,0.12443556,DO_NOT_MAIL
D119821,0.9118403,DO_NOT_MAIL
D122320,0.9811509,MAIL
D117564,0.9924231,MAIL
D107652,0.8447092,DO_NOT_MAIL
D120125,0.87721014,DO_NOT_MAIL
D114315,0.9401205,DO_NOT_MAIL
D117005,0.9433685,DO_NOT_MAIL
D123797,0.9918596,MAIL
D122058,0.0035351722,DO_NOT_MAIL
D131220,0.029653719,DO_NOT_MAIL
D105619,0.20483819,DO_NOT_MAIL
D136555,0.14731482,DO_NOT_MAIL
D142324,0.050741587,DO_NOT_MAIL
D133722,0.89230096,DO_NOT_MAIL
D100513,0.052935857,DO_NOT_MAIL
D102897,0.9332782,DO_NOT_MAIL
D131475,0.012322821,DO_NOT_MAIL
D105694,0.9796536,MAIL
D129007,0.99048424,MAIL
D132259,0.94260883,DO_NOT_MAIL
D119628,0.78538567,DO_NOT_MAIL
D121629,0.9662585,MAIL
D117162,0.83709186,DO_NOT_MAIL
D139139,0.9381486,DO_NOT_MAIL
D108401,0.47305262,DO_NOT_MAIL
D108396,0.8089898,DO_NOT_MAIL
D107057,0.8447092,DO_NOT_MAIL
D129440,0.7332227,DO_NOT_MAIL
D100341,0.941746,DO_NOT_MAIL
D106267,0.9906378,MAIL
D143189,0.020965142,DO_NOT_MAIL
D108244,0.8545162,DO_NOT_MAIL
D127977,1.7782148e-05,DO_NOT_MAIL
D140142,0.99107075,MAIL
D113938,0.86922854,DO_NOT_MAIL
D124254,0.08465519,DO_NOT_MAIL
D135855,0.10184489,DO_NOT_MAIL
D106091,0.85608035,DO_NOT_MAIL
D122618,0.90379035,DO_NOT_MAIL
D120081,0.3414346,DO_NOT_MAIL
D107784,0.67464757,DO_NOT_MAIL
D139036,0.005090104,DO_NOT_MAIL
D104239,0.038146943,DO_NOT_MAIL
D113035,0.9736867,MAIL
D125994,0.8427521,DO_NOT_MAIL
D103283,0.69809425,DO_NOT_MAIL
D124079,0.98332673,MAIL
D106807,0.22497836,DO_NOT_MAIL
D104014,0.043532338,DO_NOT_MAIL
D131453,0.63208497,DO_NOT_MAIL
D140799,0.003923729,DO_NOT_MAIL
D118283,0.9259016,DO_NOT_MAIL
D131611,0.96004707,MAIL
D114084,0.9708299,MAIL
D118870,0.831485,DO_NOT_MAIL
D144243,0.055372383,DO_NOT_MAIL
D107679,0.96176934,MAIL
D121892,0.002908203,DO_NOT_MAIL
D136559,0.91289794,DO_NOT_MAIL
D134056,0.19886568,DO_NOT_MAIL
D104882,0.16158111,DO_NOT_MAIL
D136026,0.61640704,DO_NOT_MAIL
D126254,0.139387,DO_NOT_MAIL
D117425,0.77132523,DO_NOT_MAIL
D104842,0.0003761481,DO_NOT_MAIL
D102930,0.98721606,MAIL
D114588,0.9463768,DO_NOT_MAIL
D140297,0.07359159,DO_NOT_MAIL
D101346,0.7677933,DO_NOT_MAIL
D122831,0.027728392,DO_NOT_MAIL
D137810,0.0072323154,DO_NOT_MAIL
D111074,0.84598553,DO_NOT_MAIL
D120287,0.8852851,DO_NOT_MAIL
D140022,0.064416274,DO_NOT_MAIL
D137495,0.8981577,DO_NOT_MAIL
D125063,0.80390793,DO_NOT_MAIL
D136493,0.8968021,DO_NOT_MAIL
D130679,0.010971844,DO_NOT_MAIL
D124327,0.9305908,DO_NOT_MAIL
D110175,0.95764256,MAIL
D113948,0.43585023,DO_NOT_MAIL
D109816,0.035352677,DO_NOT_MAIL
D127327,0.9711374,MAIL
D142818,0.0864359,DO_NOT_MAIL
D128960,0.010072841,DO_NOT_MAIL
D126563,0.0029601944,DO_NOT_MAIL
D123356,0.92848164,DO_NOT_MAIL
D103933,0.4682902,DO_NOT_MAIL
D131829,0.0007704037,DO_NOT_MAIL
D112418,0.81654066,DO_NOT_MAIL
D139129,0.9656668,MAIL
D115720,0.83709186,DO_NOT_MAIL
D124570,0.83696747,DO_NOT_MAIL
D123964,0.88723224,DO_NOT_MAIL
D133358,0.9781587,MAIL
D114076,0.88971186,DO_NOT_MAIL
D141777,0.4563305,DO_NOT_MAIL
D104124,0.24890047,DO_NOT_MAIL
D133432,0.54785824,DO_NOT_MAIL
D132803,0.9762186,MAIL
D128486,0.3118778,DO_NOT_MAIL
D139354,0.09512018,DO_NOT_MAIL
D133274,0.6072669,DO_NOT_MAIL
D144245,0.0039842697,DO_NOT_MAIL
D129305,0.9917236,MAIL
D111311,0.6240543,DO_NOT_MAIL
D107787,0.44285083,DO_NOT_MAIL
D110170,0.975021,MAIL
D116036,0.98332673,MAIL
D108201,0.0025970726,DO_NOT_MAIL
D106918,0.8165528,DO_NOT_MAIL
D134561,0.96121466,MAIL
D135216,0.8764,DO_NOT_MAIL
D143560,0.004572588,DO_NOT_MAIL
D108170,0.8611976,DO_NOT_MAIL
D115924,0.78250086,DO_NOT_MAIL
D131693,0.80390793,DO_NOT_MAIL
D114158,0.5530664,DO_NOT_MAIL
D115161,0.9450459,DO_NOT_MAIL
D106723,0.9294427,DO_NOT_MAIL
D106642,0.96596277,MAIL
D142834,0.31802046,DO_NOT_MAIL
D135842,0.19768581,DO_NOT_MAIL
D130621,0.6545905,DO_NOT_MAIL
D111897,0.95690113,MAIL
D125745,0.93474895,DO_NOT_MAIL
D114804,0.07307611,DO_NOT_MAIL
D118818,0.016877567,DO_NOT_MAIL
D111284,0.973722,MAIL
D114141,0.718007,DO_NOT_MAIL
D113536,0.94837177,DO_NOT_MAIL
D106344,0.718007,DO_NOT_MAIL
D115906,0.98721606,MAIL
D100771,0.5410151,DO_NOT_MAIL
D107086,0.97373116,MAIL
D100716,0.000715106,DO_NOT_MAIL
D121268,0.9777964,MAIL
D133038,0.0386629,DO_NOT_MAIL
D116972,0.9377958,DO_NOT_MAIL
D126180,0.055978753,DO_NOT_MAIL
D118635,0.96373117,MAIL
D126333,0.97942126,MAIL
D122322,0.47305262,DO_NOT_MAIL
D143044,0.98979646,MAIL
D113477,0.9690147,MAIL
D142472,0.05556938,DO_NOT_MAIL
D127805,0.98778266,MAIL
D117860,0.9947642,MAIL
D140455,0.4666188,DO_NOT_MAIL
D117681,0.051082227,DO_NOT_MAIL
D127847,0.0014336304,DO_NOT_MAIL
D127857,0.02021881,DO_NOT_MAIL
D121034,0.25553444,DO_NOT_MAIL
D104092,0.017076448,DO_NOT_MAIL
D108558,0.87722886,DO_NOT_MAIL
D123711,0.7834801,DO_NOT_MAIL
D110744,0.20980926,DO_NOT_MAIL
D140823,0.03268272,DO_NOT_MAIL
D108955,0.06653709,DO_NOT_MAIL
D104788,0.011401982,DO_NOT_MAIL
D142035,0.32909858,DO_NOT_MAIL
D106814,0.97271967,MAIL
D108938,0.9225519,DO_NOT_MAIL
D127419,0.91175425,DO_NOT_MAIL
D139085,0.010503686,DO_NOT_MAIL
D141648,0.0992883,DO_NOT_MAIL
D106423,0.973722,MAIL
D117672,0.8538114,DO_NOT_MAIL
D114665,0.8665668,DO_NOT_MAIL
D139551,0.07274847,DO_NOT_MAIL
D141385,0.094341695,DO_NOT_MAIL
D126852,0.9957491,MAIL
D134963,0.010981456,DO_NOT_MAIL
D104524,0.92521757,DO_NOT_MAIL
D114898,0.01786312,DO_NOT_MAIL
D140345,0.046017803,DO_NOT_MAIL
D127909,0.081105374,DO_NOT_MAIL
D117736,0.96432096,MAIL
D134349,0.012318776,DO_NOT_MAIL
D124294,0.73969823,DO_NOT_MAIL
D115026,0.9793005,MAIL
D135194,0.8427521,DO_NOT_MAIL
D114095,0.21838695,DO_NOT_MAIL
D142333,0.045158535,DO_NOT_MAIL
D134250,0.83081913,DO_NOT_MAIL
D100843,0.8087358,DO_NOT_MAIL
D120972,0.54785824,DO_NOT_MAIL
D139644,0.025356384,DO_NOT_MAIL
D130190,0.80377066,DO_NOT_MAIL
D109289,0.7287747,DO_NOT_MAIL
D132961,0.7287747,DO_NOT_MAIL
D127331,0.9452333,DO_NOT_MAIL
D133719,0.2260397,DO_NOT_MAIL
D134929,0.9621897,MAIL
D144076,0.01088873,DO_NOT_MAIL
D138469,0.015628288,DO_NOT_MAIL
D132631,0.8638606,DO_NOT_MAIL
D115673,0.18018544,DO_NOT_MAIL
D138566,0.002760052,DO_NOT_MAIL
D138578,0.00026307773,DO_NOT_MAIL
D105910,0.9588186,MAIL
D124938,0.97166663,MAIL
D118500,0.97982794,MAIL
D112501,0.89545536,DO_NOT_MAIL
D121175,0.024277883,DO_NOT_MAIL
D120258,0.9290283,DO_NOT_MAIL
D104772,0.155177,DO_NOT_MAIL
D116568,0.057713885,DO_NOT_MAIL
D115270,0.57892644,DO_NOT_MAIL
D108926,0.94288254,DO_NOT_MAIL
D134788,0.87192446,DO_NOT_MAIL
D139261,0.039608926,DO_NOT_MAIL
D142886,0.27329776,DO_NOT_MAIL
D144683,0.0037470898,DO_NOT_MAIL
D143064,0.2842597,DO_NOT_MAIL
D132817,0.11306089,DO_NOT_MAIL
D112389,0.6725385,DO_NOT_MAIL
D120837,0.0056668576,DO_NOT_MAIL
D115876,0.9171358,DO_NOT_MAIL
D136159,0.9288742,DO_NOT_MAIL
D138022,0.06197706,DO_NOT_MAIL
D112963,0.93013823,DO_NOT_MAIL
D100952,0.92150646,DO_NOT_MAIL
D135880,0.9615289,MAIL
D121630,0.78538567,DO_NOT_MAIL
D108016,0.85991716,DO_NOT_MAIL
D135622,0.99101263,MAIL
D133097,0.0023813592,DO_NOT_MAIL
D142193,0.02482278,DO_NOT_MAIL
D104290,0.123907425,DO_NOT_MAIL
D117217,0.99346536,MAIL
D110068,0.97696793,MAIL
D112428,0.88971186,DO_NOT_MAIL
D131122,0.011727787,DO_NOT_MAIL
D139695,0.63464105,DO_NOT_MAIL
D101003,0.6469854,DO_NOT_MAIL
D126630,0.036243133,DO_NOT_MAIL
D141070,0.6922717,DO_NOT_MAIL
D143134,0.01880748,DO_NOT_MAIL
D107684,0.9401205,DO_NOT_MAIL
D139135,0.10539476,DO_NOT_MAIL
D126859,0.72899306,DO_NOT_MAIL
D138493,0.1433183,DO_NOT_MAIL
D134078,0.00025067935,DO_NOT_MAIL
D103662,0.9554237,MAIL
D112367,0.38244665,DO_NOT_MAIL
D130115,0.52650124,DO_NOT_MAIL
D143840,0.84301037,DO_NOT_MAIL
D115023,0.5243425,DO_NOT_MAIL
D112613,0.47103575,DO_NOT_MAIL
D141349,0.08711461,DO_NOT_MAIL
D103744,0.8427521,DO_NOT_MAIL
D122539,0.9834034,MAIL
D107355,0.9092488,DO_NOT_MAIL
D133043,0.04401163,DO_NOT_MAIL
D109792,0.5279227,DO_NOT_MAIL
D117032,0.87722886,DO_NOT_MAIL
D136685,0.9519325,DO_NOT_MAIL
D102240,0.9858009,MAIL
D125180,0.43585023,DO_NOT_MAIL
D139556,0.3984134,DO_NOT_MAIL
D108350,0.9745087,MAIL
D135516,0.20673329,DO_NOT_MAIL
D131594,0.9062348,DO_NOT_MAIL
D125374,0.6816522,DO_NOT_MAIL
D118755,0.12233587,DO_NOT_MAIL
D127074,0.62353516,DO_NOT_MAIL
D103675,0.94473964,DO_NOT_MAIL
D123046,0.4589601,DO_NOT_MAIL
D115382,0.8638606,DO_NOT_MAIL
D114740,0.90379035,DO_NOT_MAIL
D128626,0.98479754,MAIL
D143531,0.019159637,DO_NOT_MAIL
D130495,0.9615289,MAIL
D144660,0.8483679,DO_NOT_MAIL
D142253,0.078972295,DO_NOT_MAIL
D100073,0.013233447,DO_NOT_MAIL
D133531,0.54785824,DO_NOT_MAIL
D134174,0.05526799,DO_NOT_MAIL
D120890,0.96996504,MAIL
D119061,0.00046026288,DO_NOT_MAIL
D120092,0.92751646,DO_NOT_MAIL
D112958,0.9638973,MAIL
D108928,0.831485,DO_NOT_MAIL
D104367,0.28613627,DO_NOT_MAIL
D112647,0.9523826,MAIL
D143921,0.011627206,DO_NOT_MAIL
D129854,0.0023637693,DO_NOT_MAIL
D110790,0.37985092,DO_NOT_MAIL
D104557,0.7677933,DO_NOT_MAIL
D117241,0.97373116,MAIL
D103295,0.22464776,DO_NOT_MAIL
D109165,0.9452333,DO_NOT_MAIL
D138964,0.06465097,DO_NOT_MAIL
D118195,0.9463768,DO_NOT_MAIL
D107412,0.21022946,DO_NOT_MAIL
D117525,0.2394468,DO_NOT_MAIL
D134672,0.00025943192,DO_NOT_MAIL
D108231,0.9854085,MAIL
D128251,0.9469066,DO_NOT_MAIL
D131490,0.36954117,DO_NOT_MAIL
D111027,0.9003407,DO_NOT_MAIL
D122636,0.9257085,DO_NOT_MAIL
D100319,0.98118603,MAIL
D103591,0.9623464,MAIL
D115500,0.973722,MAIL
D105131,0.68927664,DO_NOT_MAIL
D108794,0.9934974,MAIL
D126486,0.263628,DO_NOT_MAIL
D117770,0.9685309,MAIL
D107068,0.85481644,DO_NOT_MAIL
D100583,0.96596277,MAIL
D137280,0.23831424,DO_NOT_MAIL
D100103,0.042566072,DO_NOT_MAIL
D101583,0.03298931,DO_NOT_MAIL
D118042,0.12464643,DO_NOT_MAIL
D139656,0.66872305,DO_NOT_MAIL
D133312,0.9470951,DO_NOT_MAIL
D109758,0.15087922,DO_NOT_MAIL
D132529,0.76365095,DO_NOT_MAIL
D111944,0.90447336,DO_NOT_MAIL
D100001,0.98118603,MAIL
D138770,0.17701328,DO_NOT_MAIL
D118306,0.8834172,DO_NOT_MAIL
D129719,0.9614345,MAIL
D101794,0.7969786,DO_NOT_MAIL
D133729,0.5925024,DO_NOT_MAIL
D123659,0.2858336,DO_NOT_MAIL
D101377,0.94260883,DO_NOT_MAIL
D140696,0.7050672,DO_NOT_MAIL
D114260,0.88971186,DO_NOT_MAIL
D119776,0.843054,DO_NOT_MAIL
D134295,0.009510018,DO_NOT_MAIL
D134931,0.73969823,DO_NOT_MAIL
D119878,0.052713923,DO_NOT_MAIL
D144343,0.008277499,DO_NOT_MAIL
D138451,0.008414279,DO_NOT_MAIL
D107714,0.81131417,DO_NOT_MAIL
D104534,0.7143533,DO_NOT_MAIL
D112659,0.4615115,DO_NOT_MAIL
D137067,0.018706365,DO_NOT_MAIL
D108083,0.76365095,DO_NOT_MAIL
D102744,0.9798037,MAIL
D114779,0.72642475,DO_NOT_MAIL
D113957,0.9640741,MAIL
D129451,0.973722,MAIL
D107954,0.9720347,MAIL
D121028,0.57925963,DO_NOT_MAIL
D128916,0.831485,DO_NOT_MAIL
D101532,0.04834999,DO_NOT_MAIL
D105960,0.051238064,DO_NOT_MAIL
D117228,0.57365626,DO_NOT_MAIL
D100884,0.000352764,DO_NOT_MAIL
D134227,0.967649,MAIL
D117777,0.93471134,DO_NOT_MAIL
D140020,0.014972727,DO_NOT_MAIL
D109695,0.96521676,MAIL
D141480,0.0021607042,DO_NOT_MAIL
D129457,0.92521757,DO_NOT_MAIL
D114097,0.9792474,MAIL
D143192,0.001687819,DO_NOT_MAIL
D110811,0.8187345,DO_NOT_MAIL
D104956,0.992906,MAIL
D103868,0.9554237,MAIL
D117888,0.0054892455,DO_NOT_MAIL
D131460,0.01695989,DO_NOT_MAIL
D139959,0.11180338,DO_NOT_MAIL
D107719,0.98471385,MAIL
D106475,0.9212338,DO_NOT_MAIL
D113267,0.92751646,DO_NOT_MAIL
D120409,0.63461775,DO_NOT_MAIL
D137139,0.98706704,MAIL
D105608,0.8981577,DO_NOT_MAIL
D116640,0.9623464,MAIL
D131152,0.5153194,DO_NOT_MAIL
D103154,0.092163414,DO_NOT_MAIL
D122209,0.8586959,DO_NOT_MAIL
D119162,0.8073583,DO_NOT_MAIL
D130013,0.7646645,DO_NOT_MAIL
D118472,0.718007,DO_NOT_MAIL
D134998,0.90906745,DO_NOT_MAIL
D112672,0.8983231,DO_NOT_MAIL
D138033,0.0305448,DO_NOT_MAIL
D107261,0.37817994,DO_NOT_MAIL
D124108,0.9788836,MAIL
D102840,0.96245515,MAIL
D139028,0.9246384,DO_NOT_MAIL
D134891,0.99369437,MAIL
D103314,0.81654066,DO_NOT_MAIL
D111172,0.70131403,DO_NOT_MAIL
D115286,0.9932689,MAIL
D117638,0.36268032,DO_NOT_MAIL
D101550,0.79437804,DO_NOT_MAIL
D137991,0.17398867,DO_NOT_MAIL
D105508,0.8537907,DO_NOT_MAIL
D112144,0.9763776,MAIL
D112852,0.8087358,DO_NOT_MAIL
D141120,0.0040309406,DO_NOT_MAIL
D126663,0.0006063545,DO_NOT_MAIL
D134327,0.85608035,DO_NOT_MAIL
D139538,0.082315445,DO_NOT_MAIL
D141273,0.007344846,DO_NOT_MAIL
D107872,0.066221565,DO_NOT_MAIL
D139342,0.12737936,DO_NOT_MAIL
D134073,0.59831506,DO_NOT_MAIL
D131910,0.013829556,DO_NOT_MAIL
D125680,0.9231406,DO_NOT_MAIL
D128779,0.027561015,DO_NOT_MAIL
D137115,0.8659051,DO_NOT_MAIL
D105251,0.9212338,DO_NOT_MAIL
D113006,0.88879144,DO_NOT_MAIL
D144376,0.56299716,DO_NOT_MAIL
D125075,0.33539128,DO_NOT_MAIL
D136768,0.40978232,DO_NOT_MAIL
D126603,0.049090885,DO_NOT_MAIL
D109956,0.5925024,DO_NOT_MAIL
D132917,0.09313325,DO_NOT_MAIL
D129716,0.010715759,DO_NOT_MAIL
D137944,0.006260987,DO_NOT_MAIL
D112872,0.9105622,DO_NOT_MAIL
D144421,0.89608073,DO_NOT_MAIL
D103507,0.4589601,DO_NOT_MAIL
D136510,0.4085892,DO_NOT_MAIL
D136939,0.107259065,DO_NOT_MAIL
D102525,0.06547371,DO_NOT_MAIL
D144281,0.25212294,DO_NOT_MAIL
D144445,0.90302545,DO_NOT_MAIL
D112173,0.71599865,DO_NOT_MAIL
D103073,0.013226936,DO_NOT_MAIL
D122806,0.9259016,DO_NOT_MAIL
D137482,0.9349788,DO_NOT_MAIL
D131895,0.83528817,DO_NOT_MAIL
D100834,0.1677887,DO_NOT_MAIL
D105990,0.05685044,DO_NOT_MAIL
D118908,0.8399911,DO_NOT_MAIL
D127491,0.94638574,DO_NOT_MAIL
D143242,0.036628053,DO_NOT_MAIL
D119209,0.824826,DO_NOT_MAIL
D142943,0.98814607,MAIL
D110423,0.9225519,DO_NOT_MAIL
D123666,0.98471385,MAIL
D122396,0.9401205,DO_NOT_MAIL
D116983,0.91175425,DO_NOT_MAIL
D112000,0.00048772554,DO_NOT_MAIL
D133178,0.9169836,DO_NOT_MAIL
D102294,0.035481337,DO_NOT_MAIL
D100281,0.96000904,MAIL
D137043,0.00070822425,DO_NOT_MAIL
D121367,0.63461775,DO_NOT_MAIL
D117201,0.9508744,DO_NOT_MAIL
D134336,0.40978232,DO_NOT_MAIL
D109859,0.8427521,DO_NOT_MAIL
D125474,0.0017707024,DO_NOT_MAIL
D100777,0.8883942,DO_NOT_MAIL
D127050,0.47663742,DO_NOT_MAIL
D102052,0.051069215,DO_NOT_MAIL
D120520,0.97094315,MAIL
D129574,0.9259016,DO_NOT_MAIL
D136395,0.93806165,DO_NOT_MAIL
D130103,0.9470951,DO_NOT_MAIL
D139894,0.021634264,DO_NOT_MAIL
D100011,0.07961838,DO_NOT_MAIL
D114421,0.04691218,DO_NOT_MAIL
D117482,0.901168,DO_NOT_MAIL
D131386,0.01223686,DO_NOT_MAIL
D135816,0.08772015,DO_NOT_MAIL
D108806,0.044045497,DO_NOT_MAIL
D111430,0.95693064,MAIL
D131137,0.68927664,DO_NOT_MAIL
D116174,0.98510695,MAIL
D140045,0.19342996,DO_NOT_MAIL
D103721,0.99292165,MAIL
D101805,0.015246481,DO_NOT_MAIL
D138846,0.9519337,MAIL
D133555,0.57086194,DO_NOT_MAIL
D136297,0.047209587,DO_NOT_MAIL
D128397,0.11481261,DO_NOT_MAIL
D100125,0.35888764,DO_NOT_MAIL
D124462,0.06199742,DO_NOT_MAIL
D111551,0.9259016,DO_NOT_MAIL
D124202,0.6690531,DO_NOT_MAIL
D114371,0.93728566,DO_NOT_MAIL
D138239,0.8415551,DO_NOT_MAIL
D119257,0.96294856,MAIL
D128090,0.9936553,MAIL
D112332,0.9788103,MAIL
D122835,0.9716717,MAIL
D108249,0.84229296,DO_NOT_MAIL
D114399,0.023227204,DO_NOT_MAIL
D141243,0.11468927,DO_NOT_MAIL
D118050,0.8555772,DO_NOT_MAIL
D104149,0.7177682,DO_NOT_MAIL
D137499,0.99101263,MAIL
D135484,0.8415551,DO_NOT_MAIL
D138734,0.040258527,DO_NOT_MAIL
D138847,0.89521927,DO_NOT_MAIL
D111394,0.42839998,DO_NOT_MAIL
D128490,0.718007,DO_NOT_MAIL
D107441,0.9788905,MAIL
D136484,0.6284032,DO_NOT_MAIL
D100387,0.037753955,DO_NOT_MAIL
D116282,0.8415551,DO_NOT_MAIL
D124008,0.8595816,DO_NOT_MAIL
D131457,0.8545162,DO_NOT_MAIL
D103763,0.84327435,DO_NOT_MAIL
D133848,0.0007421202,DO_NOT_MAIL
D128954,0.98580605,MAIL
D129287,0.00024062864,DO_NOT_MAIL
D107417,0.73969823,DO_NOT_MAIL
D112761,0.09064534,DO_NOT_MAIL
D127540,0.9212338,DO_NOT_MAIL
D135684,0.85924363,DO_NOT_MAIL
D116509,0.86922854,DO_NOT_MAIL
D107292,0.52650124,DO_NOT_MAIL
D110964,0.7304995,DO_NOT_MAIL
D124482,0.05793949,DO_NOT_MAIL
D123530,0.8555243,DO_NOT_MAIL
D142665,0.04204032,DO_NOT_MAIL
D111772,0.6690531,DO_NOT_MAIL
D125859,0.70336944,DO_NOT_MAIL
D101934,0.0011783269,DO_NOT_MAIL
D141601,0.22422983,DO_NOT_MAIL
D115216,0.3238702,DO_NOT_MAIL
D124200,2.756417e-05,DO_NOT_MAIL
D122914,0.8595816,DO_NOT_MAIL
D119635,0.9788103,MAIL
D125409,0.72434723,DO_NOT_MAIL
D123928,0.29273427,DO_NOT_MAIL
D125736,0.98068994,MAIL
D115560,0.9452333,DO_NOT_MAIL
D118935,0.96921176,MAIL
D101955,0.37932524,DO_NOT_MAIL
D114462,0.93300116,DO_NOT_MAIL
D140135,0.0016409531,DO_NOT_MAIL
D127087,0.97298795,MAIL
D120948,0.97720313,MAIL
D131679,0.99087244,MAIL
D101399,0.7287747,DO_NOT_MAIL
D103021,0.954501,MAIL
D108293,0.9716717,MAIL
D133806,0.9729189,MAIL
D134546,0.99141425,MAIL
D123598,0.93474895,DO_NOT_MAIL
D129618,0.5943451,DO_NOT_MAIL
D102716,0.83460116,DO_NOT_MAIL
D111508,0.78161925,DO_NOT_MAIL
D117982,0.9838995,MAIL
D124103,0.70336944,DO_NOT_MAIL
D129083,0.66697764,DO_NOT_MAIL
D139859,0.9853275,MAIL
D107553,0.4573555,DO_NOT_MAIL
D143218,0.0014951426,DO_NOT_MAIL
D129493,0.83746874,DO_NOT_MAIL
D109357,0.83081913,DO_NOT_MAIL
D143616,0.072199486,DO_NOT_MAIL
D104299,0.97171783,MAIL
D120761,0.07730862,DO_NOT_MAIL
D128726,0.93471134,DO_NOT_MAIL
D102512,0.036809757,DO_NOT_MAIL
D102249,0.17760584,DO_NOT_MAIL
D110585,0.89259124,DO_NOT_MAIL
D118516,0.06557358,DO_NOT_MAIL
D128304,0.069468975,DO_NOT_MAIL
D104801,0.25594968,DO_NOT_MAIL
D124623,0.00731488,DO_NOT_MAIL
D126568,0.006176173,DO_NOT_MAIL
D106298,0.004320473,DO_NOT_MAIL
D104108,0.91175425,DO_NOT_MAIL
D125147,0.057786472,DO_NOT_MAIL
D127636,0.92087764,DO_NOT_MAIL
D105420,0.059357002,DO_NOT_MAIL
D132616,0.1895337,DO_NOT_MAIL
D139418,0.034429714,DO_NOT_MAIL
D102650,0.94837177,DO_NOT_MAIL
D127665,0.8981577,DO_NOT_MAIL
D105814,0.94260883,DO_NOT_MAIL
D111925,0.018706698,DO_NOT_MAIL
D126348,0.98377293,MAIL
D114062,0.56299716,DO_NOT_MAIL
D110260,0.37515566,DO_NOT_MAIL
D114422,0.8810793,DO_NOT_MAIL
D128151,0.119056195,DO_NOT_MAIL
D118253,0.9862926,MAIL
D143584,0.0012258447,DO_NOT_MAIL
D136421,0.9225519,DO_NOT_MAIL
D109721,0.1378037,DO_NOT_MAIL
D123597,0.82213485,DO_NOT_MAIL
D135247,0.8399911,DO_NOT_MAIL
D128619,0.071604416,DO_NOT_MAIL
D138588,0.059549287,DO_NOT_MAIL
D118243,0.89230096,DO_NOT_MAIL
D138374,0.9825382,MAIL
D142952,0.0114691695,DO_NOT_MAIL
D121105,0.81654066,DO_NOT_MAIL
D143789,0.074251905,DO_NOT_MAIL
D142163,0.0049612657,DO_NOT_MAIL
D105012,0.3541987,DO_NOT_MAIL
D141467,0.041632142,DO_NOT_MAIL
D135154,0.9777964,MAIL
D140994,0.10343488,DO_NOT_MAIL
D126899,0.0043282313,DO_NOT_MAIL
D134285,0.96521676,MAIL
D126974,0.113867976,DO_NOT_MAIL
D101647,0.019521562,DO_NOT_MAIL
D132997,0.9782883,MAIL
D119709,0.040071197,DO_NOT_MAIL
D104986,0.96558905,MAIL
D102686,0.9377958,DO_NOT_MAIL
D105373,0.97928065,MAIL
D137531,0.941746,DO_NOT_MAIL
D104431,0.5399626,DO_NOT_MAIL
D122214,0.04509451,DO_NOT_MAIL
D108371,0.97166663,MAIL
D130469,0.96828955,MAIL
D142525,0.058283877,DO_NOT_MAIL
D114941,0.9802091,MAIL
D138736,0.008073848,DO_NOT_MAIL
D136372,0.030720718,DO_NOT_MAIL
D127775,0.22264627,DO_NOT_MAIL
D123653,0.9736867,MAIL
D107501,0.9258597,DO_NOT_MAIL
D139180,0.0072599077,DO_NOT_MAIL
D100572,0.930294,DO_NOT_MAIL
D108726,0.9274354,DO_NOT_MAIL
D141681,0.038558934,DO_NOT_MAIL
D141636,0.077082716,DO_NOT_MAIL
D125168,0.88092905,DO_NOT_MAIL
D132710,0.94612527,DO_NOT_MAIL
D134266,0.47686204,DO_NOT_MAIL
D136565,0.8427521,DO_NOT_MAIL
D103654,0.2966485,DO_NOT_MAIL
D123281,0.9418153,DO_NOT_MAIL
D131641,0.96617204,MAIL
D106164,0.025162743,DO_NOT_MAIL
D127734,0.8961919,DO_NOT_MAIL
D118662,0.9118403,DO_NOT_MAIL
D118700,0.8892487,DO_NOT_MAIL
D109032,0.9225519,DO_NOT_MAIL
D125159,0.6885914,DO_NOT_MAIL
D143608,0.959212,MAIL
D101551,0.91026044,DO_NOT_MAIL
D141062,0.3037975,DO_NOT_MAIL
D123422,0.9358564,DO_NOT_MAIL
D141638,0.6355299,DO_NOT_MAIL
D140293,0.002330262,DO_NOT_MAIL
D112856,0.9176977,DO_NOT_MAIL
D140179,0.057737503,DO_NOT_MAIL
D113349,0.3337519,DO_NOT_MAIL
D140912,0.18790707,DO_NOT_MAIL
D103707,0.9039037,DO_NOT_MAIL
D126261,0.9003407,DO_NOT_MAIL
D130667,0.8009333,DO_NOT_MAIL
D114190,0.7304995,DO_NOT_MAIL
D142299,0.0856172,DO_NOT_MAIL
D125413,0.9450459,DO_NOT_MAIL
D134193,0.4978508,DO_NOT_MAIL
D132569,0.609096,DO_NOT_MAIL
D102436,0.026369048,DO_NOT_MAIL
D136033,0.15819159,DO_NOT_MAIL
D116340,0.92521757,DO_NOT_MAIL
D133299,0.99171,MAIL
D138601,0.98742235,MAIL
D139234,0.89680403,DO_NOT_MAIL
D116013,0.92679274,DO_NOT_MAIL
D104359,0.88648987,DO_NOT_MAIL
D108087,0.8555772,DO_NOT_MAIL
D116911,0.105623096,DO_NOT_MAIL
D111039,0.96776885,MAIL
D141288,0.9469236,DO_NOT_MAIL
D126156,0.86891735,DO_NOT_MAIL
D112004,0.3063694,DO_NOT_MAIL
D114585,0.92751646,DO_NOT_MAIL
D138044,0.08637277,DO_NOT_MAIL
D116343,0.96617204,MAIL
D126108,0.009088485,DO_NOT_MAIL
D120669,0.9658472,MAIL
D110858,0.7615561,DO_NOT_MAIL
D108750,0.9463768,DO_NOT_MAIL
D142779,0.8669886,DO_NOT_MAIL
D104561,0.027507257,DO_NOT_MAIL
D108307,0.53554064,DO_NOT_MAIL
D119405,0.0110396845,DO_NOT_MAIL
D104121,0.012491465,DO_NOT_MAIL
D107856,0.9788103,MAIL
D114483,0.62353516,DO_NOT_MAIL
D108456,0.8538114,DO_NOT_MAIL
D130045,0.63208497,DO_NOT_MAIL
D127137,0.006431146,DO_NOT_MAIL
D135161,0.93471134,DO_NOT_MAIL
D115595,0.9923178,MAIL
D109718,0.92679274,DO_NOT_MAIL
D110794,0.6431161,DO_NOT_MAIL
D115497,0.9924231,MAIL
D115410,0.98464113,MAIL
D112526,0.9490709,DO_NOT_MAIL
D133474,0.9274354,DO_NOT_MAIL
D143703,0.9838929,MAIL
D110083,0.23941977,DO_NOT_MAIL
D112604,0.6240543,DO_NOT_MAIL
D107993,0.9164817,DO_NOT_MAIL
D116144,0.9905811,MAIL
D106451,0.0046832315,DO_NOT_MAIL
D110321,0.06414018,DO_NOT_MAIL
D104756,0.0034131666,DO_NOT_MAIL
D114089,0.77132523,DO_NOT_MAIL
D134269,0.013927406,DO_NOT_MAIL
D106130,0.7323564,DO_NOT_MAIL
D124760,0.066107765,DO_NOT_MAIL
D115786,0.63208497,DO_NOT_MAIL
D143695,0.029216163,DO_NOT_MAIL
D123817,0.8809452,DO_NOT_MAIL
D128739,0.99192226,MAIL
D107162,0.010538803,DO_NOT_MAIL
D123891,0.07882306,DO_NOT_MAIL
D106504,0.019645087,DO_NOT_MAIL
D131064,0.955618,MAIL
D107754,0.99034715,MAIL
D106695,0.8611976,DO_NOT_MAIL
D124841,0.0066933483,DO_NOT_MAIL
D128778,0.8346668,DO_NOT_MAIL
D126510,4.2146814e-05,DO_NOT_MAIL
D124218,0.0013718127,DO_NOT_MAIL
D124477,0.2726416,DO_NOT_MAIL
D133638,0.9748004,MAIL
D134640,0.94440866,DO_NOT_MAIL
D108460,0.92095155,DO_NOT_MAIL
D102241,0.010262314,DO_NOT_MAIL
D138927,0.013529226,DO_NOT_MAIL
D134674,0.02491274,DO_NOT_MAIL
D122638,0.19277851,DO_NOT_MAIL
D132895,0.004029438,DO_NOT_MAIL
D138045,0.5886915,DO_NOT_MAIL
D107269,0.08549025,DO_NOT_MAIL
D125455,0.9747672,MAIL
D119435,0.79660517,DO_NOT_MAIL
D142326,0.001531458,DO_NOT_MAIL
D105157,0.9901883,MAIL
D133058,0.0030425685,DO_NOT_MAIL
D102092,0.97595996,MAIL
D144016,0.0075007384,DO_NOT_MAIL
D117364,0.96470815,MAIL
D114642,0.97928065,MAIL
D141743,0.0037906184,DO_NOT_MAIL
D117670,0.8961919,DO_NOT_MAIL
D130487,0.7889207,DO_NOT_MAIL
D121409,0.97595996,MAIL
D114449,0.92087764,DO_NOT_MAIL
D117412,0.9833103,MAIL
D107763,0.0021795575,DO_NOT_MAIL
D105686,0.8573629,DO_NOT_MAIL
D140876,0.9947655,MAIL
D117374,0.9854085,MAIL
D141071,0.05989403,DO_NOT_MAIL
D137736,0.0013218039,DO_NOT_MAIL
D132931,0.0340119,DO_NOT_MAIL
D111891,0.022995474,DO_NOT_MAIL
D104519,0.71599865,DO_NOT_MAIL
D126914,0.17241195,DO_NOT_MAIL
D142531,0.26673228,DO_NOT_MAIL
D102774,0.9358564,DO_NOT_MAIL
D107331,0.8665668,DO_NOT_MAIL
D142643,0.3191237,DO_NOT_MAIL
D116873,0.9656056,MAIL
D137481,0.016939217,DO_NOT_MAIL
D106174,0.97699124,MAIL
D107203,0.3550142,DO_NOT_MAIL
D123454,0.009593224,DO_NOT_MAIL
D107508,0.8916998,DO_NOT_MAIL
D105915,0.97578216,MAIL
D110631,0.96223414,MAIL
D104225,0.5502292,DO_NOT_MAIL
D133604,0.79437804,DO_NOT_MAIL
D136727,0.107739456,DO_NOT_MAIL
D102339,0.0032676794,DO_NOT_MAIL
D109372,0.02672573,DO_NOT_MAIL
D134778,0.95690113,MAIL
D114876,0.1352593,DO_NOT_MAIL
D141693,0.12829961,DO_NOT_MAIL
D106890,0.05789005,DO_NOT_MAIL
D108188,0.9642926,MAIL
D108932,0.73969823,DO_NOT_MAIL
D134319,0.8659051,DO_NOT_MAIL
D144290,0.015565851,DO_NOT_MAIL
D142005,0.46152264,DO_NOT_MAIL
D105707,0.8983231,DO_NOT_MAIL
D114171,0.56299716,DO_NOT_MAIL
D107656,0.22292036,DO_NOT_MAIL
D126581,0.13649815,DO_NOT_MAIL
D124814,0.93806165,DO_NOT_MAIL
D123176,0.91175425,DO_NOT_MAIL
D138193,0.9654538,MAIL
D114532,0.9708855,MAIL
D106406,0.82965887,DO_NOT_MAIL
D143171,0.0036661704,DO_NOT_MAIL
D112605,0.77132523,DO_NOT_MAIL
D119481,0.71599865,DO_NOT_MAIL
D137534,0.01814367,DO_NOT_MAIL
D107170,0.012125411,DO_NOT_MAIL
D143305,0.07752768,DO_NOT_MAIL
D141318,0.0018132525,DO_NOT_MAIL
D137425,0.69809425,DO_NOT_MAIL
D123086,0.52850246,DO_NOT_MAIL
D110531,0.9921514,MAIL
D140788,0.05731395,DO_NOT_MAIL
D102541,0.14047194,DO_NOT_MAIL
D106980,0.9508744,DO_NOT_MAIL
D101224,0.99230194,MAIL
D104965,0.9278522,DO_NOT_MAIL
D101881,0.6240543,DO_NOT_MAIL
D137256,0.59983486,DO_NOT_MAIL
D101268,0.9415254,DO_NOT_MAIL
D137245,0.009121783,DO_NOT_MAIL
D124429,0.2648171,DO_NOT_MAIL
D130295,0.3238702,DO_NOT_MAIL
D123199,0.017759634,DO_NOT_MAIL
D139536,0.11087026,DO_NOT_MAIL
D137035,0.8077166,DO_NOT_MAIL
D144454,0.66882724,DO_NOT_MAIL
D101384,0.2637644,DO_NOT_MAIL
D129306,0.0561278,DO_NOT_MAIL
D130795,0.015580035,DO_NOT_MAIL
D135120,0.8968021,DO_NOT_MAIL
D129664,0.9452456,DO_NOT_MAIL
D137457,0.97166663,MAIL
D103680,0.82066286,DO_NOT_MAIL
D134223,0.98066485,MAIL
D119157,0.02849426,DO_NOT_MAIL
D110730,0.1773434,DO_NOT_MAIL
D133779,0.37099186,DO_NOT_MAIL
D111741,0.8087358,DO_NOT_MAIL
D100441,0.004764511,DO_NOT_MAIL
D143276,0.63860434,DO_NOT_MAIL
D139847,0.31345356,DO_NOT_MAIL
D124580,0.96004707,MAIL
D105489,0.97982794,MAIL
D125814,0.15665904,DO_NOT_MAIL
D102722,0.9834034,MAIL
D109245,0.0053312094,DO_NOT_MAIL
D113458,0.8399911,DO_NOT_MAIL
D134458,0.66958344,DO_NOT_MAIL
D143518,0.027560748,DO_NOT_MAIL
D113426,0.96121466,MAIL
D101809,0.04933049,DO_NOT_MAIL
D136259,0.01819677,DO_NOT_MAIL
D142640,0.1321508,DO_NOT_MAIL
D104662,0.3817256,DO_NOT_MAIL
D142596,0.024982689,DO_NOT_MAIL
D124231,0.62328553,DO_NOT_MAIL
D134690,0.89545536,DO_NOT_MAIL
D133724,0.35014254,DO_NOT_MAIL
D143082,0.96867955,MAIL
D116602,0.953535,MAIL
D109292,0.8659051,DO_NOT_MAIL
D113081,0.5943451,DO_NOT_MAIL
D104931,0.97018796,MAIL
D131222,0.11025544,DO_NOT_MAIL
D127744,0.0024805784,DO_NOT_MAIL
D131445,0.9815252,MAIL
D142473,0.02503564,DO_NOT_MAIL
D128317,0.010417522,DO_NOT_MAIL
D112153,0.9711856,MAIL
D128702,0.9672093,MAIL
D110134,0.03535,DO_NOT_MAIL
D137248,0.014525153,DO_NOT_MAIL
D113394,0.9290283,DO_NOT_MAIL
D102211,0.9152594,DO_NOT_MAIL
D110865,0.9062348,DO_NOT_MAIL
D111749,0.6690531,DO_NOT_MAIL
D114543,0.08145662,DO_NOT_MAIL
D127446,0.8595816,DO_NOT_MAIL
D125755,0.011488107,DO_NOT_MAIL
D113151,0.019128464,DO_NOT_MAIL
D119395,0.8987183,DO_NOT_MAIL
D135487,0.71599865,DO_NOT_MAIL
D133252,0.026315382,DO_NOT_MAIL
D140215,0.024913115,DO_NOT_MAIL
D141427,0.014875055,DO_NOT_MAIL
D136767,0.032773584,DO_NOT_MAIL
D111007,0.94473964,DO_NOT_MAIL
D112617,0.48687914,DO_NOT_MAIL
D136617,0.0019646746,DO_NOT_MAIL
D105595,0.9711856,MAIL
D117426,0.82004774,DO_NOT_MAIL
D120230,0.035935227,DO_NOT_MAIL
D121399,0.74183184,DO_NOT_MAIL
D128670,0.954501,MAIL
D109855,0.8611976,DO_NOT_MAIL
D126589,0.9788103,MAIL
D134011,0.03553329,DO_NOT_MAIL
D116186,0.74183184,DO_NOT_MAIL
D112248,0.4507605,DO_NOT_MAIL
D128108,0.0009355788,DO_NOT_MAIL
D112531,0.9452333,DO_NOT_MAIL
D104454,0.8968021,DO_NOT_MAIL
D141506,0.11777018,DO_NOT_MAIL
D102810,0.84686965,DO_NOT_MAIL
D135105,0.9362875,DO_NOT_MAIL
D126063,0.043158498,DO_NOT_MAIL
D132282,0.030970745,DO_NOT_MAIL
D133247,0.54785824,DO_NOT_MAIL
D127387,0.98834795,MAIL
D104995,0.029905703,DO_NOT_MAIL
D121981,0.9389465,DO_NOT_MAIL
D134397,0.005848754,DO_NOT_MAIL
D137302,0.20892292,DO_NOT_MAIL
D134806,0.006159437,DO_NOT_MAIL
D133325,0.8732268,DO_NOT_MAIL
D116218,0.012523449,DO_NOT_MAIL
D138159,0.25584823,DO_NOT_MAIL
D109257,0.82066286,DO_NOT_MAIL
D133882,0.09499413,DO_NOT_MAIL
D126277,0.63461775,DO_NOT_MAIL
D118571,0.8602647,DO_NOT_MAIL
D107751,0.029869784,DO_NOT_MAIL
D123425,0.8447092,DO_NOT_MAIL
D137172,0.84686965,DO_NOT_MAIL
D126519,0.9745087,MAIL
D105603,0.94440866,DO_NOT_MAIL
D134545,0.9669261,MAIL
D111999,0.16757017,DO_NOT_MAIL
D125640,0.97373116,MAIL
D109967,0.90447336,DO_NOT_MAIL
D139260,0.0032354572,DO_NOT_MAIL
D134307,0.90871394,DO_NOT_MAIL
D138251,0.8527629,DO_NOT_MAIL
D107178,0.9412208,DO_NOT_MAIL
D121206,0.88879144,DO_NOT_MAIL
D124578,0.0033645302,DO_NOT_MAIL
D137198,0.019545127,DO_NOT_MAIL
D110893,0.8665668,DO_NOT_MAIL
D106384,0.9610854,MAIL
D126797,0.031792954,DO_NOT_MAIL
D120533,0.061184727,DO_NOT_MAIL
D138172,0.12619342,DO_NOT_MAIL
D119475,0.90447336,DO_NOT_MAIL
D112827,0.93471134,DO_NOT_MAIL
D118705,0.8986892,DO_NOT_MAIL
D124571,0.32518038,DO_NOT_MAIL
D132753,0.8447092,DO_NOT_MAIL
D109185,0.026999127,DO_NOT_MAIL
D117457,0.7677933,DO_NOT_MAIL
D134762,0.9588186,MAIL
D100519,0.0045614326,DO_NOT_MAIL
D136910,0.076853074,DO_NOT_MAIL
D138392,0.045527093,DO_NOT_MAIL
D143217,0.004146035,DO_NOT_MAIL
D100116,0.11800947,DO_NOT_MAIL
D118640,0.85481644,DO_NOT_MAIL
D115151,0.9866388,MAIL
D101967,0.93300116,DO_NOT_MAIL
D102270,0.01937708,DO_NOT_MAIL
D105181,0.9452333,DO_NOT_MAIL
D135797,0.0029798667,DO_NOT_MAIL
D138431,0.8633871,DO_NOT_MAIL
D105480,0.47663742,DO_NOT_MAIL
D111036,0.048778877,DO_NOT_MAIL
D103392,0.8073583,DO_NOT_MAIL
D121456,0.72434723,DO_NOT_MAIL
D114199,0.96470815,MAIL
D139446,0.0029561312,DO_NOT_MAIL
D126902,0.0021310616,DO_NOT_MAIL
D142283,0.07781101,DO_NOT_MAIL
D140549,0.2901007,DO_NOT_MAIL
D125201,0.0257411,DO_NOT_MAIL
D126834,0.59491277,DO_NOT_MAIL
D131311,0.9334319,DO_NOT_MAIL
D103975,0.85991716,DO_NOT_MAIL
D104119,0.31225294,DO_NOT_MAIL
D115344,0.95693064,MAIL
D113698,0.97337025,MAIL
D135198,0.9638973,MAIL
D137455,0.96632427,MAIL
D125360,0.7037504,DO_NOT_MAIL
D137137,0.06260316,DO_NOT_MAIL
D117821,0.30091697,DO_NOT_MAIL
D124051,0.23432696,DO_NOT_MAIL
D117259,0.015255075,DO_NOT_MAIL
D133176,0.01871421,DO_NOT_MAIL
D101745,0.004918868,DO_NOT_MAIL
D124264,0.00092664966,DO_NOT_MAIL
D112468,0.99034715,MAIL
D127662,0.00552706,DO_NOT_MAIL
D131338,0.54785824,DO_NOT_MAIL
D109464,0.98471385,MAIL
D108430,0.6913615,DO_NOT_MAIL
D115396,0.88336307,DO_NOT_MAIL
D100026,0.9290283,DO_NOT_MAIL
D128371,0.23087722,DO_NOT_MAIL
D125357,0.3817256,DO_NOT_MAIL
D142840,0.13290018,DO_NOT_MAIL
D130717,0.13917282,DO_NOT_MAIL
D117085,0.8427521,DO_NOT_MAIL
D141559,0.06183953,DO_NOT_MAIL
D130287,0.9799463,MAIL
D125382,0.9720426,MAIL
D120369,0.9810203,MAIL
D133689,0.895094,DO_NOT_MAIL
D135905,0.06177499,DO_NOT_MAIL
D135843,0.9900693,MAIL
D130436,0.041833818,DO_NOT_MAIL
D112941,0.9610854,MAIL
D103729,0.37985092,DO_NOT_MAIL
D108045,0.96176934,MAIL
D138054,0.002581028,DO_NOT_MAIL
D113336,0.9763776,MAIL
D126049,0.31111774,DO_NOT_MAIL
D114035,0.18260331,DO_NOT_MAIL
D111333,0.8595816,DO_NOT_MAIL
D111794,0.9415254,DO_NOT_MAIL
D137928,0.19698425,DO_NOT_MAIL
D112732,0.02090534,DO_NOT_MAIL
D138161,0.9674869,MAIL
D141283,0.11962961,DO_NOT_MAIL
D118282,0.7738617,DO_NOT_MAIL
D125465,0.056814898,DO_NOT_MAIL
D105311,0.020092038,DO_NOT_MAIL
D106434,0.95294404,MAIL
D103292100,0.9981806,MAIL
D135910,0.55772024,DO_NOT_MAIL
D114248,0.7480704,DO_NOT_MAIL
D115601,0.059837617,DO_NOT_MAIL
D132480,0.83729506,DO_NOT_MAIL
D137213,0.0016374189,DO_NOT_MAIL
D142579,0.0053818435,DO_NOT_MAIL
D124865,0.6547513,DO_NOT_MAIL
D112783,0.9748004,MAIL
D116715,0.7287747,DO_NOT_MAIL
D142484,0.083412915,DO_NOT_MAIL
D115590,0.71081877,DO_NOT_MAIL
D117373,0.9711374,MAIL
D122907,0.9811429,MAIL
D132141,0.08885609,DO_NOT_MAIL
D110283,0.00811106,DO_NOT_MAIL
D104878,0.90379035,DO_NOT_MAIL
D102476,0.012932702,DO_NOT_MAIL
D135165,0.85670704,DO_NOT_MAIL
D121884,0.012643883,DO_NOT_MAIL
D122368,0.008208622,DO_NOT_MAIL
D132663,0.06630882,DO_NOT_MAIL
D106749,0.15498503,DO_NOT_MAIL
D137477,0.71599865,DO_NOT_MAIL
D110525,0.96004707,MAIL
D125978,0.718007,DO_NOT_MAIL
D135097,0.11306767,DO_NOT_MAIL
D101815,0.89608073,DO_NOT_MAIL
D135333,0.47305262,DO_NOT_MAIL
D128510,0.05219939,DO_NOT_MAIL
D106472,0.98464113,MAIL
D124019,0.4615115,DO_NOT_MAIL
D128657,0.0055002472,DO_NOT_MAIL
D100677,0.076662876,DO_NOT_MAIL
D101439,0.9662585,MAIL
D116886,0.96558905,MAIL
D125488,0.96121466,MAIL
D119648,0.97521484,MAIL
D139469,0.4908749,DO_NOT_MAIL
D136878,0.052150436,DO_NOT_MAIL
D128367,0.94750535,DO_NOT_MAIL
D143992,0.022002889,DO_NOT_MAIL
D130404,0.76717484,DO_NOT_MAIL
D142678,0.027555585,DO_NOT_MAIL
D126211,0.15606721,DO_NOT_MAIL
D127063,0.52294934,DO_NOT_MAIL
D117130,0.8447092,DO_NOT_MAIL
D115441,0.83709186,DO_NOT_MAIL
D100140,0.15723737,DO_NOT_MAIL
D126169,0.011093818,DO_NOT_MAIL
D101107,0.9716717,MAIL
D143229,0.12607881,DO_NOT_MAIL
D115916,0.0543192,DO_NOT_MAIL
D137288,0.0018787519,DO_NOT_MAIL
D122933,0.001742617,DO_NOT_MAIL
D144333,0.0012354266,DO_NOT_MAIL
D120429,0.87722886,DO_NOT_MAIL
D104324,0.96707946,MAIL
D141044,0.022208128,DO_NOT_MAIL
D103156,0.8077166,DO_NOT_MAIL
D121963,0.99346536,MAIL
D108740,0.96632427,MAIL
D103127,0.0017214196,DO_NOT_MAIL
D118311,0.9768689,MAIL
D123524,0.004651552,DO_NOT_MAIL
D111173,0.98471385,MAIL
D105893,0.85991716,DO_NOT_MAIL
D134923,0.9003407,DO_NOT_MAIL
D120044,0.6547513,DO_NOT_MAIL
D137469,0.8211532,DO_NOT_MAIL
D115431,0.4519282,DO_NOT_MAIL
D104087,0.881872,DO_NOT_MAIL
D111632,0.9781587,MAIL
D119398,0.12966964,DO_NOT_MAIL
D139151,0.023834469,DO_NOT_MAIL
D143307,0.05726781,DO_NOT_MAIL
D105153,0.88891864,DO_NOT_MAIL
D130912,0.992488,MAIL
D138563,0.115041874,DO_NOT_MAIL
D124937,0.9583937,MAIL
D113252,0.70989704,DO_NOT_MAIL
D122715,0.9718807,MAIL
D120324,0.21455331,DO_NOT_MAIL
D129914,0.9003407,DO_NOT_MAIL
D142647,0.0356485,DO_NOT_MAIL
D101422,0.92150646,DO_NOT_MAIL
D103657,0.37099186,DO_NOT_MAIL
D112212,0.25449836,DO_NOT_MAIL
D125734,0.09612353,DO_NOT_MAIL
D100676,0.9306288,DO_NOT_MAIL
D102537,0.96245515,MAIL
D114563,0.9274354,DO_NOT_MAIL
D117722,0.37016505,DO_NOT_MAIL
D126205,0.7889207,DO_NOT_MAIL
D113495,0.99181,MAIL
D137042,0.12684973,DO_NOT_MAIL
D142462,0.07585845,DO_NOT_MAIL
D127574,0.68927664,DO_NOT_MAIL
D112084,0.92532676,DO_NOT_MAIL
D121128,0.9629351,MAIL
D121548,0.9290283,DO_NOT_MAIL
D132750,0.9715028,MAIL
D107838,0.977009,MAIL
D114770,0.9788836,MAIL
D126955,0.28203836,DO_NOT_MAIL
D122916,0.7480704,DO_NOT_MAIL
D124575,0.9294427,DO_NOT_MAIL
D143969,0.00074071664,DO_NOT_MAIL
D115874,0.8659051,DO_NOT_MAIL
D106387,0.9923178,MAIL
D141242,0.18837306,DO_NOT_MAIL
D125695,0.7236768,DO_NOT_MAIL
D101442,0.08898337,DO_NOT_MAIL
D133145,0.011080554,DO_NOT_MAIL
D112181,0.92521757,DO_NOT_MAIL
D119868,0.6818403,DO_NOT_MAIL
D131381,0.82409686,DO_NOT_MAIL
D136326,0.0033179764,DO_NOT_MAIL
D138593,0.04105039,DO_NOT_MAIL
D126520,0.007572782,DO_NOT_MAIL
D104317,0.06004371,DO_NOT_MAIL
D142348,0.05574281,DO_NOT_MAIL
D102617,0.9762113,MAIL
D116250,0.55350643,DO_NOT_MAIL
D134571,0.004257323,DO_NOT_MAIL
D110247,0.91089255,DO_NOT_MAIL
D126923,0.9225519,DO_NOT_MAIL
D113092,0.7287747,DO_NOT_MAIL
D132565,0.9869551,MAIL
D113021,0.83709186,DO_NOT_MAIL
D100587,0.8968021,DO_NOT_MAIL
D111292,0.25449836,DO_NOT_MAIL
D135139,0.97271967,MAIL
D117035,0.9762113,MAIL
D123809,0.89608073,DO_NOT_MAIL
D108235,0.86922854,DO_NOT_MAIL
D119428,0.973722,MAIL
D125960,0.982675,MAIL
D141484,0.08192684,DO_NOT_MAIL
D130655,0.93025255,DO_NOT_MAIL
D110843,0.82004774,DO_NOT_MAIL
D127505,0.7037504,DO_NOT_MAIL
D119243,0.979354,MAIL
D129606,0.8809452,DO_NOT_MAIL
D124076,0.00018101912,DO_NOT_MAIL
D102093,0.9760435,MAIL
D119863,0.68927664,DO_NOT_MAIL
D144238,0.44513753,DO_NOT_MAIL
D100838,0.02957652,DO_NOT_MAIL
D141264,0.2693344,DO_NOT_MAIL
D104894,0.35243627,DO_NOT_MAIL
D138735,0.06683647,DO_NOT_MAIL
D135562,0.05099681,DO_NOT_MAIL
D142248,0.011021931,DO_NOT_MAIL
D127710,0.9875432,MAIL
D117962,0.91175425,DO_NOT_MAIL
D124412,0.9452333,DO_NOT_MAIL
D138902,0.042223305,DO_NOT_MAIL
D136660,0.94260883,DO_NOT_MAIL
D129234,0.25854638,DO_NOT_MAIL
D118479,0.8434482,DO_NOT_MAIL
D133148,0.8986892,DO_NOT_MAIL
D136103,0.0028856613,DO_NOT_MAIL
D108152,0.88891864,DO_NOT_MAIL
D129269,0.92150646,DO_NOT_MAIL
D112971,0.78161925,DO_NOT_MAIL
D141574,0.88463026,DO_NOT_MAIL
D124694,0.97521484,MAIL
D143848,0.005877568,DO_NOT_MAIL
D110619,0.29273427,DO_NOT_MAIL
D101093,0.96121466,MAIL
D117476,0.45355403,DO_NOT_MAIL
D114434,0.37560475,DO_NOT_MAIL
D136088,0.032792386,DO_NOT_MAIL
D132098,0.0148204435,DO_NOT_MAIL
D115456,0.98266983,MAIL
D128631,0.94440866,DO_NOT_MAIL
D114184,0.83746874,DO_NOT_MAIL
D127550,0.79660517,DO_NOT_MAIL
D118850,0.9735162,MAIL
D104954,0.02520342,DO_NOT_MAIL
D118420,0.25481048,DO_NOT_MAIL
D126345,0.9926387,MAIL
D103018,0.8611976,DO_NOT_MAIL
D116402,0.002509805,DO_NOT_MAIL
D129903,0.824826,DO_NOT_MAIL
D112168,0.528885,DO_NOT_MAIL
D117320,0.027402619,DO_NOT_MAIL
D132685,0.9930698,MAIL
D103903,0.010867008,DO_NOT_MAIL
D135961,0.9724357,MAIL
D125786,0.03573286,DO_NOT_MAIL
D108089,0.8791775,DO_NOT_MAIL
D103894,0.9748004,MAIL
D106745,0.9720347,MAIL
D136534,0.8434482,DO_NOT_MAIL
D127782,0.09246152,DO_NOT_MAIL
D135357,0.98002785,MAIL
D119333,0.90447336,DO_NOT_MAIL
D142693,0.3514191,DO_NOT_MAIL
D136180,0.02588029,DO_NOT_MAIL
D143359,0.08203557,DO_NOT_MAIL
D129932,0.8665668,DO_NOT_MAIL
D117242,0.99230194,MAIL
D106452,0.83710456,DO_NOT_MAIL
D125436,0.006737295,DO_NOT_MAIL
D113852,0.9811509,MAIL
D122114,0.00037084537,DO_NOT_MAIL
D128060,0.8611976,DO_NOT_MAIL
D118201,0.98510695,MAIL
D127253,0.8987183,DO_NOT_MAIL
D124112,0.84848046,DO_NOT_MAIL
D129707,0.9884421,MAIL
D142186,0.015186888,DO_NOT_MAIL
D143718,0.17961505,DO_NOT_MAIL
D140385,0.34284225,DO_NOT_MAIL
D141051,0.012986066,DO_NOT_MAIL
D114240,0.81474036,DO_NOT_MAIL
D124173,0.99293596,MAIL
D100701,0.77132523,DO_NOT_MAIL
D103996,0.012304112,DO_NOT_MAIL
D135748,0.9629351,MAIL
D128382,0.9928227,MAIL
D101906,0.76219136,DO_NOT_MAIL
D108760,0.9101504,DO_NOT_MAIL
D128593,0.0003467805,DO_NOT_MAIL
D137688,0.012445522,DO_NOT_MAIL
D115510,0.81056803,DO_NOT_MAIL
D116350,0.16457427,DO_NOT_MAIL
D111534,0.0017642304,DO_NOT_MAIL
D119263,0.8595816,DO_NOT_MAIL
D128718,0.8576082,DO_NOT_MAIL
D114071,0.005971218,DO_NOT_MAIL
D114808,0.7732362,DO_NOT_MAIL
D121654,0.9637091,MAIL
D129792,0.8087358,DO_NOT_MAIL
D129675,0.63208497,DO_NOT_MAIL
D138799,0.36654314,DO_NOT_MAIL
D119671,0.66697764,DO_NOT_MAIL
D131801,0.84775543,DO_NOT_MAIL
D141105,0.09242223,DO_NOT_MAIL
D127027,0.3388746,DO_NOT_MAIL
D116198,0.6431161,DO_NOT_MAIL
D107439,0.77132523,DO_NOT_MAIL
D110569,0.5399626,DO_NOT_MAIL
D107881,0.05344803,DO_NOT_MAIL
D105220,0.0012022142,DO_NOT_MAIL
D111338,0.96551836,MAIL
D134547,0.92521757,DO_NOT_MAIL
D143657,0.21563968,DO_NOT_MAIL
D104938,0.9662585,MAIL
D102224,0.9922355,MAIL
D120524,0.012445522,DO_NOT_MAIL
D113310,0.13215984,DO_NOT_MAIL
D119393,0.99141425,MAIL
D115918,0.7599763,DO_NOT_MAIL
D144339,0.0071272,DO_NOT_MAIL
D115854,0.9412208,DO_NOT_MAIL
D118149,0.93806165,DO_NOT_MAIL
D133193,0.12580821,DO_NOT_MAIL
D124271,0.85608035,DO_NOT_MAIL
D135811,0.121866964,DO_NOT_MAIL
D109647,0.90564024,DO_NOT_MAIL
D139842,0.035523847,DO_NOT_MAIL
D108311,0.9583937,MAIL
D143420,0.023708083,DO_NOT_MAIL
D121521,0.76365095,DO_NOT_MAIL
D130340,0.9916916,MAIL
D132353,0.07187496,DO_NOT_MAIL
D121344,0.86351633,DO_NOT_MAIL
D103308,0.11726319,DO_NOT_MAIL
D141933,0.93502,DO_NOT_MAIL
D141185,0.0016971446,DO_NOT_MAIL
D125722,0.8546097,DO_NOT_MAIL
D103469,0.9859477,MAIL
D114082,0.7392137,DO_NOT_MAIL
D141551,0.01401068,DO_NOT_MAIL
D126488,0.40081558,DO_NOT_MAIL
D131128,0.9271437,DO_NOT_MAIL
D101278,0.85991716,DO_NOT_MAIL
D142564,0.040047754,DO_NOT_MAIL
D136053,0.76219136,DO_NOT_MAIL
D112224,0.79660517,DO_NOT_MAIL
D130467,0.007431295,DO_NOT_MAIL
D105272,0.5753784,DO_NOT_MAIL
D135131,0.13156943,DO_NOT_MAIL
D104966,0.0011177235,DO_NOT_MAIL
D128843,0.8332882,DO_NOT_MAIL
D120793,0.021177515,DO_NOT_MAIL
D121591,0.84888273,DO_NOT_MAIL
D103646,0.8726598,DO_NOT_MAIL
D113505,0.9675739,MAIL
D113469,0.76365095,DO_NOT_MAIL
D101810,0.09151905,DO_NOT_MAIL
D139014,0.009813496,DO_NOT_MAIL
D131404,0.08352522,DO_NOT_MAIL
D122158,0.88048816,DO_NOT_MAIL
D104883,0.96294856,MAIL
D135270,0.6229107,DO_NOT_MAIL
D109615,0.9715028,MAIL
D133057,0.6816522,DO_NOT_MAIL
D121914,0.03215474,DO_NOT_MAIL
D112242,0.23176019,DO_NOT_MAIL
D102511,0.0058687176,DO_NOT_MAIL
D129479,0.92532676,DO_NOT_MAIL
D115849,0.90179396,DO_NOT_MAIL
D108713,0.8961919,DO_NOT_MAIL
D108378,0.009701428,DO_NOT_MAIL
D140129,0.016685259,DO_NOT_MAIL
D106306,0.9802091,MAIL
D105158,0.961119,MAIL
D140762,0.96659845,MAIL
D115936,0.657778,DO_NOT_MAIL
D124716,0.36268032,DO_NOT_MAIL
D132135,0.0795276,DO_NOT_MAIL
D131375,0.0003901493,DO_NOT_MAIL
D143261,0.80353844,DO_NOT_MAIL
D119804,0.87721014,DO_NOT_MAIL
D113108,0.8881598,DO_NOT_MAIL
D119137,0.9770189,MAIL
D118441,0.9693406,MAIL
D100171,0.0005067407,DO_NOT_MAIL
D115266,0.22346386,DO_NOT_MAIL
D133478,0.85608035,DO_NOT_MAIL
D136953,0.082602315,DO_NOT_MAIL
D119980,0.8968021,DO_NOT_MAIL
D122046,0.9752088,MAIL
D143245,0.004495645,DO_NOT_MAIL
D130130,0.9642926,MAIL
D102150,0.010477185,DO_NOT_MAIL
D104034,0.9501208,DO_NOT_MAIL
D103257,0.8726598,DO_NOT_MAIL
D105437,0.9685309,MAIL
D118366,0.9462837,DO_NOT_MAIL
D144033,0.016956123,DO_NOT_MAIL
D143979,0.009398164,DO_NOT_MAIL
D105521,0.9788905,MAIL
D103551,0.9908636,MAIL
D143534,0.0072319456,DO_NOT_MAIL
D111371,0.62193674,DO_NOT_MAIL
D136975,0.4411887,DO_NOT_MAIL
D130900,0.9274354,DO_NOT_MAIL
D121913,0.9869551,MAIL
D144105,0.00093796634,DO_NOT_MAIL
D103035,0.92679274,DO_NOT_MAIL
D102225,0.97441304,MAIL
D120652,0.0004443778,DO_NOT_MAIL
D105456,0.9415254,DO_NOT_MAIL
D118658,0.97578216,MAIL
D135093,0.96971905,MAIL
D112009,0.78161925,DO_NOT_MAIL
D126462,0.8555772,DO_NOT_MAIL
D129483,0.9685309,MAIL
D110285,0.78538567,DO_NOT_MAIL
D114463,0.08003709,DO_NOT_MAIL
D139893,0.9853275,MAIL
D101428,0.2087565,DO_NOT_MAIL
D100291,0.7861124,DO_NOT_MAIL
D132964,0.96223414,MAIL
D137680,0.8165528,DO_NOT_MAIL
D117439,0.9690147,MAIL
D140983,0.006511389,DO_NOT_MAIL
D141079,0.0064547746,DO_NOT_MAIL
D142340,0.17298731,DO_NOT_MAIL
D107747,0.9698342,MAIL
D111512,0.0008147936,DO_NOT_MAIL
D116934,0.2832442,DO_NOT_MAIL
D134807,0.98628366,MAIL
D138265,0.1664483,DO_NOT_MAIL
D108772,0.9896332,MAIL
D129761,0.8726598,DO_NOT_MAIL
D116341,0.1001947,DO_NOT_MAIL
D101356,0.8054332,DO_NOT_MAIL
D101025,0.012047172,DO_NOT_MAIL
D144677,0.86922854,DO_NOT_MAIL
D112412,0.4796198,DO_NOT_MAIL
D126365,0.074353285,DO_NOT_MAIL
D139795,0.030372899,DO_NOT_MAIL
D105762,0.22687677,DO_NOT_MAIL
D121504,0.9927463,MAIL
D132083,0.8077166,DO_NOT_MAIL
D114456,0.12342631,DO_NOT_MAIL
D136822,0.039504323,DO_NOT_MAIL
D121056,0.10157989,DO_NOT_MAIL
D100836,0.99101263,MAIL
D103011,0.06554252,DO_NOT_MAIL
D139779,0.052341,DO_NOT_MAIL
D103439,0.96827155,MAIL
D132642,0.9796536,MAIL
D122448,0.25449836,DO_NOT_MAIL
D127285,0.23904224,DO_NOT_MAIL
D123735,0.9881572,MAIL
D137431,0.052117575,DO_NOT_MAIL
D119248,0.973897,MAIL
D134805,0.08912362,DO_NOT_MAIL
D110475,0.881872,DO_NOT_MAIL
D142681,0.022789959,DO_NOT_MAIL
D129756,0.8881307,DO_NOT_MAIL
D114848,0.30852252,DO_NOT_MAIL
D136001,0.010911207,DO_NOT_MAIL
D101632,0.13203894,DO_NOT_MAIL
D128649,0.027669962,DO_NOT_MAIL
D122521,0.8846277,DO_NOT_MAIL
D108566,0.99087244,MAIL
D135419,0.94831043,DO_NOT_MAIL
D128265,0.16969758,DO_NOT_MAIL
D106947,0.85991716,DO_NOT_MAIL
D123006,0.9274354,DO_NOT_MAIL
D110114,0.8399911,DO_NOT_MAIL
D121505,0.8073583,DO_NOT_MAIL
D128243,0.7392137,DO_NOT_MAIL
D132348,0.28592053,DO_NOT_MAIL
D128066,0.9658472,MAIL
D116954,0.1261406,DO_NOT_MAIL
D125509,0.93300116,DO_NOT_MAIL
D119615,0.0386437,DO_NOT_MAIL
D120427,0.62193674,DO_NOT_MAIL
D119043,0.96184963,MAIL
D105676,0.5925024,DO_NOT_MAIL
D103429,0.9185091,DO_NOT_MAIL
D105123,0.5410151,DO_NOT_MAIL
D123752,0.5753784,DO_NOT_MAIL
D138969,0.028332278,DO_NOT_MAIL
D119487,0.97693527,MAIL
D105432,0.0058372593,DO_NOT_MAIL
D105285,0.035678968,DO_NOT_MAIL
D101608,0.59878206,DO_NOT_MAIL
D116865,0.831485,DO_NOT_MAIL
D107998,0.097403556,DO_NOT_MAIL
D116812,0.99319565,MAIL
D143310,0.010581376,DO_NOT_MAIL
D111431,0.8852851,DO_NOT_MAIL
D113777,0.77132523,DO_NOT_MAIL
D142021,0.06707587,DO_NOT_MAIL
D137825,0.0028216655,DO_NOT_MAIL
D105448,0.78955036,DO_NOT_MAIL
D107253,0.8023649,DO_NOT_MAIL
D121064,0.62060946,DO_NOT_MAIL
D133482,0.37985092,DO_NOT_MAIL
D135964,0.00014093333,DO_NOT_MAIL
D138839,0.00974373,DO_NOT_MAIL
D129103,0.8434482,DO_NOT_MAIL
D135009,0.62713444,DO_NOT_MAIL
D143673,0.00038401378,DO_NOT_MAIL
D108967,0.0441118,DO_NOT_MAIL
D127177,0.003283782,DO_NOT_MAIL
D103046,0.85706615,DO_NOT_MAIL
D127521,0.031971168,DO_NOT_MAIL
D124595,0.0027201741,DO_NOT_MAIL
D129449,0.6240543,DO_NOT_MAIL
D140985,0.0122136595,DO_NOT_MAIL
D122063,0.96294856,MAIL
D135845,0.82066286,DO_NOT_MAIL
D141082,0.6131721,DO_NOT_MAIL
D137822,0.011636563,DO_NOT_MAIL
D117255,0.98943824,MAIL
D113065,0.99187404,MAIL
D114473,0.74183184,DO_NOT_MAIL
D126587,0.3817256,DO_NOT_MAIL
D122064,0.8611976,DO_NOT_MAIL
D142780,0.2922685,DO_NOT_MAIL
D140873,0.9919624,MAIL
D129753,0.96500885,MAIL
D119230,0.8726598,DO_NOT_MAIL
D144276,0.04365177,DO_NOT_MAIL
D129919,0.37985092,DO_NOT_MAIL
D129179,0.009474358,DO_NOT_MAIL
D111227,0.9039037,DO_NOT_MAIL
D139675,0.00047663582,DO_NOT_MAIL
D140629,0.10191343,DO_NOT_MAIL
D121698,0.0005303129,DO_NOT_MAIL
D102070,0.9843615,MAIL
D118103,0.59878206,DO_NOT_MAIL
D134725,0.6097022,DO_NOT_MAIL
D125277,0.97334766,MAIL
D138826,0.09220235,DO_NOT_MAIL
D102662,0.9332782,DO_NOT_MAIL
D121608,0.97152454,MAIL
D106512,0.5399626,DO_NOT_MAIL
D140188,0.8992227,DO_NOT_MAIL
D140309,0.064583465,DO_NOT_MAIL
D126656,0.24037096,DO_NOT_MAIL
D120274,0.0726894,DO_NOT_MAIL
D135839,0.0052659926,DO_NOT_MAIL
D117384,0.16757017,DO_NOT_MAIL
D107878,0.9329747,DO_NOT_MAIL
D110237,0.9490709,DO_NOT_MAIL
D104849,0.05880484,DO_NOT_MAIL
D143348,0.28200534,DO_NOT_MAIL
D113606,0.041556448,DO_NOT_MAIL
D101780,0.84229296,DO_NOT_MAIL
D103029,0.9654538,MAIL
D107126,0.007264717,DO_NOT_MAIL
D126317,0.5925024,DO_NOT_MAIL
D124159,0.9269811,DO_NOT_MAIL
D117658,0.43296874,DO_NOT_MAIL
D125480,0.47305262,DO_NOT_MAIL
D125867,0.8555243,DO_NOT_MAIL
D128924,0.95227355,MAIL
D125908,0.96176934,MAIL
D119696,0.7889207,DO_NOT_MAIL
D139929,0.04129853,DO_NOT_MAIL
D122926,0.8726598,DO_NOT_MAIL
D121761,0.94473964,DO_NOT_MAIL
D136657,0.83081913,DO_NOT_MAIL
D130310,0.097809084,DO_NOT_MAIL
D119846,0.8447092,DO_NOT_MAIL
D112051,0.9284942,DO_NOT_MAIL
D139267,0.08409009,DO_NOT_MAIL
D133048,0.7332227,DO_NOT_MAIL
D110375,0.8881307,DO_NOT_MAIL
D127962,0.63208497,DO_NOT_MAIL
D110257,0.9908025,MAIL
D122576,0.9433685,DO_NOT_MAIL
D144111,0.005655898,DO_NOT_MAIL
D137368,0.12685649,DO_NOT_MAIL
D102616,0.4507605,DO_NOT_MAIL
D107871,0.97171783,MAIL
D141989,0.25391546,DO_NOT_MAIL
D119956,0.00029958863,DO_NOT_MAIL
D141519,0.5079103,DO_NOT_MAIL
D139626,0.17383586,DO_NOT_MAIL
D121350,0.99112225,MAIL
D130540,0.3817256,DO_NOT_MAIL
D107974,0.036383685,DO_NOT_MAIL
D124925,0.0075580925,DO_NOT_MAIL
D115581,0.1583933,DO_NOT_MAIL
D130777,0.7540849,DO_NOT_MAIL
D107783,0.0683842,DO_NOT_MAIL
D142820,0.030986259,DO_NOT_MAIL
D142590,0.015058936,DO_NOT_MAIL
D102801,0.9656056,MAIL
D107107,0.00077124476,DO_NOT_MAIL
D111395,0.8611976,DO_NOT_MAIL
D112699,0.83505756,DO_NOT_MAIL
D101556,0.97524184,MAIL
D111047,0.059245758,DO_NOT_MAIL
D143745,0.0043209037,DO_NOT_MAIL
D103357,0.95588124,MAIL
D132973,0.9588186,MAIL
D100503,0.8585085,DO_NOT_MAIL
D124961,0.99181455,MAIL
D110876,0.90179396,DO_NOT_MAIL
D125342,0.4445281,DO_NOT_MAIL
D116727,0.0009231942,DO_NOT_MAIL
D113564,0.9896332,MAIL
D123515100,0.9981806,MAIL
D114498,0.7738617,DO_NOT_MAIL
D122923,0.89295363,DO_NOT_MAIL
D113597,0.97908825,MAIL
D108573,0.96551836,MAIL
D114948,0.8961919,DO_NOT_MAIL
D121302,0.7332227,DO_NOT_MAIL
D134484,0.7089558,DO_NOT_MAIL
D110722,0.28700265,DO_NOT_MAIL
D116697,0.9701361,MAIL
D111822,0.9714092,MAIL
D125444,0.9508744,DO_NOT_MAIL
D119968,0.8073583,DO_NOT_MAIL
D138261,0.9508744,DO_NOT_MAIL
D101021,0.5925024,DO_NOT_MAIL
D116947,0.7033412,DO_NOT_MAIL
D104315,0.43296874,DO_NOT_MAIL
D140405,0.1838817,DO_NOT_MAIL
D123384,0.36268032,DO_NOT_MAIL
D100805,0.83709186,DO_NOT_MAIL
D121091,0.7287747,DO_NOT_MAIL
D116681,0.8986892,DO_NOT_MAIL
D138216,0.67464757,DO_NOT_MAIL
D129934,0.85608035,DO_NOT_MAIL
D138455,0.0041582948,DO_NOT_MAIL
D120397,0.8165528,DO_NOT_MAIL
D141919,0.8456652,DO_NOT_MAIL
D100984,0.009049969,DO_NOT_MAIL
D126267,0.63461775,DO_NOT_MAIL
D138699,0.9943316,MAIL
D117942,0.9640741,MAIL
D112807,0.98721606,MAIL
D116556,0.6469854,DO_NOT_MAIL
D129839,0.38591015,DO_NOT_MAIL
D107728,0.21759568,DO_NOT_MAIL
D119708,0.81654066,DO_NOT_MAIL
D144667,0.82004774,DO_NOT_MAIL
D129118,0.8726598,DO_NOT_MAIL
D123852,0.70755744,DO_NOT_MAIL
D121549,0.07356388,DO_NOT_MAIL
D107212,0.8986892,DO_NOT_MAIL
D104193,0.038025428,DO_NOT_MAIL
D109741,0.0013322536,DO_NOT_MAIL
D106429,0.50590616,DO_NOT_MAIL
D143762,0.005186393,DO_NOT_MAIL
D124142,0.81474036,DO_NOT_MAIL
D103169,0.8472271,DO_NOT_MAIL
D119857,0.120149344,DO_NOT_MAIL
D133641,0.008066927,DO_NOT_MAIL
D130671,0.92924166,DO_NOT_MAIL
D119058,0.21829003,DO_NOT_MAIL
D122969,0.0013878563,DO_NOT_MAIL
D131713,0.81131417,DO_NOT_MAIL
D119522,0.95568097,MAIL
D119471,0.9584709,MAIL
D117522,0.010318059,DO_NOT_MAIL
D102275,0.006004208,DO_NOT_MAIL
D110745,0.26708895,DO_NOT_MAIL
D126190,0.969633,MAIL
D142875,0.8764,DO_NOT_MAIL
D137156,0.9469066,DO_NOT_MAIL
D116005,0.9334319,DO_NOT_MAIL
D139607,0.011027395,DO_NOT_MAIL
D136431,0.82066286,DO_NOT_MAIL
D135151,0.98014534,MAIL
D134722,0.0022556784,DO_NOT_MAIL
D137233,0.22687677,DO_NOT_MAIL
D122200,0.12690373,DO_NOT_MAIL
D101026,0.8983231,DO_NOT_MAIL
D103373,0.9928167,MAIL
D105822,0.86891735,DO_NOT_MAIL
D137611,0.97373116,MAIL
D109114,0.96551836,MAIL
D115237,0.04928085,DO_NOT_MAIL
D110376,0.7861124,DO_NOT_MAIL
D125010,0.9259016,DO_NOT_MAIL
D141022,0.3447933,DO_NOT_MAIL
D109208,0.058289204,DO_NOT_MAIL
D110775,0.068194486,DO_NOT_MAIL
D101694,0.93161374,DO_NOT_MAIL
D131047,0.2394468,DO_NOT_MAIL
D143611,0.006874281,DO_NOT_MAIL
D142390,0.1862521,DO_NOT_MAIL
D110645,0.024698028,DO_NOT_MAIL
D108325,0.05138322,DO_NOT_MAIL
D119761,0.6547513,DO_NOT_MAIL
D122226,0.94440866,DO_NOT_MAIL
D115930,0.90379035,DO_NOT_MAIL
D144053,0.0026155903,DO_NOT_MAIL
D127487,0.9257085,DO_NOT_MAIL
D138793,0.00016670777,DO_NOT_MAIL
D111835,0.012302618,DO_NOT_MAIL
D127412,0.6545905,DO_NOT_MAIL
D127842,0.96828955,MAIL
D139226,0.038768284,DO_NOT_MAIL
D128007,0.9698342,MAIL
D144457,0.74169374,DO_NOT_MAIL
D142562,0.025094291,DO_NOT_MAIL
D107272,0.94837177,DO_NOT_MAIL
D127298,0.010902152,DO_NOT_MAIL
D140566,0.6204883,DO_NOT_MAIL
D114932,0.47305262,DO_NOT_MAIL
D141238,0.14274873,DO_NOT_MAIL
D119630,0.86922854,DO_NOT_MAIL
D105768,0.4419876,DO_NOT_MAIL
D125685,0.008077748,DO_NOT_MAIL
D130792,0.09518836,DO_NOT_MAIL
D130566,0.8989707,DO_NOT_MAIL
D131465,0.97441304,MAIL
D137988,0.79012746,DO_NOT_MAIL
D116195,0.11862374,DO_NOT_MAIL
D114569,0.09573262,DO_NOT_MAIL
D108643,0.9490709,DO_NOT_MAIL
D109178,0.9290283,DO_NOT_MAIL
D120963,0.84229296,DO_NOT_MAIL
D136387,0.9666264,MAIL
D103093,0.34360895,DO_NOT_MAIL
D115979,0.84869266,DO_NOT_MAIL
D126557,0.039313983,DO_NOT_MAIL
D135777,0.00012507902,DO_NOT_MAIL
D129794,0.22687677,DO_NOT_MAIL
D137020,0.022944037,DO_NOT_MAIL
D141749,0.11104606,DO_NOT_MAIL
D125134,0.98718923,MAIL
D103350,0.4589601,DO_NOT_MAIL
D141583,0.5312133,DO_NOT_MAIL
D103968,0.4107903,DO_NOT_MAIL
D111250,0.8291849,DO_NOT_MAIL
D119267,0.041186027,DO_NOT_MAIL
D135900,0.9274354,DO_NOT_MAIL
D135188,0.96245515,MAIL
D132418,0.79437804,DO_NOT_MAIL
D113239,0.6547513,DO_NOT_MAIL
D135652,0.008037714,DO_NOT_MAIL
D127787,0.8427521,DO_NOT_MAIL
D124042,0.8447092,DO_NOT_MAIL
D136125,0.84848046,DO_NOT_MAIL
D128683,0.94288254,DO_NOT_MAIL
D108627,0.6431161,DO_NOT_MAIL
D107465,0.76365095,DO_NOT_MAIL
D118117,0.46091363,DO_NOT_MAIL
D100464,0.98479754,MAIL
D130256,0.8954007,DO_NOT_MAIL
D137219,0.035258345,DO_NOT_MAIL
D129489,0.7287747,DO_NOT_MAIL
D107495,0.5943451,DO_NOT_MAIL
D139164,0.9721315,MAIL
D118193,0.9334319,DO_NOT_MAIL
D141716,0.25748622,DO_NOT_MAIL
D140127,0.08901916,DO_NOT_MAIL
D107040,0.7440578,DO_NOT_MAIL
D133473,0.07836969,DO_NOT_MAIL
D120587,0.9811429,MAIL
D143191,0.046901967,DO_NOT_MAIL
D121033,0.8555243,DO_NOT_MAIL
D129077,0.9519084,DO_NOT_MAIL
D119759,0.97525305,MAIL
D137364,0.9658472,MAIL
D103157,0.8285603,DO_NOT_MAIL
D125284,0.054505475,DO_NOT_MAIL
D122489,0.657778,DO_NOT_MAIL
D133463,0.9092488,DO_NOT_MAIL
D110368,0.9747672,MAIL
D137289,0.001410147,DO_NOT_MAIL
D111651,0.3817256,DO_NOT_MAIL
D130092,0.8276394,DO_NOT_MAIL
D115635,0.96707946,MAIL
D125121,0.8472271,DO_NOT_MAIL
D135191,0.33803895,DO_NOT_MAIL
D128853,0.94473964,DO_NOT_MAIL
D131193,0.81474036,DO_NOT_MAIL
D143463,0.12870595,DO_NOT_MAIL
D101579,0.28684032,DO_NOT_MAIL
D143574,0.17887871,DO_NOT_MAIL
D129788,0.7304995,DO_NOT_MAIL
D100679,0.010619194,DO_NOT_MAIL
D109823,0.43585023,DO_NOT_MAIL
D128165,0.7597075,DO_NOT_MAIL
D120040,0.71767014,DO_NOT_MAIL
D138427,0.0068172105,DO_NOT_MAIL
D101355,0.98943824,MAIL
D142194,0.026469847,DO_NOT_MAIL
D140489,0.0034405158,DO_NOT_MAIL
D131707,0.973897,MAIL
D124780,0.8087358,DO_NOT_MAIL
D108697,0.79660517,DO_NOT_MAIL
D129184,0.62193674,DO_NOT_MAIL
D123742,0.73969823,DO_NOT_MAIL
D133945,0.14278127,DO_NOT_MAIL
D131612,0.015611755,DO_NOT_MAIL
D143555,0.020427786,DO_NOT_MAIL
D129156,0.038991936,DO_NOT_MAIL
D101471,0.7332227,DO_NOT_MAIL
D105002,0.82213485,DO_NOT_MAIL
D103117,0.89545536,DO_NOT_MAIL
D100573,0.9711374,MAIL
D119520,0.035364673,DO_NOT_MAIL
D133400,0.5871366,DO_NOT_MAIL
D114525,0.27543294,DO_NOT_MAIL
D116113,0.528885,DO_NOT_MAIL
D103493,0.012322821,DO_NOT_MAIL
D130352,0.97124714,MAIL
D110635,0.023909893,DO_NOT_MAIL
D113146,0.47305262,DO_NOT_MAIL
D132980,0.023038223,DO_NOT_MAIL
D141613,0.0025167945,DO_NOT_MAIL
D127384,0.961119,MAIL
D117981,0.90379035,DO_NOT_MAIL
D126694,0.21935645,DO_NOT_MAIL
D111419,0.8073583,DO_NOT_MAIL
D102546,0.3127211,DO_NOT_MAIL
D138464,0.014299479,DO_NOT_MAIL
D122624,0.92517847,DO_NOT_MAIL
D107997,0.8483679,DO_NOT_MAIL
D136051,0.0011127881,DO_NOT_MAIL
D132855,0.6725385,DO_NOT_MAIL
D139061,0.0139693925,DO_NOT_MAIL
D114710,0.90379035,DO_NOT_MAIL
D133156,0.98332673,MAIL
D130675,0.0024904476,DO_NOT_MAIL
D101459,0.88879144,DO_NOT_MAIL
D108607,0.9025419,DO_NOT_MAIL
D110466,0.9658472,MAIL
D120682,0.047415707,DO_NOT_MAIL
D135501,0.08230631,DO_NOT_MAIL
D135185,0.066691175,DO_NOT_MAIL
D114613,0.9869551,MAIL
D133114,0.9745087,MAIL
D126364,0.284996,DO_NOT_MAIL
D101893,0.57365626,DO_NOT_MAIL
D105384,0.87192446,DO_NOT_MAIL
D135603,0.12530756,DO_NOT_MAIL
D128613,0.0022582146,DO_NOT_MAIL
D123189,0.9906378,MAIL
D119915,0.79660517,DO_NOT_MAIL
D102336,0.020927189,DO_NOT_MAIL
D102443,0.15303567,DO_NOT_MAIL
D114087,0.9606411,MAIL
D143060,0.083679475,DO_NOT_MAIL
D104091,0.6469854,DO_NOT_MAIL
D110088,0.93806165,DO_NOT_MAIL
D134007,0.010591635,DO_NOT_MAIL
D120056,0.5410151,DO_NOT_MAIL
D130435,0.96828955,MAIL
D122947,0.8054332,DO_NOT_MAIL
D117355,0.40185934,DO_NOT_MAIL
D132549,0.052017752,DO_NOT_MAIL
D111507,0.94440866,DO_NOT_MAIL
D100977,0.9174164,DO_NOT_MAIL
D132564,0.85991716,DO_NOT_MAIL
D111928,0.046630707,DO_NOT_MAIL
D132742,0.011023963,DO_NOT_MAIL
D123395,4.0425795e-05,DO_NOT_MAIL
D104763,0.9656056,MAIL
D120199,0.00023872418,DO_NOT_MAIL
D143738,0.9103057,DO_NOT_MAIL
D125384,0.051892415,DO_NOT_MAIL
D125242,0.22031875,DO_NOT_MAIL
D119112,0.8332882,DO_NOT_MAIL
D140712,0.92190015,DO_NOT_MAIL
D105965,0.96936,MAIL
D144623,0.027639233,DO_NOT_MAIL
D128478,0.1358536,DO_NOT_MAIL
D135992,0.020941025,DO_NOT_MAIL
D117338,0.9540989,MAIL
D139669,0.33093894,DO_NOT_MAIL
D128719,0.9581196,MAIL
D138151,0.9506359,DO_NOT_MAIL
D123370,0.96000904,MAIL
D125191,0.39419907,DO_NOT_MAIL
D102445,0.19757026,DO_NOT_MAIL
D110583,0.031295735,DO_NOT_MAIL
D107139,0.8447092,DO_NOT_MAIL
D126730,0.9092488,DO_NOT_MAIL
D119160,0.93333876,DO_NOT_MAIL
D120174,0.90115994,DO_NOT_MAIL
D116495,0.00524785,DO_NOT_MAIL
D113908,0.227697,DO_NOT_MAIL
D100149,0.40013987,DO_NOT_MAIL
D124968,0.92679274,DO_NOT_MAIL
D142722,0.7347923,DO_NOT_MAIL
D129963,0.9658472,MAIL
D109177,0.9340408,DO_NOT_MAIL
D100926,0.96004707,MAIL
D130781,0.343671,DO_NOT_MAIL
D136413,0.0010173309,DO_NOT_MAIL
D102912,0.9869551,MAIL
D117617,0.9466253,DO_NOT_MAIL
D118324,0.4153569,DO_NOT_MAIL
D139247,0.39298698,DO_NOT_MAIL
D143743,0.7912052,DO_NOT_MAIL
D127389,0.83709186,DO_NOT_MAIL
D100998,0.9685836,MAIL
D113762,0.8087358,DO_NOT_MAIL
D104639,0.03992656,DO_NOT_MAIL
D133328,0.958693,MAIL
D123349,0.4104528,DO_NOT_MAIL
D138817,0.1372638,DO_NOT_MAIL
D113718,0.54785824,DO_NOT_MAIL
D139165,0.20592488,DO_NOT_MAIL
D118857,0.8434482,DO_NOT_MAIL
D118732,0.99481213,MAIL
D140764,0.4202713,DO_NOT_MAIL
D102821,0.9377958,DO_NOT_MAIL
D106716,0.98286635,MAIL
D113658,0.00019059969,DO_NOT_MAIL
D105641,0.006449233,DO_NOT_MAIL
D128034,0.6690531,DO_NOT_MAIL
D117946,0.9782883,MAIL
D113993,0.7332227,DO_NOT_MAIL
D135674,0.014777109,DO_NOT_MAIL
D114452,0.005734957,DO_NOT_MAIL
D141687,0.9876665,MAIL
D125860,0.8054332,DO_NOT_MAIL
D125999,0.8961919,DO_NOT_MAIL
D136212,0.04125088,DO_NOT_MAIL
D100185,0.010048426,DO_NOT_MAIL
D125254,0.25449836,DO_NOT_MAIL
D112927,0.58595425,DO_NOT_MAIL
D103252,0.9519325,DO_NOT_MAIL
D140615,0.11522958,DO_NOT_MAIL
D136143,0.9349788,DO_NOT_MAIL
D111069,0.9637091,MAIL
D126428,0.9415254,DO_NOT_MAIL
D138345,0.5402342,DO_NOT_MAIL
D125407,0.41518015,DO_NOT_MAIL
D120536,0.35888764,DO_NOT_MAIL
D143321,0.052612312,DO_NOT_MAIL
D128208,0.98706704,MAIL
D126688,0.23054574,DO_NOT_MAIL
D127666,0.83709186,DO_NOT_MAIL
D118424,0.96996504,MAIL
D108576,0.8073583,DO_NOT_MAIL
D119698,0.79437804,DO_NOT_MAIL
D111785,0.84869266,DO_NOT_MAIL
D127042,0.96828955,MAIL
D106799,0.48848096,DO_NOT_MAIL
D131661,0.89337677,DO_NOT_MAIL
D127407,0.43296874,DO_NOT_MAIL
D117327,0.8983231,DO_NOT_MAIL
D128313,0.0014775897,DO_NOT_MAIL
D137220,0.9871432,MAIL
D143935,0.32360905,DO_NOT_MAIL
D104624,0.002721745,DO_NOT_MAIL
D136711,0.017293466,DO_NOT_MAIL
D118219,0.99224687,MAIL
D124590,0.51056933,DO_NOT_MAIL
D101204,0.0006480041,DO_NOT_MAIL
D106611,0.97928065,MAIL
D139750,0.033553265,DO_NOT_MAIL
D118664,0.2394468,DO_NOT_MAIL
D140314,0.059469704,DO_NOT_MAIL
D112166,0.99283326,MAIL
D108225,0.89545536,DO_NOT_MAIL
D128878,0.99283326,MAIL
D125052,0.7684628,DO_NOT_MAIL
D125174,0.0045817955,DO_NOT_MAIL
D109549,0.9832087,MAIL
D132431,0.9760435,MAIL
D101002,0.823647,DO_NOT_MAIL
D115132,0.4571048,DO_NOT_MAIL
D110223,0.2346666,DO_NOT_MAIL
D105546,0.87446547,DO_NOT_MAIL
D116433,0.8447092,DO_NOT_MAIL
D119276,0.09326914,DO_NOT_MAIL
D101094,0.0062834146,DO_NOT_MAIL
D110602,0.7089558,DO_NOT_MAIL
D104837,0.023011098,DO_NOT_MAIL
D133798,0.056420628,DO_NOT_MAIL
D136118,0.009925682,DO_NOT_MAIL
D124390,0.002947666,DO_NOT_MAIL
D101897,0.98816675,MAIL
D126281,0.0509995,DO_NOT_MAIL
D127078,0.021908056,DO_NOT_MAIL
D133999,0.039762028,DO_NOT_MAIL
D106045,0.6469854,DO_NOT_MAIL
D142802,0.036628496,DO_NOT_MAIL
D118480,0.094108954,DO_NOT_MAIL
D118048,0.97696793,MAIL
D113685,0.37881243,DO_NOT_MAIL
D115041,0.94473964,DO_NOT_MAIL
D139080,0.3769278,DO_NOT_MAIL
D123553,0.006878977,DO_NOT_MAIL
D107731,0.003377728,DO_NOT_MAIL
D110416,0.021325648,DO_NOT_MAIL
D137796,0.0155623965,DO_NOT_MAIL
D109076,0.9306288,DO_NOT_MAIL
D139232,0.074359536,DO_NOT_MAIL
D106564,0.9294427,DO_NOT_MAIL
D126467,0.13353953,DO_NOT_MAIL
D132414,0.00978852,DO_NOT_MAIL
D135253,0.059516635,DO_NOT_MAIL
D122652,0.9025419,DO_NOT_MAIL
D115526,0.8892806,DO_NOT_MAIL
D124126,0.83709186,DO_NOT_MAIL
D103930,0.81131417,DO_NOT_MAIL
D112645,0.9490325,DO_NOT_MAIL
D141315,0.023546902,DO_NOT_MAIL
D112879,0.9930816,MAIL
D106721,0.8427521,DO_NOT_MAIL
D108736,0.9358564,DO_NOT_MAIL
D103088,0.93806165,DO_NOT_MAIL
D113792,0.973722,MAIL
D124366,0.0059083547,DO_NOT_MAIL
D109082,0.62312996,DO_NOT_MAIL
D141819,0.18188928,DO_NOT_MAIL
D136342,0.010149096,DO_NOT_MAIL
D128464,0.97271967,MAIL
D141235,0.09494319,DO_NOT_MAIL
D138271,0.11196883,DO_NOT_MAIL
D100411,0.7372202,DO_NOT_MAIL
D144533,0.92924166,DO_NOT_MAIL
D109650,0.8165528,DO_NOT_MAIL
D117007,0.9854085,MAIL
D136881,0.610845,DO_NOT_MAIL
D102301,0.7428667,DO_NOT_MAIL
D112191,0.27732703,DO_NOT_MAIL
D141833,0.07412938,DO_NOT_MAIL
D140149,0.48783052,DO_NOT_MAIL
D119224,0.93806165,DO_NOT_MAIL
D135284,0.031144537,DO_NOT_MAIL
D137834,0.004274458,DO_NOT_MAIL
D136827,0.020965127,DO_NOT_MAIL
D126601,0.8545162,DO_NOT_MAIL
D124186,0.048639532,DO_NOT_MAIL
D106991,0.96921176,MAIL
D129432,0.98286635,MAIL
D110643,0.039313983,DO_NOT_MAIL
D139735,0.026283726,DO_NOT_MAIL
D138405,0.024882155,DO_NOT_MAIL
D102966,0.42334464,DO_NOT_MAIL
D126221,0.20801559,DO_NOT_MAIL
D101164,0.8546097,DO_NOT_MAIL
D121417,0.020968042,DO_NOT_MAIL
D134197,0.47305262,DO_NOT_MAIL
D127026,0.09459883,DO_NOT_MAIL
D140715,0.11701301,DO_NOT_MAIL
D142049,0.00025309072,DO_NOT_MAIL
D143628,0.0024171395,DO_NOT_MAIL
D111147,0.10080884,DO_NOT_MAIL
D101681,0.033002675,DO_NOT_MAIL
D127082,0.09663801,DO_NOT_MAIL
D103220,0.9506359,DO_NOT_MAIL
D122799,0.96558905,MAIL
D134045,0.8602647,DO_NOT_MAIL
D138702,0.0147246765,DO_NOT_MAIL
D138848,0.98372424,MAIL
D124837,0.96632427,MAIL
D107712,0.09407943,DO_NOT_MAIL
D126855,0.6725385,DO_NOT_MAIL
D114733,0.9278522,DO_NOT_MAIL
D128196,0.9168585,DO_NOT_MAIL
D114977,0.13121922,DO_NOT_MAIL
D108277,0.9132189,DO_NOT_MAIL
D136368,0.84848046,DO_NOT_MAIL
D121410,0.9306288,DO_NOT_MAIL
D134188,0.97908825,MAIL
D131115,0.47663742,DO_NOT_MAIL
D110123,0.14103825,DO_NOT_MAIL
D136385,0.657778,DO_NOT_MAIL
D134717,0.30709907,DO_NOT_MAIL
D129931,0.6690531,DO_NOT_MAIL
D136728,0.96258026,MAIL
D106914,0.9023306,DO_NOT_MAIL
D115493,0.7287747,DO_NOT_MAIL
D115987,0.6640927,DO_NOT_MAIL
D114177,0.22218233,DO_NOT_MAIL
D103951,0.7819923,DO_NOT_MAIL
D125138,0.98782593,MAIL
D103322,0.86891735,DO_NOT_MAIL
D126489,0.0037011781,DO_NOT_MAIL
D100175,0.14358053,DO_NOT_MAIL
D110809,0.9470951,DO_NOT_MAIL
D115400,0.9672093,MAIL
D132010,0.5617754,DO_NOT_MAIL
D101209,0.7287747,DO_NOT_MAIL
D137889,0.00012294346,DO_NOT_MAIL
D125176,0.7738617,DO_NOT_MAIL
D102506,0.011168511,DO_NOT_MAIL
D136293,0.77874273,DO_NOT_MAIL
D122062,0.63208497,DO_NOT_MAIL
D122236,0.0004854968,DO_NOT_MAIL
D107492,0.8447092,DO_NOT_MAIL
D131625,0.76365095,DO_NOT_MAIL
D133228,0.008398681,DO_NOT_MAIL
D130576,0.8852851,DO_NOT_MAIL
D112082,0.13494982,DO_NOT_MAIL
D122389,0.35781482,DO_NOT_MAIL
D129817,0.93618584,DO_NOT_MAIL
D130697,0.14088212,DO_NOT_MAIL
D132289,0.0014795688,DO_NOT_MAIL
D121739,0.018622646,DO_NOT_MAIL
D120725,0.5749398,DO_NOT_MAIL
D112057,0.9185091,DO_NOT_MAIL
D117095,0.95294404,MAIL
D112766,0.8838868,DO_NOT_MAIL
D107358,0.22687677,DO_NOT_MAIL
D126742,0.5617754,DO_NOT_MAIL
D118343,0.9684266,MAIL
D142067,0.0016160214,DO_NOT_MAIL
D111167,0.91089255,DO_NOT_MAIL
D140464,0.94845515,DO_NOT_MAIL
D112728,0.8415551,DO_NOT_MAIL
D137164,0.22421376,DO_NOT_MAIL
D102625,0.40978232,DO_NOT_MAIL
D107053,0.97171783,MAIL
D143554,0.0071955826,DO_NOT_MAIL
D113923,0.6545905,DO_NOT_MAIL
D133762,0.004788918,DO_NOT_MAIL
D118988,0.9770189,MAIL
D125747,0.68927664,DO_NOT_MAIL
D135863,0.9654538,MAIL
D100033,0.04828812,DO_NOT_MAIL
D115481,0.12666015,DO_NOT_MAIL
D128970,0.9896332,MAIL
D125111,0.9811509,MAIL
D100254,0.9483789,DO_NOT_MAIL
D109087,0.9305908,DO_NOT_MAIL
D132839,0.9278522,DO_NOT_MAIL
D103738,0.033940904,DO_NOT_MAIL
D123441,0.95294404,MAIL
D105025,0.9152594,DO_NOT_MAIL
D115049,0.8211532,DO_NOT_MAIL
D125542,0.9039037,DO_NOT_MAIL
D118008,0.6469854,DO_NOT_MAIL
D136298,0.9763776,MAIL
D139512,0.093858615,DO_NOT_MAIL
D140642,0.6123057,DO_NOT_MAIL
D129669,0.7089558,DO_NOT_MAIL
D135858,0.094256155,DO_NOT_MAIL
D102808,0.8472271,DO_NOT_MAIL
D123772,0.0058687176,DO_NOT_MAIL
D125686,0.97142845,MAIL
D138377,0.8695232,DO_NOT_MAIL
D111020,0.36268032,DO_NOT_MAIL
D116162,0.96521676,MAIL
D122734,0.97699124,MAIL
D138564,0.657778,DO_NOT_MAIL
D121384,0.9836315,MAIL
D105773,0.9615289,MAIL
D140011,0.7904805,DO_NOT_MAIL
D102998,0.9942363,MAIL
D100589,0.85991716,DO_NOT_MAIL
D114529,0.13794494,DO_NOT_MAIL
D118825,0.71033925,DO_NOT_MAIL
D112540,0.8726598,DO_NOT_MAIL
D114446,0.07628391,DO_NOT_MAIL
D136472,0.5925024,DO_NOT_MAIL
D133088,0.90179396,DO_NOT_MAIL
D113543,0.0538107,DO_NOT_MAIL
D115721,0.992488,MAIL
D116303,0.17488338,DO_NOT_MAIL
D105994,0.79437804,DO_NOT_MAIL
D121664,0.54785824,DO_NOT_MAIL
D143479,0.2743287,DO_NOT_MAIL
D123025,0.8572682,DO_NOT_MAIL
D130914,0.9334319,DO_NOT_MAIL
D128630,0.9003407,DO_NOT_MAIL
D120364,0.025437979,DO_NOT_MAIL
D136362,0.6690531,DO_NOT_MAIL
D114291,0.9508292,DO_NOT_MAIL
D141061,0.053811464,DO_NOT_MAIL
D127176,0.7332227,DO_NOT_MAIL
D106189,0.018913073,DO_NOT_MAIL
D144205,0.057231333,DO_NOT_MAIL
D103990,0.09477357,DO_NOT_MAIL
D103077,0.97928065,MAIL
D121437,0.9711374,MAIL
D105924,0.9506359,DO_NOT_MAIL
D142087,0.07488999,DO_NOT_MAIL
D143972,0.028010378,DO_NOT_MAIL
D141187,0.9401725,DO_NOT_MAIL
D125013,0.82603884,DO_NOT_MAIL
D104139,0.63461775,DO_NOT_MAIL
D129702,0.31656846,DO_NOT_MAIL
D107833,0.831485,DO_NOT_MAIL
D137381,0.1343756,DO_NOT_MAIL
D105568,0.4371574,DO_NOT_MAIL
D120627,0.06769965,DO_NOT_MAIL
D101114,0.9415254,DO_NOT_MAIL
D126452,0.9009107,DO_NOT_MAIL
D138984,0.082075946,DO_NOT_MAIL
D144195,0.76658213,DO_NOT_MAIL
D103888,0.92521757,DO_NOT_MAIL
D106443,0.50800234,DO_NOT_MAIL
D113283,0.78538567,DO_NOT_MAIL
D108420,0.12604977,DO_NOT_MAIL
D123802,0.7969786,DO_NOT_MAIL
D102128,0.00532194,DO_NOT_MAIL
D135999,0.9329747,DO_NOT_MAIL
D125371,0.9232493,DO_NOT_MAIL
D119712,0.9498289,DO_NOT_MAIL
D106266,0.9377958,DO_NOT_MAIL
D123313,0.0044774017,DO_NOT_MAIL
D101244,0.21553956,DO_NOT_MAIL
D121839,0.9781587,MAIL
D129997,0.8093756,DO_NOT_MAIL
D133545,0.6240543,DO_NOT_MAIL
D119605,0.96258026,MAIL
D124388,0.62193674,DO_NOT_MAIL
D113979,0.102582686,DO_NOT_MAIL
D118274,0.57922196,DO_NOT_MAIL
D121621,0.8616628,DO_NOT_MAIL
D122055,0.36268032,DO_NOT_MAIL
D103249,0.25197434,DO_NOT_MAIL
D124144,0.96705776,MAIL
D142353,0.0050040935,DO_NOT_MAIL
D111910,0.002112981,DO_NOT_MAIL
D108013,0.028179457,DO_NOT_MAIL
D103841,0.0023256484,DO_NOT_MAIL
D133995,0.9735162,MAIL
D134870,0.9924231,MAIL
D140908,0.1744231,DO_NOT_MAIL
D142791,0.9975903,MAIL
D132142,0.9949838,MAIL
D143007,0.04389621,DO_NOT_MAIL
D144466,0.06710679,DO_NOT_MAIL
D142104,0.00079347804,DO_NOT_MAIL
D133094,0.91089255,DO_NOT_MAIL
D100409,0.54517835,DO_NOT_MAIL
D127296,0.80330753,DO_NOT_MAIL
D119650,0.8611976,DO_NOT_MAIL
D111497,0.969633,MAIL
D122606,0.8546097,DO_NOT_MAIL
D112916,0.98118603,MAIL
D123876,0.75876814,DO_NOT_MAIL
D128929,0.70131403,DO_NOT_MAIL
D108349,0.8023649,DO_NOT_MAIL
D134282,0.88319796,DO_NOT_MAIL
D110957,0.16757017,DO_NOT_MAIL
D117861,0.5925024,DO_NOT_MAIL
D141589,0.038822178,DO_NOT_MAIL
D133021,0.97152454,MAIL
D112316,0.83709186,DO_NOT_MAIL
D105684,0.96004707,MAIL
D132965,0.20449837,DO_NOT_MAIL
D103120,0.942972,DO_NOT_MAIL
D139301,0.03354627,DO_NOT_MAIL
D102315,0.048287597,DO_NOT_MAIL
D117163,0.969508,MAIL
D135472,0.05153559,DO_NOT_MAIL
D132715,0.8545162,DO_NOT_MAIL
D126460,0.29904583,DO_NOT_MAIL
D116788,0.99243426,MAIL
D120620,0.56445444,DO_NOT_MAIL
D118225,0.7332227,DO_NOT_MAIL
D129032,0.6690531,DO_NOT_MAIL
D105756,0.15961796,DO_NOT_MAIL
D141094,0.0100505985,DO_NOT_MAIL
D117921,0.9693406,MAIL
D112415,0.5139931,DO_NOT_MAIL
D141034,0.9878764,MAIL
D106609,0.62193674,DO_NOT_MAIL
D142736,0.03440967,DO_NOT_MAIL
D128598,0.9401205,DO_NOT_MAIL
D134941,0.9571628,MAIL
D137261,0.000120299606,DO_NOT_MAIL
D131314,0.0057192626,DO_NOT_MAIL
D123673,0.1642483,DO_NOT_MAIL
D100446,0.986133,MAIL
D105310,0.0021593731,DO_NOT_MAIL
D108270,0.17811534,DO_NOT_MAIL
D137605,0.9118403,DO_NOT_MAIL
D101690,0.80627024,DO_NOT_MAIL
D109362,0.5139931,DO_NOT_MAIL
D114972,0.97373116,MAIL
D143230,0.15548232,DO_NOT_MAIL
D105091,0.56299716,DO_NOT_MAIL
D120991,0.99192226,MAIL
D119247,0.36268032,DO_NOT_MAIL
D113860,0.9290283,DO_NOT_MAIL
D128053,0.9775019,MAIL
D132765,0.57628584,DO_NOT_MAIL
D133377,0.0038321614,DO_NOT_MAIL
D107737,0.6431161,DO_NOT_MAIL
D125394,0.9309594,DO_NOT_MAIL
D109264,0.008739996,DO_NOT_MAIL
D117057,0.9639058,MAIL
D115004,0.8726598,DO_NOT_MAIL
D107249,0.9639058,MAIL
D142257,0.0019427938,DO_NOT_MAIL
D137777,0.64719087,DO_NOT_MAIL
D137272,0.70336944,DO_NOT_MAIL
D122391,0.8846277,DO_NOT_MAIL
D133664,0.98380095,MAIL
D128554,0.92517406,DO_NOT_MAIL
D144559,0.13308477,DO_NOT_MAIL
D137286,0.039424602,DO_NOT_MAIL
D107466,0.99122953,MAIL
D110106,0.102568835,DO_NOT_MAIL
D129632,0.9463768,DO_NOT_MAIL
D134173,0.9731995,MAIL
D138660,0.4395957,DO_NOT_MAIL
D128920,0.843054,DO_NOT_MAIL
D103766,0.8211532,DO_NOT_MAIL
D130612,0.9039037,DO_NOT_MAIL
D131003,0.62193674,DO_NOT_MAIL
D115037,0.94260883,DO_NOT_MAIL
D108122,0.46043044,DO_NOT_MAIL
D126137,0.657778,DO_NOT_MAIL
D134448,0.9462837,DO_NOT_MAIL
D124536,0.024374211,DO_NOT_MAIL
D106727,0.04584952,DO_NOT_MAIL
D113826,0.7766959,DO_NOT_MAIL
D143525,0.30239558,DO_NOT_MAIL
D128132,0.77132523,DO_NOT_MAIL
D138196,0.8555772,DO_NOT_MAIL
D142920,0.9349823,DO_NOT_MAIL
D114759,0.9329747,DO_NOT_MAIL
D117690,0.9901883,MAIL
D101961,0.8483679,DO_NOT_MAIL
D138971,0.0019919588,DO_NOT_MAIL
D112072,0.009849372,DO_NOT_MAIL
D103227,0.89230096,DO_NOT_MAIL
D124370,0.004794471,DO_NOT_MAIL
D103005,0.9329747,DO_NOT_MAIL
D140094,0.022198875,DO_NOT_MAIL
D106945,0.7819923,DO_NOT_MAIL
D118891,0.9690147,MAIL
D132261,0.0064510694,DO_NOT_MAIL
D105774,0.9806153,MAIL
D122425,0.9884421,MAIL
D116430,0.5139931,DO_NOT_MAIL
D108714,0.12678756,DO_NOT_MAIL
D133435,0.6725385,DO_NOT_MAIL
D106183,0.3611876,DO_NOT_MAIL
D112010,0.99187404,MAIL
D126579,0.0122321695,DO_NOT_MAIL
D109352,0.88794583,DO_NOT_MAIL
D130639,0.27812937,DO_NOT_MAIL
D127028,0.83505756,DO_NOT_MAIL
D123305,0.0068818773,DO_NOT_MAIL
D110515,0.5243425,DO_NOT_MAIL
D108341,0.9418153,DO_NOT_MAIL
D103369,0.98014534,MAIL
D115768,0.78250086,DO_NOT_MAIL
D144286,0.073153004,DO_NOT_MAIL
D120548,3.6423164e-05,DO_NOT_MAIL
D132334,0.7287747,DO_NOT_MAIL
D133275,0.9771031,MAIL
D117551,0.77170277,DO_NOT_MAIL
D136599,0.96121466,MAIL
D135758,0.9884421,MAIL
D144275,0.8048028,DO_NOT_MAIL
D110205,0.8483679,DO_NOT_MAIL
D104578,0.83729506,DO_NOT_MAIL
D144190,0.083761886,DO_NOT_MAIL
D126996,0.82213485,DO_NOT_MAIL
D119936,0.9487077,DO_NOT_MAIL
D141161,0.24912839,DO_NOT_MAIL
D122637,0.9294427,DO_NOT_MAIL
D124886,0.9843615,MAIL
D109771,0.62193674,DO_NOT_MAIL
D133184,0.04718064,DO_NOT_MAIL
D138899,0.24323368,DO_NOT_MAIL
D103661,0.9781587,MAIL
D132346,0.96176934,MAIL
D136027,0.07461869,DO_NOT_MAIL
D110253,0.71599865,DO_NOT_MAIL
D133771,0.16923763,DO_NOT_MAIL
D118735,0.81484187,DO_NOT_MAIL
D114617,0.59988743,DO_NOT_MAIL
D100127,0.21138233,DO_NOT_MAIL
D135707,0.4507605,DO_NOT_MAIL
D100298,0.9434021,DO_NOT_MAIL
D136194,0.91089255,DO_NOT_MAIL
D124807,0.9788103,MAIL
D104635,0.68927664,DO_NOT_MAIL
D124509,0.016580189,DO_NOT_MAIL
D137070,0.98975897,MAIL
D118897,0.9781587,MAIL
D106776,0.0269173,DO_NOT_MAIL
D128449,0.9895745,MAIL
D125543,0.9580685,MAIL
D130161,0.93956065,DO_NOT_MAIL
D124752,0.8892806,DO_NOT_MAIL
D134862,0.87599576,DO_NOT_MAIL
D104439,0.97693527,MAIL
D106636,0.92532676,DO_NOT_MAIL
D104936,0.973897,MAIL
D141875,0.013117041,DO_NOT_MAIL
D118276,0.013275305,DO_NOT_MAIL
D104430,0.06304132,DO_NOT_MAIL
D104491,0.78161925,DO_NOT_MAIL
D112579,0.82213485,DO_NOT_MAIL
D125756,0.8968021,DO_NOT_MAIL
D123926,0.6816522,DO_NOT_MAIL
D142975,0.2549621,DO_NOT_MAIL
D139517,0.8931406,DO_NOT_MAIL
D143362,0.025307095,DO_NOT_MAIL
D121382,0.29273427,DO_NOT_MAIL
D107200,0.9908025,MAIL
D139422,0.2668891,DO_NOT_MAIL
D119438,0.034438934,DO_NOT_MAIL
D118244,0.6431161,DO_NOT_MAIL
D122720,0.9927463,MAIL
D125467,0.2078177,DO_NOT_MAIL
D133496,0.36268032,DO_NOT_MAIL
D135530,0.7597075,DO_NOT_MAIL
D120217,0.49458694,DO_NOT_MAIL
D114395,0.1946919,DO_NOT_MAIL
D111183,0.6469854,DO_NOT_MAIL
D128977,0.0014445563,DO_NOT_MAIL
D125027,0.017339027,DO_NOT_MAIL
D110441,0.9271437,DO_NOT_MAIL
D135841,0.96176934,MAIL
D120330,0.9792474,MAIL
D139622,0.9806442,MAIL
D112386,0.9908206,MAIL
D108543,0.92521757,DO_NOT_MAIL
D112743,0.9257085,DO_NOT_MAIL
D133139,0.76072395,DO_NOT_MAIL
D138393,0.010854282,DO_NOT_MAIL
D130810,0.05812563,DO_NOT_MAIL
D129174,0.80390793,DO_NOT_MAIL
D139617,0.0044001173,DO_NOT_MAIL
D111618,0.39192656,DO_NOT_MAIL
D115158,0.9377958,DO_NOT_MAIL
D105598,0.8537907,DO_NOT_MAIL
D135046,0.08416539,DO_NOT_MAIL
D124396,0.96000904,MAIL
D144166,0.045676213,DO_NOT_MAIL
D123312,0.9859477,MAIL
D137309,0.0019919588,DO_NOT_MAIL
D100017,0.32156664,DO_NOT_MAIL
D136403,0.025862921,DO_NOT_MAIL
D117603,0.7374796,DO_NOT_MAIL
D121933,0.9770189,MAIL
D119998,0.8838868,DO_NOT_MAIL
D105009,0.7861124,DO_NOT_MAIL
D116770,0.0010601075,DO_NOT_MAIL
D106369,0.9462837,DO_NOT_MAIL
D100520,0.9225519,DO_NOT_MAIL
D109612,0.17155023,DO_NOT_MAIL
D135073,0.12324412,DO_NOT_MAIL
D110449,0.9349788,DO_NOT_MAIL
D116800,0.4930047,DO_NOT_MAIL
D128991,0.98721606,MAIL
D111242,0.9470951,DO_NOT_MAIL
D104567,0.7819923,DO_NOT_MAIL
D126444,0.8211532,DO_NOT_MAIL
D117397,0.9495193,DO_NOT_MAIL
D114600,0.12850645,DO_NOT_MAIL
D119886,0.9105622,DO_NOT_MAIL
D111046,0.97271967,MAIL
D114323,0.99288416,MAIL
D122036,0.96705776,MAIL
D129285,0.62353516,DO_NOT_MAIL
D134503,0.6725385,DO_NOT_MAIL
D143588,0.03196981,DO_NOT_MAIL
D100821,0.9685836,MAIL
D132112,0.5139931,DO_NOT_MAIL
D142007,0.27921072,DO_NOT_MAIL
D129970,0.71599865,DO_NOT_MAIL
D132568,0.37457836,DO_NOT_MAIL
D136363,0.718007,DO_NOT_MAIL
D109663,0.8427521,DO_NOT_MAIL
D118541,0.9462837,DO_NOT_MAIL
D106551,0.9588186,MAIL
D108893,0.6469854,DO_NOT_MAIL
D113347,0.5617754,DO_NOT_MAIL
D124157,0.7390966,DO_NOT_MAIL
D113045,0.0032097371,DO_NOT_MAIL
D113047,0.53687334,DO_NOT_MAIL
D119457,0.029310392,DO_NOT_MAIL
D110849,0.9733782,MAIL
D121483,0.97866356,MAIL
D124399,0.84686965,DO_NOT_MAIL
D103312,0.10154525,DO_NOT_MAIL
D128173,0.19364357,DO_NOT_MAIL
D122910,0.7708985,DO_NOT_MAIL
D104344,0.43585023,DO_NOT_MAIL
D142356,0.015593239,DO_NOT_MAIL
D128278,0.82409686,DO_NOT_MAIL
D113541,0.7332227,DO_NOT_MAIL
D115877,0.657778,DO_NOT_MAIL
D128365,0.9347862,DO_NOT_MAIL
D133858,0.9029774,DO_NOT_MAIL
D118072,0.8546097,DO_NOT_MAIL
D100199,0.042366862,DO_NOT_MAIL
D118440,0.975021,MAIL
D123841,0.8434482,DO_NOT_MAIL
D116726,0.29273427,DO_NOT_MAIL
D128930,0.96000904,MAIL
D139475,0.16902964,DO_NOT_MAIL
D129494,0.9725478,MAIL
D126314,0.62193674,DO_NOT_MAIL
D137748,0.628322,DO_NOT_MAIL
D130822,0.012419001,DO_NOT_MAIL
D134888,0.80983555,DO_NOT_MAIL
D142047,0.00024762,DO_NOT_MAIL
D144451,0.52650124,DO_NOT_MAIL
D111010,0.84229296,DO_NOT_MAIL
D112494,0.9799463,MAIL
D116179,0.6240543,DO_NOT_MAIL
D137021,0.0014754533,DO_NOT_MAIL
D129837,0.9685836,MAIL
D134421,0.9023609,DO_NOT_MAIL
D125670,0.86922854,DO_NOT_MAIL
D136738,0.91360223,DO_NOT_MAIL
D113764,0.0066265673,DO_NOT_MAIL
D134450,0.958693,MAIL
D105543,0.9736867,MAIL
D139523,0.9510001,DO_NOT_MAIL
D144094,0.28409356,DO_NOT_MAIL
D105699,0.9979664,MAIL
D110523,0.6547513,DO_NOT_MAIL
D142422,0.005286163,DO_NOT_MAIL
D112414,0.6816522,DO_NOT_MAIL
D107127,0.040507264,DO_NOT_MAIL
D118910,0.91026044,DO_NOT_MAIL
D102867,0.0329747,DO_NOT_MAIL
D132500,0.971221,MAIL
D113524,0.8611976,DO_NOT_MAIL
D122470,0.94857216,DO_NOT_MAIL
D128972,0.0016626361,DO_NOT_MAIL
D139133,0.012372213,DO_NOT_MAIL
D128754,0.97166663,MAIL
D144508,0.92924166,DO_NOT_MAIL
D121352,0.80330753,DO_NOT_MAIL
D129112,0.47305262,DO_NOT_MAIL
D121027,0.97595996,MAIL
D142105,0.15479456,DO_NOT_MAIL
D111986,0.80330753,DO_NOT_MAIL
D111359,0.80627024,DO_NOT_MAIL
D134127,0.0073082214,DO_NOT_MAIL
D133600,0.01919949,DO_NOT_MAIL
D107440,0.77132523,DO_NOT_MAIL
D136374,0.9105622,DO_NOT_MAIL
D109714,0.40007955,DO_NOT_MAIL
D108831,0.977738,MAIL
D138549,0.2524802,DO_NOT_MAIL
D130738,0.33754098,DO_NOT_MAIL
D143142,0.0068288688,DO_NOT_MAIL
D108629,0.831485,DO_NOT_MAIL
D103669,0.5617754,DO_NOT_MAIL
D119308,0.023019401,DO_NOT_MAIL
D118704,0.6106876,DO_NOT_MAIL
D133006,0.019586299,DO_NOT_MAIL
D121787,0.9667681,MAIL
D137678,0.061800122,DO_NOT_MAIL
D138573,0.91660595,DO_NOT_MAIL
D100084,0.72427136,DO_NOT_MAIL
D113232,0.0346184,DO_NOT_MAIL
D125600,0.79437804,DO_NOT_MAIL
D127678,0.03130418,DO_NOT_MAIL
D135215,0.010477976,DO_NOT_MAIL
D113651,0.95945716,MAIL
D126264,0.9927229,MAIL
D135795,0.8621488,DO_NOT_MAIL
D134707,0.081791386,DO_NOT_MAIL
D142412,0.13288777,DO_NOT_MAIL
D139708,0.90955377,DO_NOT_MAIL
D123798,0.98621076,MAIL
D108216,0.03968081,DO_NOT_MAIL
D120170,0.8764,DO_NOT_MAIL
D114917,0.9923178,MAIL
D131670,0.9447907,DO_NOT_MAIL
D136266,0.17403007,DO_NOT_MAIL
D135898,0.9412208,DO_NOT_MAIL
D120616,0.86922854,DO_NOT_MAIL
D125460,0.7677933,DO_NOT_MAIL
D106570,0.66697764,DO_NOT_MAIL
D134979,0.051843524,DO_NOT_MAIL
D131410,0.9622986,MAIL
D104712,0.0016335229,DO_NOT_MAIL
D129148,0.37099186,DO_NOT_MAIL
D133454,0.8077166,DO_NOT_MAIL
D131909,0.055120733,DO_NOT_MAIL
D117618,0.95227355,MAIL
D130703,0.0020446796,DO_NOT_MAIL
D138326,0.11110979,DO_NOT_MAIL
D143036,0.005269066,DO_NOT_MAIL
D135649,0.42931014,DO_NOT_MAIL
D115357,9.6341755e-06,DO_NOT_MAIL
D124206,0.99087244,MAIL
D109566,0.68927664,DO_NOT_MAIL
D122136,0.4615115,DO_NOT_MAIL
D117845,0.7332227,DO_NOT_MAIL
D113696,0.97908825,MAIL
D114658,0.95693064,MAIL
D133856,0.8659051,DO_NOT_MAIL
D109893,0.97692025,MAIL
D102807,0.4507605,DO_NOT_MAIL
D141402,0.08618074,DO_NOT_MAIL
D102144,0.98834795,MAIL
D119242,0.9841995,MAIL
D129342,0.019615103,DO_NOT_MAIL
D103437,0.96827155,MAIL
D130616,0.78538567,DO_NOT_MAIL
D142287,0.14057483,DO_NOT_MAIL
D114370,0.62060946,DO_NOT_MAIL
D121164,0.91175425,DO_NOT_MAIL
D126396,0.8834172,DO_NOT_MAIL
D123788,0.9715028,MAIL
D132201,0.9718807,MAIL
D115880,0.87722886,DO_NOT_MAIL
D122743,0.97373116,MAIL
D104072,0.5794094,DO_NOT_MAIL
D128569,0.9602031,MAIL
D137842,0.039236456,DO_NOT_MAIL
D118345,0.016177718,DO_NOT_MAIL
D110037,0.66958344,DO_NOT_MAIL
D128910,0.8434482,DO_NOT_MAIL
D114307,0.59878206,DO_NOT_MAIL
D112425,0.26899904,DO_NOT_MAIL
D110159,0.9418153,DO_NOT_MAIL
D140714,0.067940846,DO_NOT_MAIL
D100320,0.07797887,DO_NOT_MAIL
D115886,0.97271967,MAIL
D131636,0.01692839,DO_NOT_MAIL
D126547,0.02827521,DO_NOT_MAIL
D110844,0.9720347,MAIL
D113443,0.8834172,DO_NOT_MAIL
D111924,0.72434723,DO_NOT_MAIL
D136758,0.9334319,DO_NOT_MAIL
D132975,0.8447092,DO_NOT_MAIL
D104738,0.26185176,DO_NOT_MAIL
D109723,0.88879144,DO_NOT_MAIL
D123460,0.036079507,DO_NOT_MAIL
D111985,0.91175425,DO_NOT_MAIL
D136901,0.035172053,DO_NOT_MAIL
D130920,0.8881307,DO_NOT_MAIL
D101753,0.448706,DO_NOT_MAIL
D117572,0.8095635,DO_NOT_MAIL
D141520,0.073472954,DO_NOT_MAIL
D126249,0.88879144,DO_NOT_MAIL
D114049,0.0037679188,DO_NOT_MAIL
D107480,0.48664543,DO_NOT_MAIL
D110825,0.9900693,MAIL
D115336,0.00804348,DO_NOT_MAIL
D125262,0.9469066,DO_NOT_MAIL
D113971,0.9675739,MAIL
D144119,0.80669427,DO_NOT_MAIL
D128116,0.065988906,DO_NOT_MAIL
D125061,0.96223414,MAIL
D104269,0.013390247,DO_NOT_MAIL
D119960,0.8766745,DO_NOT_MAIL
D143347,0.71726567,DO_NOT_MAIL
D134912,0.8813861,DO_NOT_MAIL
D110899,0.010883596,DO_NOT_MAIL
D134740,0.5617754,DO_NOT_MAIL
D143603,0.2546332,DO_NOT_MAIL
D126307,0.85891896,DO_NOT_MAIL
D143546,0.00014772166,DO_NOT_MAIL
D117178,0.8276394,DO_NOT_MAIL
D101692,0.9530377,MAIL
D107259,0.9748004,MAIL
D103572,0.79660517,DO_NOT_MAIL
D135066,0.26456574,DO_NOT_MAIL
D142669,0.034184277,DO_NOT_MAIL
D139068,0.016354987,DO_NOT_MAIL
D123584,0.79437804,DO_NOT_MAIL
D111765,0.9349788,DO_NOT_MAIL
D125811,0.96827155,MAIL
D126468,0.9337538,DO_NOT_MAIL
D100029,0.1540404,DO_NOT_MAIL
D138444,0.096014045,DO_NOT_MAIL
D120576,0.90379035,DO_NOT_MAIL
D125271,0.030400945,DO_NOT_MAIL
D106210,0.7677933,DO_NOT_MAIL
D126375,0.969508,MAIL
D142145,0.19298337,DO_NOT_MAIL
D124735,0.9105622,DO_NOT_MAIL
D142715,0.029853765,DO_NOT_MAIL
D101798,0.7480704,DO_NOT_MAIL
D116806,0.013886804,DO_NOT_MAIL
D111021,0.29273427,DO_NOT_MAIL
D105171,0.9685309,MAIL
D114667,0.99192226,MAIL
D124121,0.00043228088,DO_NOT_MAIL
D106674,0.0023400655,DO_NOT_MAIL
D100578,0.96632427,MAIL
D141016,0.36048844,DO_NOT_MAIL
D117895,0.9747233,MAIL
D129935,0.8399911,DO_NOT_MAIL
D133360,0.69809425,DO_NOT_MAIL
D129101,0.718007,DO_NOT_MAIL
D114373,0.8434482,DO_NOT_MAIL
D109698,0.96632427,MAIL
D125065,0.824826,DO_NOT_MAIL
D124816,0.8119858,DO_NOT_MAIL
D101304,0.11411095,DO_NOT_MAIL
D123808,0.8536362,DO_NOT_MAIL
D103474,0.54785824,DO_NOT_MAIL
D127189,0.81474036,DO_NOT_MAIL
D106282,0.88971186,DO_NOT_MAIL
D121202,9.1493996e-05,DO_NOT_MAIL
D124094,0.6900179,DO_NOT_MAIL
D102647,0.09225428,DO_NOT_MAIL
D126605,0.96707946,MAIL
D142431,0.0132125905,DO_NOT_MAIL
D142038,0.015571567,DO_NOT_MAIL
D127986,0.0067352564,DO_NOT_MAIL
D108239,0.9793005,MAIL
D127060,0.9697583,MAIL
D133301,0.9554237,MAIL
D101874,0.7037504,DO_NOT_MAIL
D137347,0.36809474,DO_NOT_MAIL
D138090,0.02278249,DO_NOT_MAIL
D121631,0.02177978,DO_NOT_MAIL
D114646,0.022013664,DO_NOT_MAIL
D125690,0.37099186,DO_NOT_MAIL
D129459,0.84848046,DO_NOT_MAIL
D141168,0.0033128005,DO_NOT_MAIL
D101828,0.78538567,DO_NOT_MAIL
D104638,0.91175425,DO_NOT_MAIL
D106169,0.00025697506,DO_NOT_MAIL
D118269,0.8881307,DO_NOT_MAIL
D108315,0.9329747,DO_NOT_MAIL
D112295,0.85991716,DO_NOT_MAIL
D137699,0.9152594,DO_NOT_MAIL
D107023,0.9152594,DO_NOT_MAIL
D112573,0.8726598,DO_NOT_MAIL
D100109,0.32500562,DO_NOT_MAIL
D112113,0.8472271,DO_NOT_MAIL
D106021,0.9038747,DO_NOT_MAIL
D120946,0.9908636,MAIL
D138143,0.07885599,DO_NOT_MAIL
D123893,0.07176615,DO_NOT_MAIL
D117066,0.0035106994,DO_NOT_MAIL
D143792,0.006104403,DO_NOT_MAIL
D119177,0.9329747,DO_NOT_MAIL
D124064,0.0151021695,DO_NOT_MAIL
D112598,0.9786309,MAIL
D141481,0.92800033,DO_NOT_MAIL
D114230,0.9775313,MAIL
D106682,0.9552332,MAIL
D123750,0.016035156,DO_NOT_MAIL
D143640,0.0011527702,DO_NOT_MAIL
D136795,0.05876743,DO_NOT_MAIL
D131517,0.9101504,DO_NOT_MAIL
D122154,0.9811509,MAIL
D105007,0.04649423,DO_NOT_MAIL
D129975,0.93474895,DO_NOT_MAIL
D124913,0.88336307,DO_NOT_MAIL
D128829,0.26770192,DO_NOT_MAIL
D132582,0.97982794,MAIL
D142547,0.043182604,DO_NOT_MAIL
D137835,0.00095936115,DO_NOT_MAIL
D105600,0.31587273,DO_NOT_MAIL
D130320,0.6545905,DO_NOT_MAIL
D100351,0.94245774,DO_NOT_MAIL
D123415,0.8568151,DO_NOT_MAIL
D110011,0.061889138,DO_NOT_MAIL
D131366,0.15653811,DO_NOT_MAIL
D137737,0.056810234,DO_NOT_MAIL
D105375,0.72434723,DO_NOT_MAIL
D134940,0.00062133156,DO_NOT_MAIL
D144158,0.9684539,MAIL
D113172,0.5616644,DO_NOT_MAIL
D124221,0.007598286,DO_NOT_MAIL
D101637,0.81131417,DO_NOT_MAIL
D144009,0.007970266,DO_NOT_MAIL
D110031,0.7236768,DO_NOT_MAIL
D111304,0.88706994,DO_NOT_MAIL
D117296,0.80627024,DO_NOT_MAIL
D138565,0.047374513,DO_NOT_MAIL
D123690,0.85706615,DO_NOT_MAIL
D108968,0.82066286,DO_NOT_MAIL
D118548,0.7332227,DO_NOT_MAIL
D130988,0.9806153,MAIL
D141624,0.14235231,DO_NOT_MAIL
D111881,0.7597075,DO_NOT_MAIL
D111980,0.7889207,DO_NOT_MAIL
D105297,0.6469854,DO_NOT_MAIL
D139311,0.055192564,DO_NOT_MAIL
D108999,0.9640741,MAIL
D111132,0.0026151438,DO_NOT_MAIL
D138202,0.25116763,DO_NOT_MAIL
D120540,0.0019215599,DO_NOT_MAIL
D104540,0.9584709,MAIL
D100352,0.0051258393,DO_NOT_MAIL
D106702,0.7332227,DO_NOT_MAIL
D138291,0.06361062,DO_NOT_MAIL
D116560,0.4590276,DO_NOT_MAIL
D110555,0.6870727,DO_NOT_MAIL
D134179,0.009283043,DO_NOT_MAIL
D116735,0.5699576,DO_NOT_MAIL
D143888,0.0012797328,DO_NOT_MAIL
D143205,0.0039482038,DO_NOT_MAIL
D138680,0.0126612,DO_NOT_MAIL
D119375,0.96551836,MAIL
D109287,0.30244258,DO_NOT_MAIL
D135637,0.46413866,DO_NOT_MAIL
D124665,0.19364357,DO_NOT_MAIL
D138867,0.07778445,DO_NOT_MAIL
D122763,0.93474895,DO_NOT_MAIL
D104771,0.38920325,DO_NOT_MAIL
D117546,0.038982663,DO_NOT_MAIL
D136465,0.95578015,MAIL
D132358,0.029650928,DO_NOT_MAIL
D103580,0.9781587,MAIL
D141993,0.31025133,DO_NOT_MAIL
D113717,0.59878206,DO_NOT_MAIL
D101549,0.8572682,DO_NOT_MAIL
D143939,0.08026394,DO_NOT_MAIL
D119608,0.5139931,DO_NOT_MAIL
D123663,0.05523359,DO_NOT_MAIL
D113244,0.660551,DO_NOT_MAIL
D106107,0.8846277,DO_NOT_MAIL
D133976,0.08092121,DO_NOT_MAIL
D106184,0.84715784,DO_NOT_MAIL
D142015,0.0023978245,DO_NOT_MAIL
D119411,0.9629351,MAIL
D140441,0.028700372,DO_NOT_MAIL
D125737,0.97720313,MAIL
D130427,0.9434021,DO_NOT_MAIL
D132312,0.92532676,DO_NOT_MAIL
D115001,0.9003407,DO_NOT_MAIL
D131230,0.021185173,DO_NOT_MAIL
D140318,0.0012981916,DO_NOT_MAIL
D127802,0.033763908,DO_NOT_MAIL
D104221,0.0038848363,DO_NOT_MAIL
D117621,0.8726598,DO_NOT_MAIL
D118086,0.9802091,MAIL
D123901,0.9658472,MAIL
D122911,0.04766321,DO_NOT_MAIL
D127098,0.91175425,DO_NOT_MAIL
D132251,0.025447724,DO_NOT_MAIL
D107152,0.8961919,DO_NOT_MAIL
D126125,0.010217779,DO_NOT_MAIL
D101050,0.88971186,DO_NOT_MAIL
D110795,0.9788103,MAIL
D103717,0.7377304,DO_NOT_MAIL
D133262,0.096056335,DO_NOT_MAIL
D110991,0.90447336,DO_NOT_MAIL
D109240,0.009204772,DO_NOT_MAIL
D128011,0.97298795,MAIL
D134598,0.98854107,MAIL
D108334,0.92095155,DO_NOT_MAIL
D127347,0.9259016,DO_NOT_MAIL
D119202,0.8087358,DO_NOT_MAIL
D113372,0.29307443,DO_NOT_MAIL
D126225,0.00034080847,DO_NOT_MAIL
D125914,0.99346536,MAIL
D128239,0.90447336,DO_NOT_MAIL
D120876,0.9306288,DO_NOT_MAIL
D144592,0.0067435456,DO_NOT_MAIL
D105528,0.9658472,MAIL
D136429,0.9412208,DO_NOT_MAIL
D131979,0.657778,DO_NOT_MAIL
D135495,0.0015173684,DO_NOT_MAIL
D107018,0.068577446,DO_NOT_MAIL
D110271,0.24245888,DO_NOT_MAIL
D138875,0.8578407,DO_NOT_MAIL
D129159,0.9667741,MAIL
D129583,0.83709186,DO_NOT_MAIL
D143240,0.0054238504,DO_NOT_MAIL
D140103,0.0038851444,DO_NOT_MAIL
D119390,0.7392137,DO_NOT_MAIL
D139263,0.07546739,DO_NOT_MAIL
D124511,0.11800947,DO_NOT_MAIL
D114987,0.92517406,DO_NOT_MAIL
D106933,0.97521484,MAIL
D106148,0.0015779465,DO_NOT_MAIL
D127929,0.046093818,DO_NOT_MAIL
D116386,0.8472271,DO_NOT_MAIL
D133870,0.9497457,DO_NOT_MAIL
D123017,0.9274354,DO_NOT_MAIL
D139304,0.017866025,DO_NOT_MAIL
D101602,0.9355391,DO_NOT_MAIL
D129236,0.06321284,DO_NOT_MAIL
D119652,0.015127389,DO_NOT_MAIL
D126673,0.03335773,DO_NOT_MAIL
D140879,0.3665792,DO_NOT_MAIL
D125204,0.9922355,MAIL
D138358,0.00024175983,DO_NOT_MAIL
D114820,0.007744778,DO_NOT_MAIL
D105143,0.8537907,DO_NOT_MAIL
D101575,0.8886162,DO_NOT_MAIL
D101618,0.9434021,DO_NOT_MAIL
D115914,0.8576082,DO_NOT_MAIL
D131837,0.013516906,DO_NOT_MAIL
D118942,0.3817256,DO_NOT_MAIL
D103641,0.80390793,DO_NOT_MAIL
D132842,0.19501704,DO_NOT_MAIL
D144479,0.491007,DO_NOT_MAIL
D141737,0.026652142,DO_NOT_MAIL
D143947,0.0053319195,DO_NOT_MAIL
D135852,0.16757017,DO_NOT_MAIL
D133211,0.06709739,DO_NOT_MAIL
D109472,0.73969823,DO_NOT_MAIL
D133170,0.8291849,DO_NOT_MAIL
D132035,0.98066485,MAIL
D142440,0.075398676,DO_NOT_MAIL
D141441,0.051674716,DO_NOT_MAIL
D110055,0.16377102,DO_NOT_MAIL
D127272,0.973722,MAIL
D125267,0.041282386,DO_NOT_MAIL
D141657,0.00081193907,DO_NOT_MAIL
D110757,0.080025025,DO_NOT_MAIL
D107892,0.0054278183,DO_NOT_MAIL
D122016,0.9588186,MAIL
D123088,0.9583937,MAIL
D108424,0.0034663046,DO_NOT_MAIL
D142757,0.058580313,DO_NOT_MAIL
D119217,0.2742522,DO_NOT_MAIL
D128835,0.7236768,DO_NOT_MAIL
D132235,0.92532676,DO_NOT_MAIL
D137402,0.9583937,MAIL
D109762,0.04257433,DO_NOT_MAIL
D121292,0.81474036,DO_NOT_MAIL
D100619,0.881872,DO_NOT_MAIL
D112939,0.7294981,DO_NOT_MAIL
D129004,0.9658242,MAIL
D141813,0.03616961,DO_NOT_MAIL
D133201,0.95690113,MAIL
D126079,0.79437804,DO_NOT_MAIL
D140046,0.031288855,DO_NOT_MAIL
D133850,0.0042997757,DO_NOT_MAIL
D114635,0.83729506,DO_NOT_MAIL
D137575,0.018334229,DO_NOT_MAIL
D115408,0.8611976,DO_NOT_MAIL
D135464,0.00027061562,DO_NOT_MAIL
D130348,0.88723224,DO_NOT_MAIL
D112286,0.8961919,DO_NOT_MAIL
D127307,0.81131417,DO_NOT_MAIL
D124506,0.09737816,DO_NOT_MAIL
D101036,0.5314158,DO_NOT_MAIL
D140808,0.9053095,DO_NOT_MAIL
D114856,0.06469653,DO_NOT_MAIL
D142160,0.11706453,DO_NOT_MAIL
D125044,0.88336307,DO_NOT_MAIL
D114654,0.9584709,MAIL
D110091,0.9676331,MAIL
D131436,0.17167085,DO_NOT_MAIL
D135114,0.6816522,DO_NOT_MAIL
D133424,0.15510444,DO_NOT_MAIL
D136619,0.024187824,DO_NOT_MAIL
D116611,0.8023649,DO_NOT_MAIL
D119414,0.37099186,DO_NOT_MAIL
D130021,0.9843615,MAIL
D121874,0.24376509,DO_NOT_MAIL
D110162,0.718007,DO_NOT_MAIL
D143457,0.13466637,DO_NOT_MAIL
D115760,0.3127211,DO_NOT_MAIL
D106788,0.971221,MAIL
D138560,0.975069,MAIL
D105654,0.8838868,DO_NOT_MAIL
D117757,0.76219136,DO_NOT_MAIL
D121216,0.9101504,DO_NOT_MAIL
D125325,0.9588186,MAIL
D133167,0.8987183,DO_NOT_MAIL
D110690,0.9025419,DO_NOT_MAIL
D129390,0.013135116,DO_NOT_MAIL
D121939,0.8611976,DO_NOT_MAIL
D139419,0.0671262,DO_NOT_MAIL
D123096,0.5243425,DO_NOT_MAIL
D138708,0.33207515,DO_NOT_MAIL
D102319,0.22012104,DO_NOT_MAIL
D104056,0.93821704,DO_NOT_MAIL
D135815,0.51906675,DO_NOT_MAIL
D118638,0.8399911,DO_NOT_MAIL
D125931,0.96176934,MAIL
D106666,0.9185091,DO_NOT_MAIL
D116479,0.8881598,DO_NOT_MAIL
D104177,0.009634776,DO_NOT_MAIL
D141099,0.12489289,DO_NOT_MAIL
D129529,0.8881307,DO_NOT_MAIL
D112805,0.6690531,DO_NOT_MAIL
D115315,0.39493394,DO_NOT_MAIL
D128564,0.9463768,DO_NOT_MAIL
D118148,0.9606411,MAIL
D108862,0.77132523,DO_NOT_MAIL
D106178,0.25449836,DO_NOT_MAIL
D130260,0.85608035,DO_NOT_MAIL
D137197,0.80627024,DO_NOT_MAIL
D120708,0.9714092,MAIL
D132187,0.026673073,DO_NOT_MAIL
D121051,0.08215656,DO_NOT_MAIL
D140624,0.97786057,MAIL
D122697,0.9441003,DO_NOT_MAIL
D144150,0.030433891,DO_NOT_MAIL
D103574,0.718007,DO_NOT_MAIL
D114558,0.4507605,DO_NOT_MAIL
D131749,0.99141425,MAIL
D136364,0.36268032,DO_NOT_MAIL
D110052,0.9715028,MAIL
D132574,0.9039037,DO_NOT_MAIL
D109825,0.9588186,MAIL
D120769,0.073359,DO_NOT_MAIL
D103085,0.8602647,DO_NOT_MAIL
D109047,0.8693399,DO_NOT_MAIL
D110610,0.92751646,DO_NOT_MAIL
D138599,0.039642006,DO_NOT_MAIL
D118333,0.92532676,DO_NOT_MAIL
D107586,0.9358564,DO_NOT_MAIL
D125476,0.9415254,DO_NOT_MAIL
D135481,0.002739674,DO_NOT_MAIL
D102385,0.00241077,DO_NOT_MAIL
D141373,0.41020665,DO_NOT_MAIL
D142458,0.14870445,DO_NOT_MAIL
D118006,0.54785824,DO_NOT_MAIL
D113046,0.824826,DO_NOT_MAIL
D103824,0.9711856,MAIL
D139662,0.029725093,DO_NOT_MAIL
D136978,0.0005162802,DO_NOT_MAIL
D103818,0.62193674,DO_NOT_MAIL
D134079,0.049578305,DO_NOT_MAIL
D121659,0.78161925,DO_NOT_MAIL
D112154,0.9278522,DO_NOT_MAIL
D125892,0.97982794,MAIL
D113613,0.16164735,DO_NOT_MAIL
D112500,0.9629351,MAIL
D120155,0.02375478,DO_NOT_MAIL
D113706,0.59878206,DO_NOT_MAIL
D136071,0.36325908,DO_NOT_MAIL
D109689,0.8472271,DO_NOT_MAIL
D138160,0.6061143,DO_NOT_MAIL
D143619,0.08279748,DO_NOT_MAIL
D138117,0.99758136,MAIL
D115171,0.026611801,DO_NOT_MAIL
D110263,0.94418365,DO_NOT_MAIL
D117392,0.80390793,DO_NOT_MAIL
D113094,0.56299716,DO_NOT_MAIL
D136780,0.9072887,DO_NOT_MAIL
D100521,0.9714092,MAIL
D112824,0.0130017465,DO_NOT_MAIL
D125963,0.43948692,DO_NOT_MAIL
D133036,0.91089255,DO_NOT_MAIL
D113250,0.657778,DO_NOT_MAIL
D108737,0.13709685,DO_NOT_MAIL
D142137,0.8470612,DO_NOT_MAIL
D115299,0.955618,MAIL
D132775,0.47349447,DO_NOT_MAIL
D136415,0.9274354,DO_NOT_MAIL
D132700,0.30427018,DO_NOT_MAIL
D119407,0.37985092,DO_NOT_MAIL
D132426,0.90179396,DO_NOT_MAIL
D128912,0.86922854,DO_NOT_MAIL
D136614,0.9225519,DO_NOT_MAIL
D112067,0.028010378,DO_NOT_MAIL
D137962,0.016137043,DO_NOT_MAIL
D141864,0.015178503,DO_NOT_MAIL
D104478,0.003832642,DO_NOT_MAIL
D104402,0.97171783,MAIL
D143867,0.001347189,DO_NOT_MAIL
D123149,0.8809452,DO_NOT_MAIL
D133149,0.3615568,DO_NOT_MAIL
D104564,0.98721606,MAIL
D104622,0.7677933,DO_NOT_MAIL
D116023,0.8427521,DO_NOT_MAIL
D105586,0.9039037,DO_NOT_MAIL
D101998,0.80330753,DO_NOT_MAIL
D133025,0.98118603,MAIL
D100478,0.9788103,MAIL
D139466,0.11475941,DO_NOT_MAIL
D141828,0.49006137,DO_NOT_MAIL
D120181,0.03145565,DO_NOT_MAIL
D104850,0.0018075197,DO_NOT_MAIL
D112091,0.9672093,MAIL
D129003,0.28508922,DO_NOT_MAIL
D106869,0.042893738,DO_NOT_MAIL
D113721,0.961997,MAIL
D112594,0.97138107,MAIL
D135667,0.98479754,MAIL
D120109,0.06297921,DO_NOT_MAIL
D122984,0.8961919,DO_NOT_MAIL
D133862,0.40978232,DO_NOT_MAIL
D106072,0.9859477,MAIL
D107062,0.47305262,DO_NOT_MAIL
D131807,0.5835544,DO_NOT_MAIL
D120358,0.9675739,MAIL
D110904,0.6240543,DO_NOT_MAIL
D120858,0.8693399,DO_NOT_MAIL
D111938,0.8087358,DO_NOT_MAIL
D112832,0.9981585,MAIL
D120741,0.5925024,DO_NOT_MAIL
D101359,0.81654066,DO_NOT_MAIL
D128709,0.96521676,MAIL
D132819,0.0042079645,DO_NOT_MAIL
D133393,0.0068615098,DO_NOT_MAIL
D138968,0.11721473,DO_NOT_MAIL
D114321,0.90302545,DO_NOT_MAIL
D139500,0.02267778,DO_NOT_MAIL
D108797,0.7480704,DO_NOT_MAIL
D114975,0.04091313,DO_NOT_MAIL
D122815,0.022474652,DO_NOT_MAIL
D112177,0.9690147,MAIL
D131350,0.96373117,MAIL
D113321,0.5925024,DO_NOT_MAIL
D112069,0.657778,DO_NOT_MAIL
D137718,0.47663742,DO_NOT_MAIL
D130207,0.36268032,DO_NOT_MAIL
D119264,0.9720426,MAIL
D105505,0.98021346,MAIL
D113610,0.023218723,DO_NOT_MAIL
D103445,0.8537907,DO_NOT_MAIL
D103336,0.0019301774,DO_NOT_MAIL
D117211,0.8838868,DO_NOT_MAIL
D108937,0.8537907,DO_NOT_MAIL
D122221,0.22676855,DO_NOT_MAIL
D125305,0.92848164,DO_NOT_MAIL
D108074,0.51917106,DO_NOT_MAIL
D115797,0.657778,DO_NOT_MAIL
D115455,0.063475505,DO_NOT_MAIL
D115280,0.8194684,DO_NOT_MAIL
D123131,0.7677933,DO_NOT_MAIL
D120434,0.7861124,DO_NOT_MAIL
D111718,0.010179906,DO_NOT_MAIL
D142674,0.42538434,DO_NOT_MAIL
D109865,0.90744495,DO_NOT_MAIL
D109914,0.14279324,DO_NOT_MAIL
D123003,0.96258026,MAIL
D142623,0.023454508,DO_NOT_MAIL
D123975,0.019238029,DO_NOT_MAIL
D122349,0.97037226,MAIL
D132816,0.94288254,DO_NOT_MAIL
D125596,0.5617754,DO_NOT_MAIL
D106479,0.9469066,DO_NOT_MAIL
D110596,0.82652265,DO_NOT_MAIL
D105847,0.8537907,DO_NOT_MAIL
D106114,0.85887104,DO_NOT_MAIL
D124822,0.30997664,DO_NOT_MAIL
D114357,0.28965586,DO_NOT_MAIL
D118547,0.94612527,DO_NOT_MAIL
D121351,0.66958344,DO_NOT_MAIL
D123700,0.82409686,DO_NOT_MAIL
D132899,0.80390793,DO_NOT_MAIL
D115802,0.05761021,DO_NOT_MAIL
D118597,0.9936005,MAIL
D111919,0.9639058,MAIL
D114986,0.99396163,MAIL
D140858,0.01691321,DO_NOT_MAIL
D137032,0.21348652,DO_NOT_MAIL
D100270,0.59878206,DO_NOT_MAIL
D141193,0.02879864,DO_NOT_MAIL
D105293,0.029728286,DO_NOT_MAIL
D118986,0.0014675418,DO_NOT_MAIL
D129545,0.0350816,DO_NOT_MAIL
D104358,0.88971186,DO_NOT_MAIL
D139218,0.21151458,DO_NOT_MAIL
D124493,0.006780227,DO_NOT_MAIL
D113729,0.7236768,DO_NOT_MAIL
D111959,0.9290283,DO_NOT_MAIL
D101861,0.046084143,DO_NOT_MAIL
D138309,0.07699424,DO_NOT_MAIL
D121188,0.8165528,DO_NOT_MAIL
D111012,0.96521676,MAIL
D121667,0.8981577,DO_NOT_MAIL
D143093,0.019478792,DO_NOT_MAIL
D121976,0.79660517,DO_NOT_MAIL
D109580,0.9912908,MAIL
D109430,0.96245515,MAIL
D134719,0.06263696,DO_NOT_MAIL
D112829,0.09561476,DO_NOT_MAIL
D121101,0.83830553,DO_NOT_MAIL
D140900,0.22743694,DO_NOT_MAIL
D133137,0.21768701,DO_NOT_MAIL
D134460,0.9105622,DO_NOT_MAIL
D109338,0.92095155,DO_NOT_MAIL
D128046,0.25312164,DO_NOT_MAIL
D137378,0.9942363,MAIL
D133002,0.7561534,DO_NOT_MAIL
D136741,0.15828164,DO_NOT_MAIL
D102453,0.1397925,DO_NOT_MAIL
D100485,0.28196827,DO_NOT_MAIL
D138729,0.13011953,DO_NOT_MAIL
D111665,0.8537907,DO_NOT_MAIL
D142727,0.0068028164,DO_NOT_MAIL
D118631,0.5943451,DO_NOT_MAIL
D136792,0.0638716,DO_NOT_MAIL
D111898,0.00027645112,DO_NOT_MAIL
D113666,0.040630892,DO_NOT_MAIL
D122067,0.8408746,DO_NOT_MAIL
D140760,0.2701359,DO_NOT_MAIL
D104751,0.017389534,DO_NOT_MAIL
D111943,0.16456015,DO_NOT_MAIL
D127402,0.7287747,DO_NOT_MAIL
D118617,0.95294404,MAIL
D143465,0.42956114,DO_NOT_MAIL
D118218,0.27553374,DO_NOT_MAIL
D139535,0.3591516,DO_NOT_MAIL
D132147,0.9720347,MAIL
D126796,0.95294404,MAIL
D103391,0.009054844,DO_NOT_MAIL
D143803,0.051678076,DO_NOT_MAIL
D102350,0.05545866,DO_NOT_MAIL
D142600,0.053000376,DO_NOT_MAIL
D117767,0.019119382,DO_NOT_MAIL
D127985,0.0022650515,DO_NOT_MAIL
D133669,0.93471134,DO_NOT_MAIL
D132901,0.65463436,DO_NOT_MAIL
D121035,0.9906632,MAIL
D132558,0.92442083,DO_NOT_MAIL
D113107,0.97337025,MAIL
D116412,0.14153373,DO_NOT_MAIL
D114603,0.9358564,DO_NOT_MAIL
D110695,0.22538835,DO_NOT_MAIL
D122998,0.94612527,DO_NOT_MAIL
D105751,0.9171358,DO_NOT_MAIL
D106765,0.97838247,MAIL
D136008,0.83081913,DO_NOT_MAIL
D130450,0.48687914,DO_NOT_MAIL
D142710,0.2940875,DO_NOT_MAIL
D103628,0.99122953,MAIL
D137395,0.8538114,DO_NOT_MAIL
D122305,0.6490291,DO_NOT_MAIL
D109886,0.94837177,DO_NOT_MAIL
D100847,0.96176934,MAIL
D106538,0.9859477,MAIL
D114305,0.84229296,DO_NOT_MAIL
D113749,0.5074115,DO_NOT_MAIL
D132610,0.9259016,DO_NOT_MAIL
D115688,0.843054,DO_NOT_MAIL
D119347,0.97374433,MAIL
D120911,0.969633,MAIL
D128524,0.40573427,DO_NOT_MAIL
D139052,0.99096054,MAIL
D122490,0.9306288,DO_NOT_MAIL
D114136,0.9811509,MAIL
D128700,0.5405827,DO_NOT_MAIL
D116655,0.44183925,DO_NOT_MAIL
D131908,0.8490118,DO_NOT_MAIL
D136116,0.00067683775,DO_NOT_MAIL
D125031,0.80390793,DO_NOT_MAIL
D115252,0.8552768,DO_NOT_MAIL
D128462,0.80330753,DO_NOT_MAIL
D108639,0.0067304606,DO_NOT_MAIL
D129420,0.9642926,MAIL
D130331,0.03646366,DO_NOT_MAIL
D136749,0.9639058,MAIL
D117602,0.37888557,DO_NOT_MAIL
D126118,0.52650124,DO_NOT_MAIL
D113822,0.43585023,DO_NOT_MAIL
D134775,0.9786309,MAIL
D112446,0.9362875,DO_NOT_MAIL
D117038,0.002477113,DO_NOT_MAIL
D114033,0.99181455,MAIL
D102095,0.8023649,DO_NOT_MAIL
D138974,0.00057865237,DO_NOT_MAIL
D103241,0.657778,DO_NOT_MAIL
D100797,0.9211404,DO_NOT_MAIL
D123974,0.96827155,MAIL
D124119,0.9377958,DO_NOT_MAIL
D128226,0.037740298,DO_NOT_MAIL
D103588,0.06885458,DO_NOT_MAIL
D113339,0.056790017,DO_NOT_MAIL
D125047,0.29273427,DO_NOT_MAIL
D137448,0.87599576,DO_NOT_MAIL
D141321,0.27476114,DO_NOT_MAIL
D104570,0.89545536,DO_NOT_MAIL
D102334,0.0003118282,DO_NOT_MAIL
D110935,0.6886262,DO_NOT_MAIL
D102455,0.24116184,DO_NOT_MAIL
D131748,0.47663742,DO_NOT_MAIL
D107849,0.8167604,DO_NOT_MAIL
D113821,0.040746063,DO_NOT_MAIL
D109263,0.8093756,DO_NOT_MAIL
D131331,0.4507605,DO_NOT_MAIL
D106809,0.2394468,DO_NOT_MAIL
D137886,0.11906347,DO_NOT_MAIL
D126181,0.9720426,MAIL
D116634,0.007048591,DO_NOT_MAIL
D111777,0.6240543,DO_NOT_MAIL
D128804,0.0054693758,DO_NOT_MAIL
D106572,0.8427521,DO_NOT_MAIL
D135249,0.9782883,MAIL
D133003,0.02789217,DO_NOT_MAIL
D136178,0.8434482,DO_NOT_MAIL
D137955,0.020669099,DO_NOT_MAIL
D134751,0.9329747,DO_NOT_MAIL
D141604,0.063237034,DO_NOT_MAIL
D140669,0.0029740639,DO_NOT_MAIL
D126511,0.34541586,DO_NOT_MAIL
D116964,0.98721606,MAIL
D134152,0.8809452,DO_NOT_MAIL
D141549,0.092427835,DO_NOT_MAIL
D101597,0.023446519,DO_NOT_MAIL
D140498,0.59524614,DO_NOT_MAIL
D105107,0.9347862,DO_NOT_MAIL
D112358,0.9639058,MAIL
D110678,0.9259016,DO_NOT_MAIL
D103905,0.88723224,DO_NOT_MAIL
D115731,0.77132523,DO_NOT_MAIL
D143669,0.14798515,DO_NOT_MAIL
D117635,0.66684294,DO_NOT_MAIL
D128942,0.5243425,DO_NOT_MAIL
D119540,0.99169123,MAIL
D137203,0.6434113,DO_NOT_MAIL
D133572,0.6602296,DO_NOT_MAIL
D107650,0.54785824,DO_NOT_MAIL
D111030,0.7287747,DO_NOT_MAIL
D105464,0.9747672,MAIL
D135414,0.8094022,DO_NOT_MAIL
D103962,0.8073583,DO_NOT_MAIL
D112745,0.8167604,DO_NOT_MAIL
D127295,0.9176977,DO_NOT_MAIL
D109102,0.9545625,MAIL
D119854,0.80330753,DO_NOT_MAIL
D116203,0.029940888,DO_NOT_MAIL
D108372,0.9775019,MAIL
D119784,0.8611976,DO_NOT_MAIL
D109586,0.6690531,DO_NOT_MAIL
D126758,0.043672714,DO_NOT_MAIL
D107221,0.9490709,DO_NOT_MAIL
D117922,0.9945648,MAIL
D134566,0.001785365,DO_NOT_MAIL
D126815,0.5753784,DO_NOT_MAIL
D126383,0.9940221,MAIL
D100536,0.48687914,DO_NOT_MAIL
D132287,0.44658738,DO_NOT_MAIL
D108176,0.23213555,DO_NOT_MAIL
D135080,0.80330753,DO_NOT_MAIL
D122311,0.85991716,DO_NOT_MAIL
D133480,0.31587273,DO_NOT_MAIL
D111575,0.6725385,DO_NOT_MAIL
D143275,0.10466105,DO_NOT_MAIL
D101826,0.8483679,DO_NOT_MAIL
D111170,0.73969823,DO_NOT_MAIL
D140426,0.020869521,DO_NOT_MAIL
D111397,0.6725385,DO_NOT_MAIL
D120070,0.961119,MAIL
D144473,0.9758908,MAIL
D110762,0.16945647,DO_NOT_MAIL
D109863,0.8981577,DO_NOT_MAIL
D129375,0.055652108,DO_NOT_MAIL
D115162,0.24116184,DO_NOT_MAIL
D119620,0.8472271,DO_NOT_MAIL
D121995,0.010121613,DO_NOT_MAIL
D108902,0.14043538,DO_NOT_MAIL
D106560,0.78640527,DO_NOT_MAIL
D130519,0.9470951,DO_NOT_MAIL
D104481,0.8546097,DO_NOT_MAIL
D105633,0.0026108765,DO_NOT_MAIL
D112424,0.18488087,DO_NOT_MAIL
D130941,0.00713124,DO_NOT_MAIL
D108921,0.96996504,MAIL
D101896,0.91175425,DO_NOT_MAIL
D107155,0.992488,MAIL
D138545,0.01635805,DO_NOT_MAIL
D102341,0.002944124,DO_NOT_MAIL
D126644,0.0002946769,DO_NOT_MAIL
D101638,0.59878206,DO_NOT_MAIL
D106478,0.018414877,DO_NOT_MAIL
D115499,0.1421039,DO_NOT_MAIL
D128635,0.8555772,DO_NOT_MAIL
D142267,0.006403937,DO_NOT_MAIL
D129795,0.8077166,DO_NOT_MAIL
D108108,0.01919949,DO_NOT_MAIL
D144614,0.25876972,DO_NOT_MAIL
D134675,0.72434723,DO_NOT_MAIL
D124158,0.9914619,MAIL
D111945,0.8987183,DO_NOT_MAIL
D122418,0.6690531,DO_NOT_MAIL
D119330,0.93806165,DO_NOT_MAIL
D131628,0.98380095,MAIL
D141456,0.0011269463,DO_NOT_MAIL
D118037,0.98628366,MAIL
D130628,0.9401205,DO_NOT_MAIL
D114193,0.55069804,DO_NOT_MAIL
D114500,0.0053893654,DO_NOT_MAIL
D128176,0.9257085,DO_NOT_MAIL
D136002,0.11113353,DO_NOT_MAIL
D109096,0.90755874,DO_NOT_MAIL
D117806,0.4569984,DO_NOT_MAIL
D115229,0.98738295,MAIL
D143511,9.240826e-05,DO_NOT_MAIL
D142714,0.07384051,DO_NOT_MAIL
D106895,0.9833103,MAIL
D128015,0.17942116,DO_NOT_MAIL
D115217,0.5461976,DO_NOT_MAIL
D114663,0.7776378,DO_NOT_MAIL
D115329,0.7080083,DO_NOT_MAIL
D102630,0.5225289,DO_NOT_MAIL
D122919,0.76365095,DO_NOT_MAIL
D109475,0.022505555,DO_NOT_MAIL
D133035,0.92150646,DO_NOT_MAIL
D100925,0.0042109527,DO_NOT_MAIL
D117950,0.8054332,DO_NOT_MAIL
D105710,0.8968021,DO_NOT_MAIL
D143548,0.0021623354,DO_NOT_MAIL
D121081,0.5753784,DO_NOT_MAIL
D117112,0.9658242,MAIL
D128753,0.9785951,MAIL
D140870,0.005538494,DO_NOT_MAIL
D115418,0.95294404,MAIL
D115469,0.7177682,DO_NOT_MAIL
D143193,0.009129497,DO_NOT_MAIL
D120240,0.83505756,DO_NOT_MAIL
D126417,0.055837013,DO_NOT_MAIL
D137849,0.0012575531,DO_NOT_MAIL
D106603,0.12684794,DO_NOT_MAIL
D114501,0.15649113,DO_NOT_MAIL
D130416,0.89545536,DO_NOT_MAIL
D144563,0.8881598,DO_NOT_MAIL
D139241,0.124071546,DO_NOT_MAIL
D130641,0.7819923,DO_NOT_MAIL
D131514,0.05954834,DO_NOT_MAIL
D120210,0.9290283,DO_NOT_MAIL
D118133,0.977009,MAIL
D128936,0.97261816,MAIL
D112397,0.9908206,MAIL
D128849,0.9006484,DO_NOT_MAIL
D112027,0.99319756,MAIL
D109285,0.8852851,DO_NOT_MAIL
D101572,0.94612527,DO_NOT_MAIL
D106917,0.98499227,MAIL
D116893,0.9544166,MAIL
D115933,0.6469854,DO_NOT_MAIL
D137729,0.079045735,DO_NOT_MAIL
D101085,0.9257085,DO_NOT_MAIL
D132924,0.96480924,MAIL
D139954,0.14523157,DO_NOT_MAIL
D106126,0.8602647,DO_NOT_MAIL
D108851,0.96551836,MAIL
D137816,0.0024044046,DO_NOT_MAIL
D130687,0.19623154,DO_NOT_MAIL
D101173,0.9788905,MAIL
D112513,0.9584709,MAIL
D126335,0.0018146434,DO_NOT_MAIL
D138408,0.012509687,DO_NOT_MAIL
D108687,0.8881307,DO_NOT_MAIL
D133521,0.013236336,DO_NOT_MAIL
D120062,0.9377958,DO_NOT_MAIL
D119406,0.9760435,MAIL
D131860,0.9912908,MAIL
D143344,0.8352678,DO_NOT_MAIL
D130579,0.9349788,DO_NOT_MAIL
D131771,0.011396625,DO_NOT_MAIL
D106395,0.98611706,MAIL
D138812,0.9707663,MAIL
D142830,0.26058924,DO_NOT_MAIL
D129030,0.8638606,DO_NOT_MAIL
D122437,0.8834172,DO_NOT_MAIL
D122315,0.9745004,MAIL
D111906,0.9770189,MAIL
D113414,0.8881598,DO_NOT_MAIL
D133449,0.13832559,DO_NOT_MAIL
D136904,0.12048531,DO_NOT_MAIL
D123719,0.94245774,DO_NOT_MAIL
D112760,0.8434482,DO_NOT_MAIL
D144234,0.0055387877,DO_NOT_MAIL
D113652,0.29723403,DO_NOT_MAIL
D117694,0.9443145,DO_NOT_MAIL
D141736,0.11487908,DO_NOT_MAIL
D102002,0.95227355,MAIL
D130293,0.82965887,DO_NOT_MAIL
D121364,0.9743594,MAIL
D113612,0.77170277,DO_NOT_MAIL
D118796,0.042656224,DO_NOT_MAIL
D101095,0.005971218,DO_NOT_MAIL
D119513,0.82965887,DO_NOT_MAIL
D107301,0.6990466,DO_NOT_MAIL
D112087,0.96245515,MAIL
D137576,0.94245774,DO_NOT_MAIL
D105941,0.9781587,MAIL
D110506,0.9006484,DO_NOT_MAIL
D135323,0.019217517,DO_NOT_MAIL
D129458,0.9602031,MAIL
D122123,0.8572682,DO_NOT_MAIL
D123257,0.9658242,MAIL
D116768,0.96828955,MAIL
D144169,0.031046864,DO_NOT_MAIL
D113039,0.9914744,MAIL
D114814,0.97928065,MAIL
D140271,0.48010454,DO_NOT_MAIL
D127075,0.9259016,DO_NOT_MAIL
D123996,0.56015754,DO_NOT_MAIL
D144052,0.077827424,DO_NOT_MAIL
D119234,0.92095155,DO_NOT_MAIL
D108038,0.9843615,MAIL
D135155,0.8638606,DO_NOT_MAIL
D131330,0.013958099,DO_NOT_MAIL
D113940,0.8087358,DO_NOT_MAIL
D119031,0.961119,MAIL
D135109,0.005499535,DO_NOT_MAIL
D136922,0.90179396,DO_NOT_MAIL
D100506,0.093799196,DO_NOT_MAIL
D139587,0.5058628,DO_NOT_MAIL
D113986,0.9698342,MAIL
D102690,0.99087244,MAIL
D102889,0.5139931,DO_NOT_MAIL
D106196,0.9654538,MAIL
D114288,0.8758871,DO_NOT_MAIL
D131391,0.1546158,DO_NOT_MAIL
D132587,0.6913615,DO_NOT_MAIL
D108975,0.82965887,DO_NOT_MAIL
D108920,0.06926234,DO_NOT_MAIL
D133293,0.10624112,DO_NOT_MAIL
D130979,0.96176934,MAIL
D133997,0.0046337326,DO_NOT_MAIL
D117707,0.5243425,DO_NOT_MAIL
D128185,0.8529492,DO_NOT_MAIL
D113806,0.96500885,MAIL
D108787,0.9624114,MAIL
D124378,0.955618,MAIL
D139101,0.20983216,DO_NOT_MAIL
D129230,0.058781505,DO_NOT_MAIL
D114874,0.09693008,DO_NOT_MAIL
D118538,0.89545536,DO_NOT_MAIL
D121581,0.73996884,DO_NOT_MAIL
D114231,0.88891864,DO_NOT_MAIL
D103015,0.9807391,MAIL
D111880,0.5731911,DO_NOT_MAIL
D140262,0.02789217,DO_NOT_MAIL
D120188,0.024671063,DO_NOT_MAIL
D110493,0.5243425,DO_NOT_MAIL
D134761,0.96659976,MAIL
D101996,0.7152725,DO_NOT_MAIL
D141355,0.025109326,DO_NOT_MAIL
D132405,0.973722,MAIL
D134995,0.02095904,DO_NOT_MAIL
D114120,0.0033296864,DO_NOT_MAIL
D141886,0.087768845,DO_NOT_MAIL
D141825,0.066303015,DO_NOT_MAIL
D129562,0.08837817,DO_NOT_MAIL
D130198,0.9871251,MAIL
D126295,0.15338239,DO_NOT_MAIL
D139237,0.094814606,DO_NOT_MAIL
D123253,0.0008067926,DO_NOT_MAIL
D123079,0.62193674,DO_NOT_MAIL
D120265,0.020651283,DO_NOT_MAIL
D137323,0.9418153,DO_NOT_MAIL
D133472,0.92604965,DO_NOT_MAIL
D128813,0.81254447,DO_NOT_MAIL
D131273,0.17901611,DO_NOT_MAIL
D112398,0.6720632,DO_NOT_MAIL
D131914,0.9675739,MAIL
D128071,0.099058196,DO_NOT_MAIL
D113608,0.009605015,DO_NOT_MAIL
D140163,0.0037317437,DO_NOT_MAIL
D133827,0.9606411,MAIL
D102348,0.041196357,DO_NOT_MAIL
D133608,0.85706615,DO_NOT_MAIL
D136093,0.081286855,DO_NOT_MAIL
D134898,0.7969786,DO_NOT_MAIL
D127333,0.86922854,DO_NOT_MAIL
D144411,0.967649,MAIL
D139884,0.010963512,DO_NOT_MAIL
D126562,0.038065717,DO_NOT_MAIL
D132657,0.92532676,DO_NOT_MAIL
D137372,0.98721606,MAIL
D134098,0.036727056,DO_NOT_MAIL
D125991,0.9358564,DO_NOT_MAIL
D131205,0.9738531,MAIL
D141885,0.084301166,DO_NOT_MAIL
D106758,0.93013823,DO_NOT_MAIL
D100840,0.8987183,DO_NOT_MAIL
D122817,0.024474457,DO_NOT_MAIL
D102355,0.0013364205,DO_NOT_MAIL
D139249,0.00031829224,DO_NOT_MAIL
D115399,0.5943451,DO_NOT_MAIL
D125290,0.19364357,DO_NOT_MAIL
D109014,0.030025087,DO_NOT_MAIL
D132868,0.9212338,DO_NOT_MAIL
D127614,0.8167604,DO_NOT_MAIL
D129586,0.6431161,DO_NOT_MAIL
D133593,0.71599865,DO_NOT_MAIL
D141088,0.9455539,DO_NOT_MAIL
D143403,0.0031463592,DO_NOT_MAIL
D123424,0.42995483,DO_NOT_MAIL
D116667,0.9581196,MAIL
D134858,0.16958505,DO_NOT_MAIL
D141047,0.0061189723,DO_NOT_MAIL
D128801,0.20994659,DO_NOT_MAIL
D115639,0.9377958,DO_NOT_MAIL
D124836,0.9294427,DO_NOT_MAIL
D140801,0.9004054,DO_NOT_MAIL
D114928,0.96827155,MAIL
D102656,0.97521484,MAIL
D117297,0.3127211,DO_NOT_MAIL
D100244,0.010347901,DO_NOT_MAIL
D107704,0.0059866854,DO_NOT_MAIL
D117144,0.8023649,DO_NOT_MAIL
D125868,0.93728566,DO_NOT_MAIL
D134071,0.21836272,DO_NOT_MAIL
D141154,0.47694826,DO_NOT_MAIL
D107017,0.012879191,DO_NOT_MAIL
D110070,0.70418096,DO_NOT_MAIL
D114769,0.99169123,MAIL
D118202,0.5925024,DO_NOT_MAIL
D102876,0.054691907,DO_NOT_MAIL
D135785,0.8585085,DO_NOT_MAIL
D125704,0.98706704,MAIL
D112337,0.8073583,DO_NOT_MAIL
D109888,0.84869266,DO_NOT_MAIL
D135940,0.89230096,DO_NOT_MAIL
D112691,0.8869641,DO_NOT_MAIL
D128016,0.058275785,DO_NOT_MAIL
D118795,0.77784103,DO_NOT_MAIL
D115813,0.060199883,DO_NOT_MAIL
D122843,0.9777964,MAIL
D116437,0.83709186,DO_NOT_MAIL
D109912,0.6547513,DO_NOT_MAIL
D114060,0.7287747,DO_NOT_MAIL
D105548,0.089324325,DO_NOT_MAIL
D105629,0.7270221,DO_NOT_MAIL
D141553,0.18543093,DO_NOT_MAIL
D120329,0.7287747,DO_NOT_MAIL
D128104,0.9894521,MAIL
D117045,0.030489702,DO_NOT_MAIL
D106590,0.72987735,DO_NOT_MAIL
D128162,0.95690113,MAIL
D132107,0.0007966259,DO_NOT_MAIL
D116822,0.8968021,DO_NOT_MAIL
D129024,0.0029597934,DO_NOT_MAIL
D116236,0.9640741,MAIL
D140101,0.23614268,DO_NOT_MAIL
D114189,0.98580605,MAIL
D143341,0.013568861,DO_NOT_MAIL
D118035,0.96176934,MAIL
D119779,0.000996125,DO_NOT_MAIL
D101658,0.97578216,MAIL
D131956,0.9690147,MAIL
D102522,0.0029908346,DO_NOT_MAIL
D117760,0.9490709,DO_NOT_MAIL
D130444,0.060383603,DO_NOT_MAIL
D134996,0.76681507,DO_NOT_MAIL
D108066,0.38902754,DO_NOT_MAIL
D118047,0.9212338,DO_NOT_MAIL
D110151,0.65463436,DO_NOT_MAIL
D124727,0.9588186,MAIL
D124448,0.005583252,DO_NOT_MAIL
D133615,0.042674385,DO_NOT_MAIL
D118925,0.57365626,DO_NOT_MAIL
D140903,0.007291628,DO_NOT_MAIL
D102220,0.5665414,DO_NOT_MAIL
D135557,0.016877567,DO_NOT_MAIL
D113473,0.039138023,DO_NOT_MAIL
D134680,0.6469854,DO_NOT_MAIL
D116603,0.9903143,MAIL
D134835,0.8595816,DO_NOT_MAIL
D105824,0.021315997,DO_NOT_MAIL
D125114,0.007904259,DO_NOT_MAIL
D133166,0.93093884,DO_NOT_MAIL
D141653,0.067925036,DO_NOT_MAIL
D135731,0.9811866,MAIL
D127380,0.9854085,MAIL
D136940,0.0023682974,DO_NOT_MAIL
D119818,0.8291849,DO_NOT_MAIL
D119971,0.8852851,DO_NOT_MAIL
D133012,0.9881572,MAIL
D141939,0.016131062,DO_NOT_MAIL
D103647,0.5617754,DO_NOT_MAIL
D122152,0.31042692,DO_NOT_MAIL
D138386,0.9366917,DO_NOT_MAIL
D130333,0.00070634263,DO_NOT_MAIL
D143866,0.006415844,DO_NOT_MAIL
D121766,0.8961919,DO_NOT_MAIL
D126903,0.89545536,DO_NOT_MAIL
D139468,0.028680865,DO_NOT_MAIL
D126693,0.9816473,MAIL
D116245,0.92709506,DO_NOT_MAIL
D104223,0.014793557,DO_NOT_MAIL
D130546,0.23566625,DO_NOT_MAIL
D110372,0.7819923,DO_NOT_MAIL
D139960,0.07458434,DO_NOT_MAIL
D143783,0.3697953,DO_NOT_MAIL
D124829,0.9118403,DO_NOT_MAIL
D103547,0.04107158,DO_NOT_MAIL
D130653,0.82004774,DO_NOT_MAIL
D109597,0.9506359,DO_NOT_MAIL
D124989,0.9823292,MAIL
D114075,0.9731688,MAIL
D139995,0.055400915,DO_NOT_MAIL
D118457,0.9658242,MAIL
D114742,0.8852851,DO_NOT_MAIL
D140619,0.0011335453,DO_NOT_MAIL
D143100,0.0033722378,DO_NOT_MAIL
D103801,0.8961919,DO_NOT_MAIL
D118491,0.017134259,DO_NOT_MAIL
D100791,0.042184167,DO_NOT_MAIL
D118421,0.98307866,MAIL
D122183,0.0010978162,DO_NOT_MAIL
D129532,0.9258597,DO_NOT_MAIL
D120777,0.19932099,DO_NOT_MAIL
D127597,0.86891735,DO_NOT_MAIL
D116839,0.04063497,DO_NOT_MAIL
D143336,0.03119412,DO_NOT_MAIL
D121460,0.9101504,DO_NOT_MAIL
D111192,0.004794471,DO_NOT_MAIL
D141102,0.0030623584,DO_NOT_MAIL
D140481,0.025539469,DO_NOT_MAIL
D118771,0.8881598,DO_NOT_MAIL
D103917,0.9470951,DO_NOT_MAIL
D130018,0.9092488,DO_NOT_MAIL
D113691,0.080693364,DO_NOT_MAIL
D120338,0.227697,DO_NOT_MAIL
D132055,0.22687677,DO_NOT_MAIL
D127995,0.010578591,DO_NOT_MAIL
D135461,0.76624346,DO_NOT_MAIL
D122088,0.36268032,DO_NOT_MAIL
D106352,0.94440866,DO_NOT_MAIL
D101644,0.9105622,DO_NOT_MAIL
D133073,0.8483679,DO_NOT_MAIL
D119814,0.9404004,DO_NOT_MAIL
D106014,0.9796536,MAIL
D108861,0.18587172,DO_NOT_MAIL
D143054,0.0034623735,DO_NOT_MAIL
D121897,0.78177655,DO_NOT_MAIL
D138831,0.006936792,DO_NOT_MAIL
D128432,0.0009984324,DO_NOT_MAIL
D115642,0.7236768,DO_NOT_MAIL
D114137,0.71599865,DO_NOT_MAIL
D105937,0.824826,DO_NOT_MAIL
D100165,0.0119383475,DO_NOT_MAIL
D140312,0.2520064,DO_NOT_MAIL
D123301,0.8726598,DO_NOT_MAIL
D132214,0.15803486,DO_NOT_MAIL
D130101,0.63461775,DO_NOT_MAIL
D104787,0.85991716,DO_NOT_MAIL
D110567,0.90179396,DO_NOT_MAIL
D105246,0.9606411,MAIL
D136549,0.12761717,DO_NOT_MAIL
D133005,0.1582116,DO_NOT_MAIL
D121196,0.9762113,MAIL
D125450,0.99224687,MAIL
D113280,0.49667627,DO_NOT_MAIL
D114748,0.94440866,DO_NOT_MAIL
D113157,0.06670916,DO_NOT_MAIL
D108879,0.9716717,MAIL
D122464,0.1679296,DO_NOT_MAIL
D120086,0.8852851,DO_NOT_MAIL
D141910,0.022419777,DO_NOT_MAIL
D102418,9.524629e-05,DO_NOT_MAIL
D114979,0.19815727,DO_NOT_MAIL
D102283,0.005429621,DO_NOT_MAIL
D105318,0.23999223,DO_NOT_MAIL
D107432,0.7861124,DO_NOT_MAIL
D115477,0.66958344,DO_NOT_MAIL
D123072,0.9290283,DO_NOT_MAIL
D122625,0.045205332,DO_NOT_MAIL
D102185,0.8619678,DO_NOT_MAIL
D119068,0.040178567,DO_NOT_MAIL
D141621,0.14501326,DO_NOT_MAIL
D113113,0.93728566,DO_NOT_MAIL
D135582,0.0011097969,DO_NOT_MAIL
D142919,0.012600816,DO_NOT_MAIL
D101706,0.96626717,MAIL
D133542,0.528885,DO_NOT_MAIL
D116534,0.25449836,DO_NOT_MAIL
D136612,0.16330044,DO_NOT_MAIL
D131390,0.19620854,DO_NOT_MAIL
D137015,0.030072315,DO_NOT_MAIL
D113892,0.08520775,DO_NOT_MAIL
D113648,0.008092238,DO_NOT_MAIL
D118601,0.4589601,DO_NOT_MAIL
D139867,0.06703928,DO_NOT_MAIL
D136496,0.89230096,DO_NOT_MAIL
D127551,0.70336944,DO_NOT_MAIL
D129674,0.96617204,MAIL
D121489,0.9615289,MAIL
D128856,0.9740155,MAIL
D113015,0.6469854,DO_NOT_MAIL
D117901,0.7304995,DO_NOT_MAIL
D128728,0.98721606,MAIL
D130107,0.93806165,DO_NOT_MAIL
D121392,0.8427521,DO_NOT_MAIL
D124730,0.03511824,DO_NOT_MAIL
D133592,0.05466238,DO_NOT_MAIL
D106979,0.019885207,DO_NOT_MAIL
D106327,0.0073215687,DO_NOT_MAIL
D138297,0.0008781955,DO_NOT_MAIL
D135655,0.038145263,DO_NOT_MAIL
D106290,0.9418153,DO_NOT_MAIL
D139852,0.00038890922,DO_NOT_MAIL
D106353,0.9640741,MAIL
D114316,0.9916916,MAIL
D121902,0.37099186,DO_NOT_MAIL
D127639,0.03849763,DO_NOT_MAIL
D128223,0.92924166,DO_NOT_MAIL
D143934,0.0031025494,DO_NOT_MAIL
D112779,0.8536362,DO_NOT_MAIL
D121235,0.6545905,DO_NOT_MAIL
D132166,0.98895055,MAIL
D130585,0.124203,DO_NOT_MAIL
D135784,0.8483679,DO_NOT_MAIL
D101069,0.25476936,DO_NOT_MAIL
D114628,0.028311962,DO_NOT_MAIL
D116114,0.0031602192,DO_NOT_MAIL
D131933,0.37296247,DO_NOT_MAIL
D120977,0.7646645,DO_NOT_MAIL
D125889,0.63208497,DO_NOT_MAIL
D138472,0.07495439,DO_NOT_MAIL
D131889,0.99193174,MAIL
D106565,0.99230194,MAIL
D113857,0.19753127,DO_NOT_MAIL
D122583,0.85991716,DO_NOT_MAIL
D105470,0.032784306,DO_NOT_MAIL
D139510,0.1504041,DO_NOT_MAIL
D118129,0.27420482,DO_NOT_MAIL
D119596,0.79437804,DO_NOT_MAIL
D130233,0.9302993,DO_NOT_MAIL
D121095,0.012015663,DO_NOT_MAIL
D138294,0.81474036,DO_NOT_MAIL
D119589,0.0157216,DO_NOT_MAIL
D112215,0.007461417,DO_NOT_MAIL
D122308,0.024287526,DO_NOT_MAIL
D104785,0.8585085,DO_NOT_MAIL
D129509,0.99212754,MAIL
D108934,0.89608073,DO_NOT_MAIL
D105336,0.9654538,MAIL
D136402,0.070662096,DO_NOT_MAIL
D114906,0.5243425,DO_NOT_MAIL
D127673,0.808948,DO_NOT_MAIL
D108336,0.002699295,DO_NOT_MAIL
D127488,0.78250086,DO_NOT_MAIL
D140420,0.20033404,DO_NOT_MAIL
D104665,0.0005562784,DO_NOT_MAIL
D116104,0.98580605,MAIL
D132516,0.0029039157,DO_NOT_MAIL
D116814,0.97928065,MAIL
D109542,0.5399626,DO_NOT_MAIL
D138093,0.004802596,DO_NOT_MAIL
D144183,0.015137167,DO_NOT_MAIL
D140659,0.10604403,DO_NOT_MAIL
D119042,0.9418153,DO_NOT_MAIL
D120104,0.8726598,DO_NOT_MAIL
D126592,0.8447092,DO_NOT_MAIL
D138299,0.9859477,MAIL
D117594,0.4507605,DO_NOT_MAIL
D127558,0.033372823,DO_NOT_MAIL
D115183,0.083675526,DO_NOT_MAIL
D102048,0.45288298,DO_NOT_MAIL
D133340,0.958693,MAIL
D133863,0.973722,MAIL
D144622,0.6851632,DO_NOT_MAIL
D116103,0.9942363,MAIL
D100971,0.992475,MAIL
D130347,0.9833103,MAIL
D122497,0.086149804,DO_NOT_MAIL
D137726,0.0015570653,DO_NOT_MAIL
D120102,0.9257085,DO_NOT_MAIL
D109879,0.99101263,MAIL
D137884,0.093189746,DO_NOT_MAIL
D135004,0.9654538,MAIL
D141005,0.022840492,DO_NOT_MAIL
D105223,0.1793038,DO_NOT_MAIL
D124812,0.79437804,DO_NOT_MAIL
D132751,0.8916998,DO_NOT_MAIL
D140226,0.15879178,DO_NOT_MAIL
D120556,0.08426185,DO_NOT_MAIL
D122465,0.97982794,MAIL
D132339,0.96223414,MAIL
D110122,0.9748004,MAIL
D129637,0.8881598,DO_NOT_MAIL
D140427,0.44290072,DO_NOT_MAIL
D105869,0.7677933,DO_NOT_MAIL
D132428,0.96000904,MAIL
D106831,0.5617754,DO_NOT_MAIL
D102345,0.015812721,DO_NOT_MAIL
D132209,0.718007,DO_NOT_MAIL
D121853,0.03989333,DO_NOT_MAIL
D125377,0.95690113,MAIL
D120203,0.039786033,DO_NOT_MAIL
D134951,0.59878206,DO_NOT_MAIL
D107638,0.9843615,MAIL
D143593,0.0030737533,DO_NOT_MAIL
D121471,0.9623464,MAIL
D135028,0.08734968,DO_NOT_MAIL
D143075,0.054406237,DO_NOT_MAIL
D107831,0.10358075,DO_NOT_MAIL
D139184,0.041748445,DO_NOT_MAIL
D125919,0.971221,MAIL
D140415,0.0195696,DO_NOT_MAIL
D121925,0.03887211,DO_NOT_MAIL
D104839,0.8471733,DO_NOT_MAIL
D117906,0.88971186,DO_NOT_MAIL
D108126,0.8077166,DO_NOT_MAIL
D128171,0.92517406,DO_NOT_MAIL
D112536,0.8537907,DO_NOT_MAIL
D128012,0.06600211,DO_NOT_MAIL
D105156,0.9305908,DO_NOT_MAIL
D116140,0.9770189,MAIL
D136275,0.25449836,DO_NOT_MAIL
D123533,0.67464757,DO_NOT_MAIL
D100612,0.97699124,MAIL
D134090,0.0058687176,DO_NOT_MAIL
D119937,0.057620127,DO_NOT_MAIL
D110683,0.97138107,MAIL
D128378,0.831485,DO_NOT_MAIL
D137438,0.026061943,DO_NOT_MAIL
D124603,0.8764,DO_NOT_MAIL
D120714,0.29273427,DO_NOT_MAIL
D130790,0.0005178734,DO_NOT_MAIL
D120344,0.4507605,DO_NOT_MAIL
D106501,0.97337025,MAIL
D141902,0.0068258327,DO_NOT_MAIL
D134497,0.7151551,DO_NOT_MAIL
D134610,0.82409686,DO_NOT_MAIL
D138162,0.9069439,DO_NOT_MAIL
D141564,0.025036285,DO_NOT_MAIL
D110789,0.96551836,MAIL
D141950,0.22797465,DO_NOT_MAIL
D139006,0.048640095,DO_NOT_MAIL
D138342,0.06656385,DO_NOT_MAIL
D138375,0.0047743726,DO_NOT_MAIL
D134614,0.94260883,DO_NOT_MAIL
D114079,0.6545905,DO_NOT_MAIL
D100985,0.3983274,DO_NOT_MAIL
D110598,0.034326155,DO_NOT_MAIL
D117733,0.99243426,MAIL
D117073,0.9900693,MAIL
D110936,0.10188446,DO_NOT_MAIL
D120179,0.0874813,DO_NOT_MAIL
D131740,0.0060715973,DO_NOT_MAIL
D104104,0.9753558,MAIL
D114004,0.7646645,DO_NOT_MAIL
D143140,0.5214766,DO_NOT_MAIL
D111758,0.69050705,DO_NOT_MAIL
D143317,0.006424964,DO_NOT_MAIL
D131210,0.9629351,MAIL
D118742,0.95690113,MAIL
D123382,0.99224687,MAIL
D136417,0.87371266,DO_NOT_MAIL
D129431,0.7304995,DO_NOT_MAIL
D104282,0.67464757,DO_NOT_MAIL
D133190,0.0014282267,DO_NOT_MAIL
D125055,0.8447092,DO_NOT_MAIL
D125261,0.43296874,DO_NOT_MAIL
D134166,0.8881307,DO_NOT_MAIL
D125523,0.00016933307,DO_NOT_MAIL
D101023,0.3238702,DO_NOT_MAIL
D102813,0.96827155,MAIL
D122704,0.85991716,DO_NOT_MAIL
D109239,0.0002628363,DO_NOT_MAIL
D102984,0.9092488,DO_NOT_MAIL
D122071,0.86922854,DO_NOT_MAIL
D113387,0.81474036,DO_NOT_MAIL
D110632,0.80627024,DO_NOT_MAIL
D131287,0.009642373,DO_NOT_MAIL
D114329,0.9624114,MAIL
D116841,0.8555772,DO_NOT_MAIL
D132186,0.08267985,DO_NOT_MAIL
D137004,0.98002785,MAIL
D106803,0.90447336,DO_NOT_MAIL
D127109,0.8881307,DO_NOT_MAIL
D115136,0.01226533,DO_NOT_MAIL
D139937,0.054282375,DO_NOT_MAIL
D143986,0.022051279,DO_NOT_MAIL
D137089,0.21329959,DO_NOT_MAIL
D103782,0.718007,DO_NOT_MAIL
D122018,0.01929592,DO_NOT_MAIL
D115483,0.54785824,DO_NOT_MAIL
D114776,0.9748004,MAIL
D126203,0.8524022,DO_NOT_MAIL
D104908,0.28688198,DO_NOT_MAIL
D108302,0.8427521,DO_NOT_MAIL
D126316,0.86922854,DO_NOT_MAIL
D135849,0.9937372,MAIL
D139156,0.13540557,DO_NOT_MAIL
D120767,0.99300885,MAIL
D104241,0.37899306,DO_NOT_MAIL
D104740,0.13494982,DO_NOT_MAIL
D120347,0.9225519,DO_NOT_MAIL
D136105,9.2575225e-05,DO_NOT_MAIL
D102585,0.8638606,DO_NOT_MAIL
D112954,0.4589601,DO_NOT_MAIL
D130652,0.9418153,DO_NOT_MAIL
D140643,0.76304466,DO_NOT_MAIL
D101714,0.7480704,DO_NOT_MAIL
D115492,0.9176977,DO_NOT_MAIL
D134842,0.77132523,DO_NOT_MAIL
D105745,0.9365546,DO_NOT_MAIL
D141017,0.052730154,DO_NOT_MAIL
D112863,0.528885,DO_NOT_MAIL
D114126,0.02075599,DO_NOT_MAIL
D121063,0.94418365,DO_NOT_MAIL
D109962,0.6816522,DO_NOT_MAIL
D141513,0.97427374,MAIL
D123754,0.85991716,DO_NOT_MAIL
D102188,0.96707946,MAIL
D116781,0.9548616,MAIL
D130784,0.061957687,DO_NOT_MAIL
D100289,0.97720313,MAIL
D104549,0.8211532,DO_NOT_MAIL
D135764,0.093502976,DO_NOT_MAIL
D101200,0.5410151,DO_NOT_MAIL
D133045,0.9916916,MAIL
D106087,0.97373116,MAIL
D135650,0.45251527,DO_NOT_MAIL
D119802,0.96245515,MAIL
D135036,0.227697,DO_NOT_MAIL
D140077,0.43795252,DO_NOT_MAIL
D111685,0.92087764,DO_NOT_MAIL
D140386,0.004686442,DO_NOT_MAIL
D139597,0.5494254,DO_NOT_MAIL
D110659,0.9667681,MAIL
D142642,0.013724733,DO_NOT_MAIL
D110594,0.9302993,DO_NOT_MAIL
D104017,0.02171083,DO_NOT_MAIL
D125331,0.21958612,DO_NOT_MAIL
D103393,0.06709478,DO_NOT_MAIL
D141880,0.007966018,DO_NOT_MAIL
D122653,0.9779025,MAIL
D125635,0.8834172,DO_NOT_MAIL
D104109,0.9491667,DO_NOT_MAIL
D138074,0.001972993,DO_NOT_MAIL
D136018,0.97171783,MAIL
D139623,0.23699573,DO_NOT_MAIL
D139130,0.16047588,DO_NOT_MAIL
D144091,0.0259673,DO_NOT_MAIL
D132728,0.83709186,DO_NOT_MAIL
D102529,0.113728985,DO_NOT_MAIL
D136482,0.36463705,DO_NOT_MAIL
D124269,0.06744428,DO_NOT_MAIL
D136691,0.019540746,DO_NOT_MAIL
D113117,0.7304995,DO_NOT_MAIL
D144226,0.9959514,MAIL
D133690,0.9606411,MAIL
D107202,0.6545905,DO_NOT_MAIL
D140254,0.013635828,DO_NOT_MAIL
D129255,0.66958344,DO_NOT_MAIL
D104138,0.90302545,DO_NOT_MAIL
D100768,0.9720347,MAIL
D107709,0.00026205936,DO_NOT_MAIL
D127577,0.9669261,MAIL
D139087,0.031705294,DO_NOT_MAIL
D112064,0.96827155,MAIL
D129137,0.8032333,DO_NOT_MAIL
D144404,0.9716717,MAIL
D122365,0.43296874,DO_NOT_MAIL
D140778,0.00484874,DO_NOT_MAIL
D133084,0.37175465,DO_NOT_MAIL
D115303,0.9711374,MAIL
D102231,0.8346668,DO_NOT_MAIL
D141186,0.010990643,DO_NOT_MAIL
D132887,0.0058408272,DO_NOT_MAIL
D111712,0.8045909,DO_NOT_MAIL
D139831,0.0058631483,DO_NOT_MAIL
D124520,0.016666602,DO_NOT_MAIL
D122642,0.99161327,MAIL
D120017,0.092163414,DO_NOT_MAIL
D118057,0.92508227,DO_NOT_MAIL
D139582,0.039867338,DO_NOT_MAIL
D115958,0.80441886,DO_NOT_MAIL
D109610,0.47663742,DO_NOT_MAIL
D103864,0.9003407,DO_NOT_MAIL
D100862,0.77132523,DO_NOT_MAIL
D135921,0.80233544,DO_NOT_MAIL
D135416,0.02715922,DO_NOT_MAIL
D108116,0.0007886882,DO_NOT_MAIL
D115033,0.37099186,DO_NOT_MAIL
D128211,0.046250835,DO_NOT_MAIL
D104569,0.4371574,DO_NOT_MAIL
D106110,0.0036858125,DO_NOT_MAIL
D130798,0.7242272,DO_NOT_MAIL
D109435,0.09324309,DO_NOT_MAIL
D116895,0.8165528,DO_NOT_MAIL
D118497,0.831485,DO_NOT_MAIL
D131887,0.012759632,DO_NOT_MAIL
D109970,0.9302993,DO_NOT_MAIL
D115965,0.6646441,DO_NOT_MAIL
D121786,0.9347862,DO_NOT_MAIL
D112489,0.99034715,MAIL
D115665,0.9914744,MAIL
D112602,0.7304995,DO_NOT_MAIL
D125721,0.96890455,MAIL
D137668,0.7738617,DO_NOT_MAIL
D128764,0.0056621525,DO_NOT_MAIL
D121547,0.93618584,DO_NOT_MAIL
D124627,0.9314928,DO_NOT_MAIL
D119684,0.9770189,MAIL
D143126,0.9436568,DO_NOT_MAIL
D103924,0.9462837,DO_NOT_MAIL
D127195,0.89608073,DO_NOT_MAIL
D113210,0.92751646,DO_NOT_MAIL
D123010,0.86032593,DO_NOT_MAIL
D139094,0.02512302,DO_NOT_MAIL
D137427,0.528885,DO_NOT_MAIL
D110209,0.5399626,DO_NOT_MAIL
D143049,0.01978756,DO_NOT_MAIL
D128673,0.7819923,DO_NOT_MAIL
D127354,0.98014534,MAIL
D102426,0.43069735,DO_NOT_MAIL
D126918,0.99189115,MAIL
D112997,0.9396718,DO_NOT_MAIL
D131179,0.83830553,DO_NOT_MAIL
D103216,0.79660517,DO_NOT_MAIL
D134514,0.73969823,DO_NOT_MAIL
D126632,0.5617754,DO_NOT_MAIL
D139476,0.011777504,DO_NOT_MAIL
D118686,0.6690531,DO_NOT_MAIL
D127379,0.61011314,DO_NOT_MAIL
D125864,0.96921176,MAIL
D135585,0.04370994,DO_NOT_MAIL
D134325,0.97073114,MAIL
D122994,0.9212338,DO_NOT_MAIL
D125269,0.0047420007,DO_NOT_MAIL
D135152,0.93341386,DO_NOT_MAIL
D101535,0.5966067,DO_NOT_MAIL
D135325,0.9915011,MAIL
D129227,0.9257085,DO_NOT_MAIL
D136073,0.46160737,DO_NOT_MAIL
D100974,0.8987183,DO_NOT_MAIL
D141784,0.29164314,DO_NOT_MAIL
D143980,0.05397625,DO_NOT_MAIL
D138228,0.35615635,DO_NOT_MAIL
D136332,0.9588186,MAIL
D119265,0.19771944,DO_NOT_MAIL
D116423,0.97337025,MAIL
D109518,0.9685836,MAIL
D131935,0.010661867,DO_NOT_MAIL
D111548,0.9508744,DO_NOT_MAIL
D127628,0.9777964,MAIL
D100266,0.039313983,DO_NOT_MAIL
D138500,0.01921859,DO_NOT_MAIL
D115899,0.005784685,DO_NOT_MAIL
D107876,0.9788905,MAIL
D103597,0.049044814,DO_NOT_MAIL
D139945,0.0060950685,DO_NOT_MAIL
D109094,0.023914468,DO_NOT_MAIL
D131002,0.12179879,DO_NOT_MAIL
D122314,0.8165528,DO_NOT_MAIL
D142430,0.024003316,DO_NOT_MAIL
D108075,0.5943451,DO_NOT_MAIL
D115308,0.15810026,DO_NOT_MAIL
D124488,0.03453403,DO_NOT_MAIL
D102202,0.96707946,MAIL
D113435,0.0003510358,DO_NOT_MAIL
D121228,0.8619678,DO_NOT_MAIL
D127411,0.045536634,DO_NOT_MAIL
D144656,0.003127617,DO_NOT_MAIL
D132733,0.90179396,DO_NOT_MAIL
D107739,0.07383335,DO_NOT_MAIL
D100488,0.56445444,DO_NOT_MAIL
D110890,0.7392137,DO_NOT_MAIL
D109940,0.9623464,MAIL
D102221,0.33515188,DO_NOT_MAIL
D103804,0.47305262,DO_NOT_MAIL
D138647,0.92539036,DO_NOT_MAIL
D133366,0.62353516,DO_NOT_MAIL
D106097,0.8619678,DO_NOT_MAIL
D131841,0.9662585,MAIL
D122205,0.227697,DO_NOT_MAIL
D144483,0.8546097,DO_NOT_MAIL
D121903,0.973897,MAIL
D121802,0.5925024,DO_NOT_MAIL
D123464,0.6240543,DO_NOT_MAIL
D105545,0.96828955,MAIL
D107190,0.73969823,DO_NOT_MAIL
D137456,0.008021197,DO_NOT_MAIL
D104314,0.9882647,MAIL
D130308,0.9332782,DO_NOT_MAIL
D109735,0.8415551,DO_NOT_MAIL
D104550,0.77132523,DO_NOT_MAIL
D112510,0.9118403,DO_NOT_MAIL
D101186,0.9132189,DO_NOT_MAIL
D136876,0.8846277,DO_NOT_MAIL
D114842,0.86309826,DO_NOT_MAIL
D139978,0.010148953,DO_NOT_MAIL
D133200,0.977009,MAIL
D130086,0.9640741,MAIL
D107908,0.99101263,MAIL
D143790,0.13422087,DO_NOT_MAIL
D117504,0.6106876,DO_NOT_MAIL
D102157,0.96184963,MAIL
D125585,0.013833765,DO_NOT_MAIL
D138697,0.98277086,MAIL
D127939,0.99925345,MAIL
D107771,0.012944698,DO_NOT_MAIL
D127369,0.9684784,MAIL
D106517,0.04657885,DO_NOT_MAIL
D140568,0.754162,DO_NOT_MAIL
D102848,0.19406652,DO_NOT_MAIL
D143314,0.011614,DO_NOT_MAIL
D107033,0.99001616,MAIL
D120000,0.5925024,DO_NOT_MAIL
D128017,0.9548616,MAIL
D137603,0.8073583,DO_NOT_MAIL
D112419,0.49771902,DO_NOT_MAIL
D133686,0.9917148,MAIL
D100620,0.9912908,MAIL
D110918,0.97521484,MAIL
D137282,0.23379005,DO_NOT_MAIL
D105806,0.657778,DO_NOT_MAIL
D117304,0.92679274,DO_NOT_MAIL
D138855,0.006494903,DO_NOT_MAIL
D105752,0.96245515,MAIL
D131660,0.37595734,DO_NOT_MAIL
D104918,0.98778266,MAIL
D117599,0.6725385,DO_NOT_MAIL
D134859,0.8054332,DO_NOT_MAIL
D112558,0.56445444,DO_NOT_MAIL
D114831,0.0017600758,DO_NOT_MAIL
D133246,0.8892806,DO_NOT_MAIL
D130590,0.047662444,DO_NOT_MAIL
D123641,0.8447092,DO_NOT_MAIL
D120262,0.85608035,DO_NOT_MAIL
D135242,0.068294875,DO_NOT_MAIL
D109247,0.88612324,DO_NOT_MAIL
D106391,0.4427534,DO_NOT_MAIL
D109024,0.9777964,MAIL
D104429,0.9758908,MAIL
D143952,0.001366233,DO_NOT_MAIL
D130989,0.062823355,DO_NOT_MAIL
D106524,0.881872,DO_NOT_MAIL
D102678,0.47580022,DO_NOT_MAIL
D127163,0.2616738,DO_NOT_MAIL
D118856,0.9092488,DO_NOT_MAIL
D144607,0.85706615,DO_NOT_MAIL
D115264,0.83632654,DO_NOT_MAIL
D143174,0.076333605,DO_NOT_MAIL
D118138,0.6547513,DO_NOT_MAIL
D126416,0.93214107,DO_NOT_MAIL
D142855,0.9943506,MAIL
D138064,0.015493148,DO_NOT_MAIL
D115380,0.8073583,DO_NOT_MAIL
D123607,0.01621392,DO_NOT_MAIL
D109304,0.04831981,DO_NOT_MAIL
D106669,0.73255455,DO_NOT_MAIL
D130966,0.56299716,DO_NOT_MAIL
D130335,0.78161925,DO_NOT_MAIL
D102766,0.9656056,MAIL
D109955,0.03129059,DO_NOT_MAIL
D126864,0.017964477,DO_NOT_MAIL
D130686,0.0026840945,DO_NOT_MAIL
D131048,0.9554237,MAIL
D110022,0.031997398,DO_NOT_MAIL
D117443,0.9942363,MAIL
D124190,0.019628802,DO_NOT_MAIL
D138002,0.5278876,DO_NOT_MAIL
D139205,0.34092546,DO_NOT_MAIL
D115626,0.3817256,DO_NOT_MAIL
D117123,0.7236768,DO_NOT_MAIL
D103561,0.9491667,DO_NOT_MAIL
D142888,0.019115238,DO_NOT_MAIL
D133183,0.16757017,DO_NOT_MAIL
D120985,0.99243426,MAIL
D134573,0.9777964,MAIL
D141769,0.01674191,DO_NOT_MAIL
D103071,0.2394468,DO_NOT_MAIL
D108632,0.97521484,MAIL
D128264,0.8165528,DO_NOT_MAIL
D122758,0.9685836,MAIL
D108497,0.68927664,DO_NOT_MAIL
D130059,0.8611976,DO_NOT_MAIL
D107864,0.9450459,DO_NOT_MAIL
D108319,0.521565,DO_NOT_MAIL
D142245,0.99515104,MAIL
D114698,0.3127211,DO_NOT_MAIL
D124677,0.63094765,DO_NOT_MAIL
D121173,0.00048238647,DO_NOT_MAIL
D112123,0.98377293,MAIL
D103665,0.027723193,DO_NOT_MAIL
D137855,0.2407835,DO_NOT_MAIL
D133676,0.78250086,DO_NOT_MAIL
D100508,0.9358389,DO_NOT_MAIL
D142854,0.20886119,DO_NOT_MAIL
D122741,0.08557101,DO_NOT_MAIL
D134581,0.8054332,DO_NOT_MAIL
D135677,0.70989704,DO_NOT_MAIL
D103394,0.06199858,DO_NOT_MAIL
D110620,0.6725385,DO_NOT_MAIL
D115032,0.8638606,DO_NOT_MAIL
D138550,0.0047566397,DO_NOT_MAIL
D121156,0.82004774,DO_NOT_MAIL
D133033,0.08170977,DO_NOT_MAIL
D101976,0.81503797,DO_NOT_MAIL
D137258,0.49593538,DO_NOT_MAIL
D137811,0.11759465,DO_NOT_MAIL
D123116,0.82066286,DO_NOT_MAIL
D131913,0.969633,MAIL
D112146,0.9685836,MAIL
D127573,0.97908825,MAIL
D122020,0.0068582767,DO_NOT_MAIL
D107725,0.9681835,MAIL
D141941,0.1645578,DO_NOT_MAIL
D101846,0.04210064,DO_NOT_MAIL
D142914,0.05999497,DO_NOT_MAIL
D114640,0.11264001,DO_NOT_MAIL
D105449,0.5943451,DO_NOT_MAIL
D111117,6.0801736e-05,DO_NOT_MAIL
D134563,0.7304995,DO_NOT_MAIL
D137859,0.011049513,DO_NOT_MAIL
D124956,0.8545162,DO_NOT_MAIL
D135480,0.00081665016,DO_NOT_MAIL
D136925,0.26542234,DO_NOT_MAIL
D106232,0.027751794,DO_NOT_MAIL
D108324,0.87192446,DO_NOT_MAIL
D125231,0.55375403,DO_NOT_MAIL
D100577,0.8983231,DO_NOT_MAIL
D119502,0.77214473,DO_NOT_MAIL
D110395,0.99212754,MAIL
D135955,0.4349963,DO_NOT_MAIL
D103987,0.81474036,DO_NOT_MAIL
D137947,0.005751337,DO_NOT_MAIL
D122397,0.90379035,DO_NOT_MAIL
D131197,0.9714092,MAIL
D132163,0.04789532,DO_NOT_MAIL
D134765,0.9092488,DO_NOT_MAIL
D139691,0.3235298,DO_NOT_MAIL
D140752,0.025123985,DO_NOT_MAIL
D131949,0.023555156,DO_NOT_MAIL
D116747,0.77132523,DO_NOT_MAIL
D140852,0.0111132,DO_NOT_MAIL
D115655,0.93300116,DO_NOT_MAIL
D134553,0.6118895,DO_NOT_MAIL
D107226,0.97532654,MAIL
D119479,0.92517847,DO_NOT_MAIL
D109275,0.9656056,MAIL
D110573,0.13370979,DO_NOT_MAIL
D110182,0.92679274,DO_NOT_MAIL
D109989,0.5399626,DO_NOT_MAIL
D112029,0.0013072348,DO_NOT_MAIL
D110439,0.9302993,DO_NOT_MAIL
D102213,0.06924642,DO_NOT_MAIL
D137664,0.8217864,DO_NOT_MAIL
D104858,0.843054,DO_NOT_MAIL
D127103,0.5185636,DO_NOT_MAIL
D110154,0.010468093,DO_NOT_MAIL
D108658,0.10731995,DO_NOT_MAIL
D107972,0.27659342,DO_NOT_MAIL
D104962,0.5399626,DO_NOT_MAIL
D142795,0.9976042,MAIL
D142908,0.07658226,DO_NOT_MAIL
D131118,0.024525627,DO_NOT_MAIL
D132158,0.00581399,DO_NOT_MAIL
D114875,0.8073583,DO_NOT_MAIL
D137475,0.9865354,MAIL
D108611,0.8987183,DO_NOT_MAIL
D131420,0.5718768,DO_NOT_MAIL
D132255,0.6690531,DO_NOT_MAIL
D123440,0.9009107,DO_NOT_MAIL
D111424,0.9781587,MAIL
D112906,0.826957,DO_NOT_MAIL
D108267,0.27205735,DO_NOT_MAIL
D118901,0.9441003,DO_NOT_MAIL
D120466,0.9828783,MAIL
D135934,0.86443716,DO_NOT_MAIL
D140667,0.5893618,DO_NOT_MAIL
D117360,0.9006484,DO_NOT_MAIL
D142236,0.9616173,MAIL
D117892,0.8809452,DO_NOT_MAIL
D109577,0.95678014,MAIL
D104273,0.96626717,MAIL
D126794,0.9274354,DO_NOT_MAIL
D103620,0.65481377,DO_NOT_MAIL
D100569,0.9947642,MAIL
D128058,0.9415254,DO_NOT_MAIL
D116610,0.91619396,DO_NOT_MAIL
D106748,0.9820743,MAIL
D110642,0.9912908,MAIL
D130747,0.88778657,DO_NOT_MAIL
D130025,0.8611976,DO_NOT_MAIL
D114200,0.92848164,DO_NOT_MAIL
D105390,0.40978232,DO_NOT_MAIL
D107452,0.31804448,DO_NOT_MAIL
D137961,0.22537541,DO_NOT_MAIL
D141222,0.03375253,DO_NOT_MAIL
D139326,0.012188391,DO_NOT_MAIL
D137268,0.7819923,DO_NOT_MAIL
D122709,0.94837177,DO_NOT_MAIL
D112759,0.9588186,MAIL
D112869,0.9271437,DO_NOT_MAIL
D106616,0.843054,DO_NOT_MAIL
D122885,0.9701361,MAIL
D121928,0.0016493079,DO_NOT_MAIL
D126318,0.97138107,MAIL
D115652,0.68024796,DO_NOT_MAIL
D114625,0.8576082,DO_NOT_MAIL
D136824,0.013462777,DO_NOT_MAIL
D117102,0.969633,MAIL
D108993,0.9690147,MAIL
D115147,0.11755563,DO_NOT_MAIL
D104135,0.010500981,DO_NOT_MAIL
D135969,0.8077166,DO_NOT_MAIL
D117269,0.9881572,MAIL
D116446,0.8087358,DO_NOT_MAIL
D135219,0.07674017,DO_NOT_MAIL
D130305,0.45976382,DO_NOT_MAIL
D133368,0.5399626,DO_NOT_MAIL
D103922,0.0971514,DO_NOT_MAIL
D123167,0.48687914,DO_NOT_MAIL
D125158,0.9811509,MAIL
D132521,0.37881243,DO_NOT_MAIL
D125469,0.5707278,DO_NOT_MAIL
D131537,0.13241321,DO_NOT_MAIL
D125750,0.8054332,DO_NOT_MAIL
D121984,0.973722,MAIL
D122558,0.1157409,DO_NOT_MAIL
D115146,0.82066286,DO_NOT_MAIL
D103651,0.07134544,DO_NOT_MAIL
D105478,0.9843615,MAIL
D108147,0.9949838,MAIL
D142588,0.04187283,DO_NOT_MAIL
D126350,0.029430225,DO_NOT_MAIL
D111700,0.9869551,MAIL
D125483,0.9905811,MAIL
D119013,0.97152454,MAIL
D116269,0.7738617,DO_NOT_MAIL
D118687,0.93471134,DO_NOT_MAIL
D140265,0.46281168,DO_NOT_MAIL
D101198,0.2895508,DO_NOT_MAIL
D125711,0.02541824,DO_NOT_MAIL
D132227,0.041926578,DO_NOT_MAIL
D135227,0.013016127,DO_NOT_MAIL
D128768,0.94440866,DO_NOT_MAIL
D120783,0.64345294,DO_NOT_MAIL
D119930,0.76365095,DO_NOT_MAIL
D128866,0.9105622,DO_NOT_MAIL
D137071,0.8726598,DO_NOT_MAIL
D126174,0.96827155,MAIL
D143135,0.23061612,DO_NOT_MAIL
D136252,0.058662396,DO_NOT_MAIL
D131184,0.9769743,MAIL
D102112,0.609096,DO_NOT_MAIL
D138312,0.87339365,DO_NOT_MAIL
D120874,0.955618,MAIL
D114375,0.93300116,DO_NOT_MAIL
D133631,0.96004707,MAIL
D135534,0.7287747,DO_NOT_MAIL
D101222,0.9290283,DO_NOT_MAIL
D121733,0.8968021,DO_NOT_MAIL
D107286,0.9377958,DO_NOT_MAIL
D137914,0.06710723,DO_NOT_MAIL
D111786,0.881872,DO_NOT_MAIL
D100936,0.90447336,DO_NOT_MAIL
D104927,0.9362875,DO_NOT_MAIL
D113284,0.96004707,MAIL
D122363,0.22186153,DO_NOT_MAIL
D121280,0.958693,MAIL
D105753,0.9763776,MAIL
D107937,0.94440866,DO_NOT_MAIL
D131991,0.040067654,DO_NOT_MAIL
D139091,0.30423707,DO_NOT_MAIL
D112024,0.22687677,DO_NOT_MAIL
D132274,0.977738,MAIL
D125652,0.79437804,DO_NOT_MAIL
D128999,0.055713423,DO_NOT_MAIL
D116370,0.98580605,MAIL
D129662,0.8698155,DO_NOT_MAIL
D123551,0.97928065,MAIL
D102637,0.78161925,DO_NOT_MAIL
D105404,0.7480704,DO_NOT_MAIL
D100137,0.37099186,DO_NOT_MAIL
D105335,0.21440679,DO_NOT_MAIL
D113260,0.78538567,DO_NOT_MAIL
D141702,0.10813617,DO_NOT_MAIL
D109399,0.03744051,DO_NOT_MAIL
D124999,0.657778,DO_NOT_MAIL
D139520,0.029662412,DO_NOT_MAIL
D134213,0.0059408606,DO_NOT_MAIL
D119024,0.95227355,MAIL
D100400,0.78250086,DO_NOT_MAIL
D140683,0.99181235,MAIL
D120964,0.03907233,DO_NOT_MAIL
D144364,0.37847516,DO_NOT_MAIL
D122424,0.931015,DO_NOT_MAIL
D104590,0.122657254,DO_NOT_MAIL
D112350,0.008289913,DO_NOT_MAIL
D140660,0.9561321,MAIL
D123325,0.012628945,DO_NOT_MAIL
D124813,0.10454895,DO_NOT_MAIL
D129393,0.9294427,DO_NOT_MAIL
D108065,0.82066286,DO_NOT_MAIL
D119657,0.00019585801,DO_NOT_MAIL
D121919,0.96659976,MAIL
D138262,0.14933246,DO_NOT_MAIL
D125541,0.609096,DO_NOT_MAIL
D129389,0.98068994,MAIL
D131010,0.016336013,DO_NOT_MAIL
D104169,0.92150646,DO_NOT_MAIL
D111106,0.05034285,DO_NOT_MAIL
D125707,0.31027928,DO_NOT_MAIL
D114242,0.88723224,DO_NOT_MAIL
D141796,0.004462241,DO_NOT_MAIL
D105797,0.97373116,MAIL
D141446,0.07166508,DO_NOT_MAIL
D115891,0.9914744,MAIL
D117460,0.9788836,MAIL
D102210,0.00020672203,DO_NOT_MAIL
D138864,0.31868684,DO_NOT_MAIL
D112597,0.90179396,DO_NOT_MAIL
D114353,0.40061572,DO_NOT_MAIL
D134334,0.9615289,MAIL
D142129,0.17423457,DO_NOT_MAIL
D107414,0.9316296,DO_NOT_MAIL
D126101,0.31837726,DO_NOT_MAIL
D118679,0.9508744,DO_NOT_MAIL
D101032,0.006344234,DO_NOT_MAIL
D117910,0.63461775,DO_NOT_MAIL
D132771,0.0013338837,DO_NOT_MAIL
D102639,0.098035865,DO_NOT_MAIL
D117126,0.8536362,DO_NOT_MAIL
D116811,0.9334319,DO_NOT_MAIL
D142190,0.97693527,MAIL
D111810,0.016057404,DO_NOT_MAIL
D119035,0.9452905,DO_NOT_MAIL
D125224,0.92508227,DO_NOT_MAIL
D119702,0.8237206,DO_NOT_MAIL
D141042,0.030372899,DO_NOT_MAIL
D130079,0.31039268,DO_NOT_MAIL
D131640,0.9548616,MAIL
D143282,0.0777944,DO_NOT_MAIL
D143967,0.009594316,DO_NOT_MAIL
D121990,0.56299716,DO_NOT_MAIL
D129480,0.9615289,MAIL
D131515,0.20117003,DO_NOT_MAIL
D124031,0.97441304,MAIL
D134399,0.69809425,DO_NOT_MAIL
D137077,0.12505724,DO_NOT_MAIL
D113171,0.99087244,MAIL
D120998,0.8536362,DO_NOT_MAIL
D110748,0.7287747,DO_NOT_MAIL
D126004,0.8881307,DO_NOT_MAIL
D131618,0.29273427,DO_NOT_MAIL
D123492,0.9583937,MAIL
D122113,0.9278522,DO_NOT_MAIL
D106510,0.58490616,DO_NOT_MAIL
D141211,0.12046322,DO_NOT_MAIL
D100530,0.92517847,DO_NOT_MAIL
D132394,0.78688484,DO_NOT_MAIL
D107957,0.9347862,DO_NOT_MAIL
D137722,0.9720347,MAIL
D101398,0.9642926,MAIL
D110124,0.061297752,DO_NOT_MAIL
D138640,0.003620507,DO_NOT_MAIL
D107282,0.88879144,DO_NOT_MAIL
D101466,0.9372128,DO_NOT_MAIL
D123346,0.9623464,MAIL
D127869,0.7969786,DO_NOT_MAIL
D108211,0.91089255,DO_NOT_MAIL
D129070,0.9711856,MAIL
D129801,0.015042692,DO_NOT_MAIL
D118593,0.97171783,MAIL
D108448,0.029601501,DO_NOT_MAIL
D125113,0.0031366437,DO_NOT_MAIL
D100574,0.96551836,MAIL
D103844,0.982675,MAIL
D141443,0.7636597,DO_NOT_MAIL
D139781,0.24327154,DO_NOT_MAIL
D110033,0.97152454,MAIL
D124709,0.9711856,MAIL
D121485,0.06475749,DO_NOT_MAIL
D100031,0.013187541,DO_NOT_MAIL
D136797,0.97641057,MAIL
D128716,0.5617754,DO_NOT_MAIL
D139619,0.13728558,DO_NOT_MAIL
D108545,0.1367565,DO_NOT_MAIL
D140250,0.1252608,DO_NOT_MAIL
D137039,0.0064287027,DO_NOT_MAIL
D109133,0.00065550266,DO_NOT_MAIL
D138048,0.9876587,MAIL
D142837,0.103741065,DO_NOT_MAIL
D141134,0.5991825,DO_NOT_MAIL
D115079,0.22816849,DO_NOT_MAIL
D107812,0.80390793,DO_NOT_MAIL
D143887,0.1688254,DO_NOT_MAIL
D137237,0.9711374,MAIL
D139223,0.017868042,DO_NOT_MAIL
D105039,0.9006484,DO_NOT_MAIL
D102516,0.15920383,DO_NOT_MAIL
D143577,0.06284633,DO_NOT_MAIL
D113140,0.9818834,MAIL
D130247,0.9662585,MAIL
D115452,0.96470815,MAIL
D104961,0.07281751,DO_NOT_MAIL
D112141,0.9811509,MAIL
D142019,0.20830233,DO_NOT_MAIL
D112710,0.5943451,DO_NOT_MAIL
D135538,0.71599865,DO_NOT_MAIL
D122094,0.77132523,DO_NOT_MAIL
D127052,0.3662877,DO_NOT_MAIL
D105381,0.29273427,DO_NOT_MAIL
D112560,0.93471134,DO_NOT_MAIL
D144157,0.030438086,DO_NOT_MAIL
D136771,0.91089255,DO_NOT_MAIL
D121006,0.06109311,DO_NOT_MAIL
D142057,0.015570611,DO_NOT_MAIL
D103674,0.67464757,DO_NOT_MAIL
D127915,0.8538114,DO_NOT_MAIL
D115698,0.96828955,MAIL
D142677,0.47369534,DO_NOT_MAIL
D129797,0.00027838693,DO_NOT_MAIL
D110450,0.00025322154,DO_NOT_MAIL
D136165,0.008096441,DO_NOT_MAIL
D119189,0.006104403,DO_NOT_MAIL
D106205,2.3828856e-05,DO_NOT_MAIL
D111403,0.96626717,MAIL
D116384,0.87722886,DO_NOT_MAIL
D121851,0.8023649,DO_NOT_MAIL
D133392,0.4282496,DO_NOT_MAIL
D104047,0.78161925,DO_NOT_MAIL
D122871,0.86922854,DO_NOT_MAIL
D124124,0.90447336,DO_NOT_MAIL
D139216,0.035278406,DO_NOT_MAIL
D129863,0.82004774,DO_NOT_MAIL
D139335,0.12104373,DO_NOT_MAIL
D142086,0.06347554,DO_NOT_MAIL
D124360,0.02028768,DO_NOT_MAIL
D133797,0.9639058,MAIL
D118728,0.87722886,DO_NOT_MAIL
D109558,0.97271967,MAIL
D108274,0.8555243,DO_NOT_MAIL
D107981,0.96551836,MAIL
D142650,0.9499908,DO_NOT_MAIL
D121878,0.014525153,DO_NOT_MAIL
D114451,0.93474895,DO_NOT_MAIL
D141712,0.17599604,DO_NOT_MAIL
D142141,0.87902814,DO_NOT_MAIL
D109979,0.98510695,MAIL
D115287,0.5943451,DO_NOT_MAIL
D138314,0.012556509,DO_NOT_MAIL
D108438,0.9834034,MAIL
D126154,0.9349788,DO_NOT_MAIL
D121936,0.7969786,DO_NOT_MAIL
D105711,0.6545905,DO_NOT_MAIL
D133213,0.9669261,MAIL
D123718,0.7177682,DO_NOT_MAIL
D117069,0.56445444,DO_NOT_MAIL
D102965,0.0072006364,DO_NOT_MAIL
D123858,0.0023505287,DO_NOT_MAIL
D139463,0.2413978,DO_NOT_MAIL
D125268,0.3694536,DO_NOT_MAIL
D113823,0.7392137,DO_NOT_MAIL
D106911,0.93025255,DO_NOT_MAIL
D109462,0.8852851,DO_NOT_MAIL
D135055,0.8538114,DO_NOT_MAIL
D131888,0.92521757,DO_NOT_MAIL
D117846,0.5483816,DO_NOT_MAIL
D120973,0.9452333,DO_NOT_MAIL
D139865,0.9848395,MAIL
D143677,0.26852703,DO_NOT_MAIL
D138716,0.9848395,MAIL
D125905,0.9799463,MAIL
D142118,0.007431295,DO_NOT_MAIL
D139670,0.092711784,DO_NOT_MAIL
D119735,0.015265134,DO_NOT_MAIL
D114682,0.9358564,DO_NOT_MAIL
D120420,0.12410358,DO_NOT_MAIL
D125365,0.8595816,DO_NOT_MAIL
D134332,0.6725385,DO_NOT_MAIL
D107505,0.97928065,MAIL
D128135,0.97699124,MAIL
D112352,0.88255095,DO_NOT_MAIL
D134874,0.025375608,DO_NOT_MAIL
D124888,0.8537907,DO_NOT_MAIL
D110919,0.92521757,DO_NOT_MAIL
D107144,0.98287404,MAIL
D125927,0.8732268,DO_NOT_MAIL
D108224,0.041269932,DO_NOT_MAIL
D127856,0.96294856,MAIL
D142772,0.26484874,DO_NOT_MAIL
D121477,0.97877216,MAIL
D107278,0.9657949,MAIL
D137072,0.10424507,DO_NOT_MAIL
D109645,0.9441003,DO_NOT_MAIL
D119373,0.8757425,DO_NOT_MAIL
D102757,0.5331637,DO_NOT_MAIL
D113331,0.85991716,DO_NOT_MAIL
D100023,0.050767716,DO_NOT_MAIL
D141125,0.02465345,DO_NOT_MAIL
D102198,0.07412015,DO_NOT_MAIL
D114609,0.9274354,DO_NOT_MAIL
D140325,0.99710745,MAIL
D110404,0.7861124,DO_NOT_MAIL
D130051,0.95227355,MAIL
D143630,0.0005782959,DO_NOT_MAIL
D124410,0.9535937,MAIL
D122251,0.06212529,DO_NOT_MAIL
D123344,0.98946196,MAIL
D105106,0.092163414,DO_NOT_MAIL
D136643,0.72212017,DO_NOT_MAIL
D122181,0.92521757,DO_NOT_MAIL
D140922,0.9840443,MAIL
D124977,0.6469854,DO_NOT_MAIL
D127989,0.00065453997,DO_NOT_MAIL
D116701,0.2974266,DO_NOT_MAIL
D106243,0.38244665,DO_NOT_MAIL
D112949,0.9654538,MAIL
D107506,0.96827155,MAIL
D101378,0.718007,DO_NOT_MAIL
D112912,0.057157304,DO_NOT_MAIL
D134316,0.8659051,DO_NOT_MAIL
D105468,0.45286545,DO_NOT_MAIL
D126373,0.2120049,DO_NOT_MAIL
D119935,0.8642429,DO_NOT_MAIL
D133188,0.8595816,DO_NOT_MAIL
D122908,0.941746,DO_NOT_MAIL
D117405,0.004761638,DO_NOT_MAIL
D109105,0.8093756,DO_NOT_MAIL
D109980,0.94440866,DO_NOT_MAIL
D123065,0.9623464,MAIL
D129356,0.015255075,DO_NOT_MAIL
D100524,0.958693,MAIL
D117840,0.023457855,DO_NOT_MAIL
D131019,0.7969786,DO_NOT_MAIL
D142442,0.052746125,DO_NOT_MAIL
D140849,0.05167592,DO_NOT_MAIL
D122547,0.9908636,MAIL
D134699,0.030589813,DO_NOT_MAIL
D136893,0.3204623,DO_NOT_MAIL
D141223,0.07597054,DO_NOT_MAIL
D136038,0.29939446,DO_NOT_MAIL
D101228,0.0020161374,DO_NOT_MAIL
D124098,0.90302545,DO_NOT_MAIL
D126389,0.87722886,DO_NOT_MAIL
D125982,0.021693867,DO_NOT_MAIL
D142950,0.7710406,DO_NOT_MAIL
D144235,0.0012186621,DO_NOT_MAIL
D127936,0.018553223,DO_NOT_MAIL
D140740,0.2641137,DO_NOT_MAIL
D128321,0.14260855,DO_NOT_MAIL
D134019,0.23310672,DO_NOT_MAIL
D108100,0.80330753,DO_NOT_MAIL
D121069,0.024001328,DO_NOT_MAIL
D128823,0.82213485,DO_NOT_MAIL
D107207,0.600337,DO_NOT_MAIL
D136969,0.012565647,DO_NOT_MAIL
D138380,0.89608073,DO_NOT_MAIL
D128851,0.62060946,DO_NOT_MAIL
D106708,0.84869266,DO_NOT_MAIL
D116863,0.9615289,MAIL
D101682,0.06547249,DO_NOT_MAIL
D103931,0.70989704,DO_NOT_MAIL
D113102,0.0003358747,DO_NOT_MAIL
D110371,0.99230194,MAIL
D108899,0.9859474,MAIL
D118660,0.76219136,DO_NOT_MAIL
D123345,0.77132523,DO_NOT_MAIL
D134272,0.94245774,DO_NOT_MAIL
D133510,0.4606621,DO_NOT_MAIL
D130521,0.62047833,DO_NOT_MAIL
D139108,0.1562671,DO_NOT_MAIL
D110979,0.028523136,DO_NOT_MAIL
D140650,0.46596104,DO_NOT_MAIL
D130633,0.13267939,DO_NOT_MAIL
D129043,0.042276103,DO_NOT_MAIL
D129410,0.9782883,MAIL
D111169,0.9347862,DO_NOT_MAIL
D127974,0.97928065,MAIL
D135535,0.026828771,DO_NOT_MAIL
D140237,0.014904984,DO_NOT_MAIL
D123786,0.017431252,DO_NOT_MAIL
D136677,0.060670976,DO_NOT_MAIL
D112629,0.9132189,DO_NOT_MAIL
D134510,0.0847866,DO_NOT_MAIL
D100090,0.7056694,DO_NOT_MAIL
D125263,0.97699124,MAIL
D126056,0.00018132644,DO_NOT_MAIL
D114053,0.9009107,DO_NOT_MAIL
D143733,0.033345815,DO_NOT_MAIL
D142574,0.06946104,DO_NOT_MAIL
D129755,0.9658472,MAIL
D130946,0.96432096,MAIL
D140303,0.016157677,DO_NOT_MAIL
D141400,0.89233375,DO_NOT_MAIL
D112043,0.05960251,DO_NOT_MAIL
D118920,0.9377958,DO_NOT_MAIL
D135980,0.8968021,DO_NOT_MAIL
D137026,0.017326916,DO_NOT_MAIL
D105141,0.9658472,MAIL
D120754,0.6469854,DO_NOT_MAIL
D128181,0.992894,MAIL
D132991,0.967649,MAIL
D100483,0.7236768,DO_NOT_MAIL
D119018,0.99171,MAIL
D135433,0.42603922,DO_NOT_MAIL
D101353,0.8869641,DO_NOT_MAIL
D102640,0.8536362,DO_NOT_MAIL
D114186,0.96828955,MAIL
D135220,0.013552049,DO_NOT_MAIL
D120022,0.84686965,DO_NOT_MAIL
D127657,0.99396163,MAIL
D109078,0.91089255,DO_NOT_MAIL
D109560,0.9852136,MAIL
D115661,0.86922854,DO_NOT_MAIL
D122903,0.0634666,DO_NOT_MAIL
D101659,0.0012866969,DO_NOT_MAIL
D138987,0.018020563,DO_NOT_MAIL
D114100,0.88336307,DO_NOT_MAIL
D114346,0.98266983,MAIL
D100962,0.7304995,DO_NOT_MAIL
D143019,0.11109013,DO_NOT_MAIL
D101234,0.9937919,MAIL
D143437,0.00074345915,DO_NOT_MAIL
D142467,0.20617153,DO_NOT_MAIL
D106712,0.9519325,DO_NOT_MAIL
D118594,0.027019208,DO_NOT_MAIL
D124559,0.43585023,DO_NOT_MAIL
D115412,0.9629351,MAIL
D102498,0.005423272,DO_NOT_MAIL
D142960,0.03430544,DO_NOT_MAIL
D140346,0.26365677,DO_NOT_MAIL
D123250,0.036148656,DO_NOT_MAIL
D123295,0.9940221,MAIL
D133155,0.99292165,MAIL
D130007,0.843054,DO_NOT_MAIL
D122850,0.9581196,MAIL
D116345,0.9658472,MAIL
D119023,0.99187404,MAIL
D137303,0.84869266,DO_NOT_MAIL
D105368,0.9854085,MAIL
D140026,0.19097699,DO_NOT_MAIL
D115372,0.5251802,DO_NOT_MAIL
D133958,0.27240387,DO_NOT_MAIL
D112607,0.9657949,MAIL
D138363,0.8611976,DO_NOT_MAIL
D113308,0.3295774,DO_NOT_MAIL
D123697,0.96373117,MAIL
D114824,0.47305262,DO_NOT_MAIL
D122262,0.82409686,DO_NOT_MAIL
D138552,0.0027257537,DO_NOT_MAIL
D129531,0.83729506,DO_NOT_MAIL
D117279,0.8054332,DO_NOT_MAIL
D101848,0.9720426,MAIL
D103964,0.973722,MAIL
D142247,0.18954541,DO_NOT_MAIL
D123077,0.9770189,MAIL
D137150,0.7439374,DO_NOT_MAIL
D137917,0.8273845,DO_NOT_MAIL
D122992,0.99283326,MAIL
D132708,0.9685836,MAIL
D138424,0.13878633,DO_NOT_MAIL
D130299,0.92709506,DO_NOT_MAIL
D106913,0.14870036,DO_NOT_MAIL
D115163,0.5139931,DO_NOT_MAIL
D116030,0.982675,MAIL
D100779,0.9698342,MAIL
D131932,0.97877216,MAIL
D109006,0.92150646,DO_NOT_MAIL
D108037,0.96121466,MAIL
D138467,0.9490849,DO_NOT_MAIL
D102710,0.0071323714,DO_NOT_MAIL
D118499,0.9658472,MAIL
D103687,0.035325047,DO_NOT_MAIL
D125440,0.9257085,DO_NOT_MAIL
D123324,0.15371229,DO_NOT_MAIL
D133571,0.87599576,DO_NOT_MAIL
D121314,0.8291849,DO_NOT_MAIL
D132740,0.9654538,MAIL
D125313,0.98621076,MAIL
D135893,0.8077166,DO_NOT_MAIL
D108451,0.9588186,MAIL
D122745,0.97171783,MAIL
D113409,0.5932417,DO_NOT_MAIL
D107633,0.9913448,MAIL
D115564,0.93025255,DO_NOT_MAIL
D131706,0.82213485,DO_NOT_MAIL
D116881,0.7304995,DO_NOT_MAIL
D124526,0.01864366,DO_NOT_MAIL
D130000,0.010425562,DO_NOT_MAIL
D126506,0.9762113,MAIL
D108538,0.0025879573,DO_NOT_MAIL
D140115,0.13308477,DO_NOT_MAIL
D133336,0.85608035,DO_NOT_MAIL
D143772,0.00010615025,DO_NOT_MAIL
D106791,3.0395573e-05,DO_NOT_MAIL
D120906,0.11087026,DO_NOT_MAIL
D117050,0.90447336,DO_NOT_MAIL
D121071,0.93013823,DO_NOT_MAIL
D136667,0.43685997,DO_NOT_MAIL
D123507,0.86922854,DO_NOT_MAIL
D109826,0.36268032,DO_NOT_MAIL
D118821,0.9452333,DO_NOT_MAIL
D101332,0.6816522,DO_NOT_MAIL
D138900,0.9759586,MAIL
D116942,0.43585023,DO_NOT_MAIL
D119287,0.8834172,DO_NOT_MAIL
D107317,0.63208497,DO_NOT_MAIL
D143091,0.00020076417,DO_NOT_MAIL
D104809,0.047999717,DO_NOT_MAIL
D130665,0.015720537,DO_NOT_MAIL
D132907,0.824826,DO_NOT_MAIL
D100304,0.48687914,DO_NOT_MAIL
D135704,0.033824217,DO_NOT_MAIL
D141900,0.0037274414,DO_NOT_MAIL
D111467,0.9329747,DO_NOT_MAIL
D140817,0.022395402,DO_NOT_MAIL
D106316,0.8387632,DO_NOT_MAIL
D122388,0.8892806,DO_NOT_MAIL
D144047,0.7690513,DO_NOT_MAIL
D130815,0.6403538,DO_NOT_MAIL
D104667,0.8536362,DO_NOT_MAIL
D141401,0.7028929,DO_NOT_MAIL
D123442,0.88336307,DO_NOT_MAIL
D123362,0.92679274,DO_NOT_MAIL
D120914,0.9039037,DO_NOT_MAIL
D137273,0.01881736,DO_NOT_MAIL
D108735,0.9658242,MAIL
D114719,0.5943451,DO_NOT_MAIL
D134824,0.77132523,DO_NOT_MAIL
D143259,0.00066135416,DO_NOT_MAIL
D123936,0.110589124,DO_NOT_MAIL
D128576,0.8472271,DO_NOT_MAIL
